optimizer,generation,episode,candidate,fitness,loss,generation_best_fitness,generation_mean_fitness,generation_std_fitness,best_so_far_fitness,sigma
cmaes,0,1,0,1.5728879651663092,-1.5728879651663092,1.7594957019803,1.5904393768860874,0.05081153439160093,1.7594957019803,0.46998621410988317
cmaes,0,2,1,1.5750485857421501,-1.5750485857421501,1.7594957019803,1.5904393768860874,0.05081153439160093,1.7594957019803,0.46998621410988317
cmaes,0,3,2,1.5751496849154663,-1.5751496849154663,1.7594957019803,1.5904393768860874,0.05081153439160093,1.7594957019803,0.46998621410988317
cmaes,0,4,3,1.578304906070403,-1.578304906070403,1.7594957019803,1.5904393768860874,0.05081153439160093,1.7594957019803,0.46998621410988317
cmaes,0,5,4,1.5693166740436908,-1.5693166740436908,1.7594957019803,1.5904393768860874,0.05081153439160093,1.7594957019803,0.46998621410988317
cmaes,0,6,5,1.5694758404925813,-1.5694758404925813,1.7594957019803,1.5904393768860874,0.05081153439160093,1.7594957019803,0.46998621410988317
cmaes,0,7,6,1.5728150372131693,-1.5728150372131693,1.7594957019803,1.5904393768860874,0.05081153439160093,1.7594957019803,0.46998621410988317
cmaes,0,8,7,1.6226860010981738,-1.6226860010981738,1.7594957019803,1.5904393768860874,0.05081153439160093,1.7594957019803,0.46998621410988317
cmaes,0,9,8,1.572353205578357,-1.572353205578357,1.7594957019803,1.5904393768860874,0.05081153439160093,1.7594957019803,0.46998621410988317
cmaes,0,10,9,1.574408937042289,-1.574408937042289,1.7594957019803,1.5904393768860874,0.05081153439160093,1.7594957019803,0.46998621410988317
cmaes,0,11,10,1.5748763663798302,-1.5748763663798302,1.7594957019803,1.5904393768860874,0.05081153439160093,1.7594957019803,0.46998621410988317
cmaes,0,12,11,1.7594957019803,-1.7594957019803,1.7594957019803,1.5904393768860874,0.05081153439160093,1.7594957019803,0.46998621410988317
cmaes,0,13,12,1.5588929937964173,-1.5588929937964173,1.7594957019803,1.5904393768860874,0.05081153439160093,1.7594957019803,0.46998621410988317
cmaes,1,14,0,1.5542526318698995,-1.5542526318698995,1.5864794298799385,1.5590074792718407,0.03471773091278849,1.7594957019803,0.45133496629508985
cmaes,1,15,1,1.5694154429009914,-1.5694154429009914,1.5864794298799385,1.5590074792718407,0.03471773091278849,1.7594957019803,0.45133496629508985
cmaes,1,16,2,1.550559423838881,-1.550559423838881,1.5864794298799385,1.5590074792718407,0.03471773091278849,1.7594957019803,0.45133496629508985
cmaes,1,17,3,1.570647794361815,-1.570647794361815,1.5864794298799385,1.5590074792718407,0.03471773091278849,1.7594957019803,0.45133496629508985
cmaes,1,18,4,1.5822557702916535,-1.5822557702916535,1.5864794298799385,1.5590074792718407,0.03471773091278849,1.7594957019803,0.45133496629508985
cmaes,1,19,5,1.5864794298799385,-1.5864794298799385,1.5864794298799385,1.5590074792718407,0.03471773091278849,1.7594957019803,0.45133496629508985
cmaes,1,20,6,1.556507379803336,-1.556507379803336,1.5864794298799385,1.5590074792718407,0.03471773091278849,1.7594957019803,0.45133496629508985
cmaes,1,21,7,1.4461586273058986,-1.4461586273058986,1.5864794298799385,1.5590074792718407,0.03471773091278849,1.7594957019803,0.45133496629508985
cmaes,1,22,8,1.5746066602144615,-1.5746066602144615,1.5864794298799385,1.5590074792718407,0.03471773091278849,1.7594957019803,0.45133496629508985
cmaes,1,23,9,1.5686025392995961,-1.5686025392995961,1.5864794298799385,1.5590074792718407,0.03471773091278849,1.7594957019803,0.45133496629508985
cmaes,1,24,10,1.5767004331369892,-1.5767004331369892,1.5864794298799385,1.5590074792718407,0.03471773091278849,1.7594957019803,0.45133496629508985
cmaes,1,25,11,1.5822405067494876,-1.5822405067494876,1.5864794298799385,1.5590074792718407,0.03471773091278849,1.7594957019803,0.45133496629508985
cmaes,1,26,12,1.5486705908809792,-1.5486705908809792,1.5864794298799385,1.5590074792718407,0.03471773091278849,1.7594957019803,0.45133496629508985
cmaes,2,27,0,1.5491302130603937,-1.5491302130603937,1.6207251501941164,1.573753138750959,0.02145160483862795,1.7594957019803,0.4293969779753527
cmaes,2,28,1,1.5807877838509017,-1.5807877838509017,1.6207251501941164,1.573753138750959,0.02145160483862795,1.7594957019803,0.4293969779753527
cmaes,2,29,2,1.5633992306796312,-1.5633992306796312,1.6207251501941164,1.573753138750959,0.02145160483862795,1.7594957019803,0.4293969779753527
cmaes,2,30,3,1.5727407557014603,-1.5727407557014603,1.6207251501941164,1.573753138750959,0.02145160483862795,1.7594957019803,0.4293969779753527
cmaes,2,31,4,1.5599681551416695,-1.5599681551416695,1.6207251501941164,1.573753138750959,0.02145160483862795,1.7594957019803,0.4293969779753527
cmaes,2,32,5,1.5609379085239823,-1.5609379085239823,1.6207251501941164,1.573753138750959,0.02145160483862795,1.7594957019803,0.4293969779753527
cmaes,2,33,6,1.6207251501941164,-1.6207251501941164,1.6207251501941164,1.573753138750959,0.02145160483862795,1.7594957019803,0.4293969779753527
cmaes,2,34,7,1.6063040760351204,-1.6063040760351204,1.6207251501941164,1.573753138750959,0.02145160483862795,1.7594957019803,0.4293969779753527
cmaes,2,35,8,1.5721567745050709,-1.5721567745050709,1.6207251501941164,1.573753138750959,0.02145160483862795,1.7594957019803,0.4293969779753527
cmaes,2,36,9,1.5522984691867852,-1.5522984691867852,1.6207251501941164,1.573753138750959,0.02145160483862795,1.7594957019803,0.4293969779753527
cmaes,2,37,10,1.596587077483327,-1.596587077483327,1.6207251501941164,1.573753138750959,0.02145160483862795,1.7594957019803,0.4293969779753527
cmaes,2,38,11,1.5747566311003283,-1.5747566311003283,1.6207251501941164,1.573753138750959,0.02145160483862795,1.7594957019803,0.4293969779753527
cmaes,2,39,12,1.5489985782996767,-1.5489985782996767,1.6207251501941164,1.573753138750959,0.02145160483862795,1.7594957019803,0.4293969779753527
cmaes,3,40,0,1.5240972072664667,-1.5240972072664667,1.646393457021983,1.570718197313064,0.03099440782465663,1.7594957019803,0.41897754493230255
cmaes,3,41,1,1.545865476846363,-1.545865476846363,1.646393457021983,1.570718197313064,0.03099440782465663,1.7594957019803,0.41897754493230255
cmaes,3,42,2,1.589557698626687,-1.589557698626687,1.646393457021983,1.570718197313064,0.03099440782465663,1.7594957019803,0.41897754493230255
cmaes,3,43,3,1.646393457021983,-1.646393457021983,1.646393457021983,1.570718197313064,0.03099440782465663,1.7594957019803,0.41897754493230255
cmaes,3,44,4,1.5699286155312846,-1.5699286155312846,1.646393457021983,1.570718197313064,0.03099440782465663,1.7594957019803,0.41897754493230255
cmaes,3,45,5,1.6089070028841952,-1.6089070028841952,1.646393457021983,1.570718197313064,0.03099440782465663,1.7594957019803,0.41897754493230255
cmaes,3,46,6,1.5558290219595736,-1.5558290219595736,1.646393457021983,1.570718197313064,0.03099440782465663,1.7594957019803,0.41897754493230255
cmaes,3,47,7,1.591423769852293,-1.591423769852293,1.646393457021983,1.570718197313064,0.03099440782465663,1.7594957019803,0.41897754493230255
cmaes,3,48,8,1.5620572360423168,-1.5620572360423168,1.646393457021983,1.570718197313064,0.03099440782465663,1.7594957019803,0.41897754493230255
cmaes,3,49,9,1.5378541678448217,-1.5378541678448217,1.646393457021983,1.570718197313064,0.03099440782465663,1.7594957019803,0.41897754493230255
cmaes,3,50,10,1.5714888193686156,-1.5714888193686156,1.646393457021983,1.570718197313064,0.03099440782465663,1.7594957019803,0.41897754493230255
cmaes,3,51,11,1.5615304776336982,-1.5615304776336982,1.646393457021983,1.570718197313064,0.03099440782465663,1.7594957019803,0.41897754493230255
cmaes,3,52,12,1.554403614191528,-1.554403614191528,1.646393457021983,1.570718197313064,0.03099440782465663,1.7594957019803,0.41897754493230255
cmaes,4,53,0,1.7564014671306631,-1.7564014671306631,1.7582712523002344,1.6052818503384516,0.07607183854138116,1.7594957019803,0.41046744201249014
cmaes,4,54,1,1.5777055981613157,-1.5777055981613157,1.7582712523002344,1.6052818503384516,0.07607183854138116,1.7594957019803,0.41046744201249014
cmaes,4,55,2,1.5503896289582877,-1.5503896289582877,1.7582712523002344,1.6052818503384516,0.07607183854138116,1.7594957019803,0.41046744201249014
cmaes,4,56,3,1.7582712523002344,-1.7582712523002344,1.7582712523002344,1.6052818503384516,0.07607183854138116,1.7594957019803,0.41046744201249014
cmaes,4,57,4,1.5412592640966032,-1.5412592640966032,1.7582712523002344,1.6052818503384516,0.07607183854138116,1.7594957019803,0.41046744201249014
cmaes,4,58,5,1.5489749423775003,-1.5489749423775003,1.7582712523002344,1.6052818503384516,0.07607183854138116,1.7594957019803,0.41046744201249014
cmaes,4,59,6,1.5769646568393414,-1.5769646568393414,1.7582712523002344,1.6052818503384516,0.07607183854138116,1.7594957019803,0.41046744201249014
cmaes,4,60,7,1.5582057840582741,-1.5582057840582741,1.7582712523002344,1.6052818503384516,0.07607183854138116,1.7594957019803,0.41046744201249014
cmaes,4,61,8,1.5200369769841702,-1.5200369769841702,1.7582712523002344,1.6052818503384516,0.07607183854138116,1.7594957019803,0.41046744201249014
cmaes,4,62,9,1.6102776057500194,-1.6102776057500194,1.7582712523002344,1.6052818503384516,0.07607183854138116,1.7594957019803,0.41046744201249014
cmaes,4,63,10,1.6126822407992347,-1.6126822407992347,1.7582712523002344,1.6052818503384516,0.07607183854138116,1.7594957019803,0.41046744201249014
cmaes,4,64,11,1.5718330336546456,-1.5718330336546456,1.7582712523002344,1.6052818503384516,0.07607183854138116,1.7594957019803,0.41046744201249014
cmaes,4,65,12,1.6856616032895808,-1.6856616032895808,1.7582712523002344,1.6052818503384516,0.07607183854138116,1.7594957019803,0.41046744201249014
cmaes,5,66,0,1.7199270964900393,-1.7199270964900393,1.8065458521775415,1.6111529353703617,0.0977234932558154,1.8065458521775415,0.4130757781941528
cmaes,5,67,1,1.5749005732921935,-1.5749005732921935,1.8065458521775415,1.6111529353703617,0.0977234932558154,1.8065458521775415,0.4130757781941528
cmaes,5,68,2,1.8050318757299508,-1.8050318757299508,1.8065458521775415,1.6111529353703617,0.0977234932558154,1.8065458521775415,0.4130757781941528
cmaes,5,69,3,1.5476237056605033,-1.5476237056605033,1.8065458521775415,1.6111529353703617,0.0977234932558154,1.8065458521775415,0.4130757781941528
cmaes,5,70,4,1.5625396690630835,-1.5625396690630835,1.8065458521775415,1.6111529353703617,0.0977234932558154,1.8065458521775415,0.4130757781941528
cmaes,5,71,5,1.4740697347760068,-1.4740697347760068,1.8065458521775415,1.6111529353703617,0.0977234932558154,1.8065458521775415,0.4130757781941528
cmaes,5,72,6,1.6028608904398949,-1.6028608904398949,1.8065458521775415,1.6111529353703617,0.0977234932558154,1.8065458521775415,0.4130757781941528
cmaes,5,73,7,1.5430336313589177,-1.5430336313589177,1.8065458521775415,1.6111529353703617,0.0977234932558154,1.8065458521775415,0.4130757781941528
cmaes,5,74,8,1.596085792166144,-1.596085792166144,1.8065458521775415,1.6111529353703617,0.0977234932558154,1.8065458521775415,0.4130757781941528
cmaes,5,75,9,1.5593223103312885,-1.5593223103312885,1.8065458521775415,1.6111529353703617,0.0977234932558154,1.8065458521775415,0.4130757781941528
cmaes,5,76,10,1.5731229905024928,-1.5731229905024928,1.8065458521775415,1.6111529353703617,0.0977234932558154,1.8065458521775415,0.4130757781941528
cmaes,5,77,11,1.5799240378266441,-1.5799240378266441,1.8065458521775415,1.6111529353703617,0.0977234932558154,1.8065458521775415,0.4130757781941528
cmaes,5,78,12,1.8065458521775415,-1.8065458521775415,1.8065458521775415,1.6111529353703617,0.0977234932558154,1.8065458521775415,0.4130757781941528
cmaes,6,79,0,1.644414556303841,-1.644414556303841,1.879750992821481,1.6316519523649984,0.0919927011384883,1.879750992821481,0.41629034838757767
cmaes,6,80,1,1.713498711967362,-1.713498711967362,1.879750992821481,1.6316519523649984,0.0919927011384883,1.879750992821481,0.41629034838757767
cmaes,6,81,2,1.560629522973431,-1.560629522973431,1.879750992821481,1.6316519523649984,0.0919927011384883,1.879750992821481,0.41629034838757767
cmaes,6,82,3,1.6316348879762776,-1.6316348879762776,1.879750992821481,1.6316519523649984,0.0919927011384883,1.879750992821481,0.41629034838757767
cmaes,6,83,4,1.6467477365004854,-1.6467477365004854,1.879750992821481,1.6316519523649984,0.0919927011384883,1.879750992821481,0.41629034838757767
cmaes,6,84,5,1.7118000874392645,-1.7118000874392645,1.879750992821481,1.6316519523649984,0.0919927011384883,1.879750992821481,0.41629034838757767
cmaes,6,85,6,1.879750992821481,-1.879750992821481,1.879750992821481,1.6316519523649984,0.0919927011384883,1.879750992821481,0.41629034838757767
cmaes,6,86,7,1.624549266695749,-1.624549266695749,1.879750992821481,1.6316519523649984,0.0919927011384883,1.879750992821481,0.41629034838757767
cmaes,6,87,8,1.599731664086171,-1.599731664086171,1.879750992821481,1.6316519523649984,0.0919927011384883,1.879750992821481,0.41629034838757767
cmaes,6,88,9,1.5637698562464324,-1.5637698562464324,1.879750992821481,1.6316519523649984,0.0919927011384883,1.879750992821481,0.41629034838757767
cmaes,6,89,10,1.5537452495625665,-1.5537452495625665,1.879750992821481,1.6316519523649984,0.0919927011384883,1.879750992821481,0.41629034838757767
cmaes,6,90,11,1.5125242435031352,-1.5125242435031352,1.879750992821481,1.6316519523649984,0.0919927011384883,1.879750992821481,0.41629034838757767
cmaes,6,91,12,1.5686786046687786,-1.5686786046687786,1.879750992821481,1.6316519523649984,0.0919927011384883,1.879750992821481,0.41629034838757767
cmaes,7,92,0,1.72793960502356,-1.72793960502356,2.2891854469663384,1.6783994671989455,0.21322083659729937,2.2891854469663384,0.42077787948120915
cmaes,7,93,1,1.955671062555783,-1.955671062555783,2.2891854469663384,1.6783994671989455,0.21322083659729937,2.2891854469663384,0.42077787948120915
cmaes,7,94,2,1.608277302508289,-1.608277302508289,2.2891854469663384,1.6783994671989455,0.21322083659729937,2.2891854469663384,0.42077787948120915
cmaes,7,95,3,1.5712100226244567,-1.5712100226244567,2.2891854469663384,1.6783994671989455,0.21322083659729937,2.2891854469663384,0.42077787948120915
cmaes,7,96,4,1.571299073467666,-1.571299073467666,2.2891854469663384,1.6783994671989455,0.21322083659729937,2.2891854469663384,0.42077787948120915
cmaes,7,97,5,1.7332533640103798,-1.7332533640103798,2.2891854469663384,1.6783994671989455,0.21322083659729937,2.2891854469663384,0.42077787948120915
cmaes,7,98,6,1.657745140170854,-1.657745140170854,2.2891854469663384,1.6783994671989455,0.21322083659729937,2.2891854469663384,0.42077787948120915
cmaes,7,99,7,1.5637309985785142,-1.5637309985785142,2.2891854469663384,1.6783994671989455,0.21322083659729937,2.2891854469663384,0.42077787948120915
cmaes,7,100,8,1.536277896359645,-1.536277896359645,2.2891854469663384,1.6783994671989455,0.21322083659729937,2.2891854469663384,0.42077787948120915
cmaes,7,101,9,1.6218888408597518,-1.6218888408597518,2.2891854469663384,1.6783994671989455,0.21322083659729937,2.2891854469663384,0.42077787948120915
cmaes,7,102,10,2.2891854469663384,-2.2891854469663384,2.2891854469663384,1.6783994671989455,0.21322083659729937,2.2891854469663384,0.42077787948120915
cmaes,7,103,11,1.511408493111634,-1.511408493111634,2.2891854469663384,1.6783994671989455,0.21322083659729937,2.2891854469663384,0.42077787948120915
cmaes,7,104,12,1.4713058273494166,-1.4713058273494166,2.2891854469663384,1.6783994671989455,0.21322083659729937,2.2891854469663384,0.42077787948120915
cmaes,8,105,0,1.7061264939348422,-1.7061264939348422,2.1806726959340463,1.7311447652323992,0.20944896997681015,2.2891854469663384,0.43726844872310805
cmaes,8,106,1,1.991041208206488,-1.991041208206488,2.1806726959340463,1.7311447652323992,0.20944896997681015,2.2891854469663384,0.43726844872310805
cmaes,8,107,2,1.584023535998293,-1.584023535998293,2.1806726959340463,1.7311447652323992,0.20944896997681015,2.2891854469663384,0.43726844872310805
cmaes,8,108,3,1.5863188765831697,-1.5863188765831697,2.1806726959340463,1.7311447652323992,0.20944896997681015,2.2891854469663384,0.43726844872310805
cmaes,8,109,4,2.1806726959340463,-2.1806726959340463,2.1806726959340463,1.7311447652323992,0.20944896997681015,2.2891854469663384,0.43726844872310805
cmaes,8,110,5,1.540939058367985,-1.540939058367985,2.1806726959340463,1.7311447652323992,0.20944896997681015,2.2891854469663384,0.43726844872310805
cmaes,8,111,6,1.566098999039605,-1.566098999039605,2.1806726959340463,1.7311447652323992,0.20944896997681015,2.2891854469663384,0.43726844872310805
cmaes,8,112,7,2.004513478342139,-2.004513478342139,2.1806726959340463,1.7311447652323992,0.20944896997681015,2.2891854469663384,0.43726844872310805
cmaes,8,113,8,1.8565681114814827,-1.8565681114814827,2.1806726959340463,1.7311447652323992,0.20944896997681015,2.2891854469663384,0.43726844872310805
cmaes,8,114,9,1.8209990031298238,-1.8209990031298238,2.1806726959340463,1.7311447652323992,0.20944896997681015,2.2891854469663384,0.43726844872310805
cmaes,8,115,10,1.5138210515815647,-1.5138210515815647,2.1806726959340463,1.7311447652323992,0.20944896997681015,2.2891854469663384,0.43726844872310805
cmaes,8,116,11,1.594909116502887,-1.594909116502887,2.1806726959340463,1.7311447652323992,0.20944896997681015,2.2891854469663384,0.43726844872310805
cmaes,8,117,12,1.5588503189188612,-1.5588503189188612,2.1806726959340463,1.7311447652323992,0.20944896997681015,2.2891854469663384,0.43726844872310805
cmaes,9,118,0,2.068028021527611,-2.068028021527611,2.068028021527611,1.7211029316233413,0.19107769334897784,2.2891854469663384,0.46191125091952984
cmaes,9,119,1,1.5436070247306857,-1.5436070247306857,2.068028021527611,1.7211029316233413,0.19107769334897784,2.2891854469663384,0.46191125091952984
cmaes,9,120,2,1.7913730023029955,-1.7913730023029955,2.068028021527611,1.7211029316233413,0.19107769334897784,2.2891854469663384,0.46191125091952984
cmaes,9,121,3,1.9348875936954026,-1.9348875936954026,2.068028021527611,1.7211029316233413,0.19107769334897784,2.2891854469663384,0.46191125091952984
cmaes,9,122,4,1.6070483168823269,-1.6070483168823269,2.068028021527611,1.7211029316233413,0.19107769334897784,2.2891854469663384,0.46191125091952984
cmaes,9,123,5,1.6065323136936471,-1.6065323136936471,2.068028021527611,1.7211029316233413,0.19107769334897784,2.2891854469663384,0.46191125091952984
cmaes,9,124,6,1.5336960058077758,-1.5336960058077758,2.068028021527611,1.7211029316233413,0.19107769334897784,2.2891854469663384,0.46191125091952984
cmaes,9,125,7,1.5952755728633585,-1.5952755728633585,2.068028021527611,1.7211029316233413,0.19107769334897784,2.2891854469663384,0.46191125091952984
cmaes,9,126,8,1.5599316703888206,-1.5599316703888206,2.068028021527611,1.7211029316233413,0.19107769334897784,2.2891854469663384,0.46191125091952984
cmaes,9,127,9,1.4475034542440839,-1.4475034542440839,2.068028021527611,1.7211029316233413,0.19107769334897784,2.2891854469663384,0.46191125091952984
cmaes,9,128,10,1.931572363740856,-1.931572363740856,2.068028021527611,1.7211029316233413,0.19107769334897784,2.2891854469663384,0.46191125091952984
cmaes,9,129,11,1.900166995534987,-1.900166995534987,2.068028021527611,1.7211029316233413,0.19107769334897784,2.2891854469663384,0.46191125091952984
cmaes,9,130,12,1.8547157756908856,-1.8547157756908856,2.068028021527611,1.7211029316233413,0.19107769334897784,2.2891854469663384,0.46191125091952984
cmaes,10,131,0,1.7466362266936415,-1.7466362266936415,1.9025230593650444,1.662246974637002,0.13202037847634643,2.2891854469663384,0.47865024289709907
cmaes,10,132,1,1.5846492859017074,-1.5846492859017074,1.9025230593650444,1.662246974637002,0.13202037847634643,2.2891854469663384,0.47865024289709907
cmaes,10,133,2,1.9025230593650444,-1.9025230593650444,1.9025230593650444,1.662246974637002,0.13202037847634643,2.2891854469663384,0.47865024289709907
cmaes,10,134,3,1.578216967904224,-1.578216967904224,1.9025230593650444,1.662246974637002,0.13202037847634643,2.2891854469663384,0.47865024289709907
cmaes,10,135,4,1.477667969985135,-1.477667969985135,1.9025230593650444,1.662246974637002,0.13202037847634643,2.2891854469663384,0.47865024289709907
cmaes,10,136,5,1.8764497989466182,-1.8764497989466182,1.9025230593650444,1.662246974637002,0.13202037847634643,2.2891854469663384,0.47865024289709907
cmaes,10,137,6,1.570922819196758,-1.570922819196758,1.9025230593650444,1.662246974637002,0.13202037847634643,2.2891854469663384,0.47865024289709907
cmaes,10,138,7,1.602370938482266,-1.602370938482266,1.9025230593650444,1.662246974637002,0.13202037847634643,2.2891854469663384,0.47865024289709907
cmaes,10,139,8,1.577615156734657,-1.577615156734657,1.9025230593650444,1.662246974637002,0.13202037847634643,2.2891854469663384,0.47865024289709907
cmaes,10,140,9,1.8257948551620848,-1.8257948551620848,1.9025230593650444,1.662246974637002,0.13202037847634643,2.2891854469663384,0.47865024289709907
cmaes,10,141,10,1.5318434263263538,-1.5318434263263538,1.9025230593650444,1.662246974637002,0.13202037847634643,2.2891854469663384,0.47865024289709907
cmaes,10,142,11,1.7211212772107842,-1.7211212772107842,1.9025230593650444,1.662246974637002,0.13202037847634643,2.2891854469663384,0.47865024289709907
cmaes,10,143,12,1.6133988883717518,-1.6133988883717518,1.9025230593650444,1.662246974637002,0.13202037847634643,2.2891854469663384,0.47865024289709907
cmaes,11,144,0,1.53753172468845,-1.53753172468845,2.3214767693563814,1.6702399025523735,0.2139461894158753,2.3214767693563814,0.49301792653069676
cmaes,11,145,1,1.5165021761680284,-1.5165021761680284,2.3214767693563814,1.6702399025523735,0.2139461894158753,2.3214767693563814,0.49301792653069676
cmaes,11,146,2,1.5727579840093102,-1.5727579840093102,2.3214767693563814,1.6702399025523735,0.2139461894158753,2.3214767693563814,0.49301792653069676
cmaes,11,147,3,1.5963728577066472,-1.5963728577066472,2.3214767693563814,1.6702399025523735,0.2139461894158753,2.3214767693563814,0.49301792653069676
cmaes,11,148,4,1.5551337719876692,-1.5551337719876692,2.3214767693563814,1.6702399025523735,0.2139461894158753,2.3214767693563814,0.49301792653069676
cmaes,11,149,5,1.6408134329574189,-1.6408134329574189,2.3214767693563814,1.6702399025523735,0.2139461894158753,2.3214767693563814,0.49301792653069676
cmaes,11,150,6,1.6253579687051927,-1.6253579687051927,2.3214767693563814,1.6702399025523735,0.2139461894158753,2.3214767693563814,0.49301792653069676
cmaes,11,151,7,1.7523602095640332,-1.7523602095640332,2.3214767693563814,1.6702399025523735,0.2139461894158753,2.3214767693563814,0.49301792653069676
cmaes,11,152,8,1.8867879059283255,-1.8867879059283255,2.3214767693563814,1.6702399025523735,0.2139461894158753,2.3214767693563814,0.49301792653069676
cmaes,11,153,9,1.6628430494529083,-1.6628430494529083,2.3214767693563814,1.6702399025523735,0.2139461894158753,2.3214767693563814,0.49301792653069676
cmaes,11,154,10,2.3214767693563814,-2.3214767693563814,2.3214767693563814,1.6702399025523735,0.2139461894158753,2.3214767693563814,0.49301792653069676
cmaes,11,155,11,1.4969836462584023,-1.4969836462584023,2.3214767693563814,1.6702399025523735,0.2139461894158753,2.3214767693563814,0.49301792653069676
cmaes,11,156,12,1.54819723639809,-1.54819723639809,2.3214767693563814,1.6702399025523735,0.2139461894158753,2.3214767693563814,0.49301792653069676
cmaes,12,157,0,1.5328022492273194,-1.5328022492273194,1.9748342521213078,1.686216602127297,0.15879678322333965,2.3214767693563814,0.4947631874699748
cmaes,12,158,1,1.780659221042982,-1.780659221042982,1.9748342521213078,1.686216602127297,0.15879678322333965,2.3214767693563814,0.4947631874699748
cmaes,12,159,2,1.7542547118337726,-1.7542547118337726,1.9748342521213078,1.686216602127297,0.15879678322333965,2.3214767693563814,0.4947631874699748
cmaes,12,160,3,1.597604778059206,-1.597604778059206,1.9748342521213078,1.686216602127297,0.15879678322333965,2.3214767693563814,0.4947631874699748
cmaes,12,161,4,1.539491470255374,-1.539491470255374,1.9748342521213078,1.686216602127297,0.15879678322333965,2.3214767693563814,0.4947631874699748
cmaes,12,162,5,1.5624024244240713,-1.5624024244240713,1.9748342521213078,1.686216602127297,0.15879678322333965,2.3214767693563814,0.4947631874699748
cmaes,12,163,6,1.5733948307418677,-1.5733948307418677,1.9748342521213078,1.686216602127297,0.15879678322333965,2.3214767693563814,0.4947631874699748
cmaes,12,164,7,1.9748342521213078,-1.9748342521213078,1.9748342521213078,1.686216602127297,0.15879678322333965,2.3214767693563814,0.4947631874699748
cmaes,12,165,8,1.7287544620728614,-1.7287544620728614,1.9748342521213078,1.686216602127297,0.15879678322333965,2.3214767693563814,0.4947631874699748
cmaes,12,166,9,1.5076951851457965,-1.5076951851457965,1.9748342521213078,1.686216602127297,0.15879678322333965,2.3214767693563814,0.4947631874699748
cmaes,12,167,10,1.8299618708794685,-1.8299618708794685,1.9748342521213078,1.686216602127297,0.15879678322333965,2.3214767693563814,0.4947631874699748
cmaes,12,168,11,1.9716954118661438,-1.9716954118661438,1.9748342521213078,1.686216602127297,0.15879678322333965,2.3214767693563814,0.4947631874699748
cmaes,12,169,12,1.5672649599846897,-1.5672649599846897,1.9748342521213078,1.686216602127297,0.15879678322333965,2.3214767693563814,0.4947631874699748
cmaes,13,170,0,1.582030169332767,-1.582030169332767,2.03308044416789,1.6071937314125693,0.1330031181845231,2.3214767693563814,0.49650882230231713
cmaes,13,171,1,1.5705715728010885,-1.5705715728010885,2.03308044416789,1.6071937314125693,0.1330031181845231,2.3214767693563814,0.49650882230231713
cmaes,13,172,2,1.4618144753270568,-1.4618144753270568,2.03308044416789,1.6071937314125693,0.1330031181845231,2.3214767693563814,0.49650882230231713
cmaes,13,173,3,1.5878031615285022,-1.5878031615285022,2.03308044416789,1.6071937314125693,0.1330031181845231,2.3214767693563814,0.49650882230231713
cmaes,13,174,4,1.5319451532333999,-1.5319451532333999,2.03308044416789,1.6071937314125693,0.1330031181845231,2.3214767693563814,0.49650882230231713
cmaes,13,175,5,1.592795125650438,-1.592795125650438,2.03308044416789,1.6071937314125693,0.1330031181845231,2.3214767693563814,0.49650882230231713
cmaes,13,176,6,1.6772835683067722,-1.6772835683067722,2.03308044416789,1.6071937314125693,0.1330031181845231,2.3214767693563814,0.49650882230231713
cmaes,13,177,7,1.5360593051173137,-1.5360593051173137,2.03308044416789,1.6071937314125693,0.1330031181845231,2.3214767693563814,0.49650882230231713
cmaes,13,178,8,1.5775691712646114,-1.5775691712646114,2.03308044416789,1.6071937314125693,0.1330031181845231,2.3214767693563814,0.49650882230231713
cmaes,13,179,9,1.5423360680866476,-1.5423360680866476,2.03308044416789,1.6071937314125693,0.1330031181845231,2.3214767693563814,0.49650882230231713
cmaes,13,180,10,1.5549705066403376,-1.5549705066403376,2.03308044416789,1.6071937314125693,0.1330031181845231,2.3214767693563814,0.49650882230231713
cmaes,13,181,11,1.645259786906575,-1.645259786906575,2.03308044416789,1.6071937314125693,0.1330031181845231,2.3214767693563814,0.49650882230231713
cmaes,13,182,12,2.03308044416789,-2.03308044416789,2.03308044416789,1.6071937314125693,0.1330031181845231,2.3214767693563814,0.49650882230231713
cmaes,14,183,0,1.6143915203825192,-1.6143915203825192,1.8532556493935928,1.6218145799439694,0.0944330182137484,2.3214767693563814,0.49102571442313114
cmaes,14,184,1,1.592358701008929,-1.592358701008929,1.8532556493935928,1.6218145799439694,0.0944330182137484,2.3214767693563814,0.49102571442313114
cmaes,14,185,2,1.6236210583554622,-1.6236210583554622,1.8532556493935928,1.6218145799439694,0.0944330182137484,2.3214767693563814,0.49102571442313114
cmaes,14,186,3,1.6194341310906115,-1.6194341310906115,1.8532556493935928,1.6218145799439694,0.0944330182137484,2.3214767693563814,0.49102571442313114
cmaes,14,187,4,1.5805713233006715,-1.5805713233006715,1.8532556493935928,1.6218145799439694,0.0944330182137484,2.3214767693563814,0.49102571442313114
cmaes,14,188,5,1.5957093306730943,-1.5957093306730943,1.8532556493935928,1.6218145799439694,0.0944330182137484,2.3214767693563814,0.49102571442313114
cmaes,14,189,6,1.8532556493935928,-1.8532556493935928,1.8532556493935928,1.6218145799439694,0.0944330182137484,2.3214767693563814,0.49102571442313114
cmaes,14,190,7,1.5873513526031888,-1.5873513526031888,1.8532556493935928,1.6218145799439694,0.0944330182137484,2.3214767693563814,0.49102571442313114
cmaes,14,191,8,1.647540392470735,-1.647540392470735,1.8532556493935928,1.6218145799439694,0.0944330182137484,2.3214767693563814,0.49102571442313114
cmaes,14,192,9,1.5222421553049987,-1.5222421553049987,1.8532556493935928,1.6218145799439694,0.0944330182137484,2.3214767693563814,0.49102571442313114
cmaes,14,193,10,1.790769480126811,-1.790769480126811,1.8532556493935928,1.6218145799439694,0.0944330182137484,2.3214767693563814,0.49102571442313114
cmaes,14,194,11,1.552686043500539,-1.552686043500539,1.8532556493935928,1.6218145799439694,0.0944330182137484,2.3214767693563814,0.49102571442313114
cmaes,14,195,12,1.503658401060447,-1.503658401060447,1.8532556493935928,1.6218145799439694,0.0944330182137484,2.3214767693563814,0.49102571442313114
cmaes,15,196,0,1.650685823677453,-1.650685823677453,1.757608665867709,1.6094518208705126,0.07202380571623411,2.3214767693563814,0.5039363931388833
cmaes,15,197,1,1.5131526441409122,-1.5131526441409122,1.757608665867709,1.6094518208705126,0.07202380571623411,2.3214767693563814,0.5039363931388833
cmaes,15,198,2,1.629276997423753,-1.629276997423753,1.757608665867709,1.6094518208705126,0.07202380571623411,2.3214767693563814,0.5039363931388833
cmaes,15,199,3,1.4738364251138347,-1.4738364251138347,1.757608665867709,1.6094518208705126,0.07202380571623411,2.3214767693563814,0.5039363931388833
cmaes,15,200,4,1.757608665867709,-1.757608665867709,1.757608665867709,1.6094518208705126,0.07202380571623411,2.3214767693563814,0.5039363931388833
cmaes,15,201,5,1.6639201834288322,-1.6639201834288322,1.757608665867709,1.6094518208705126,0.07202380571623411,2.3214767693563814,0.5039363931388833
cmaes,15,202,6,1.5591148378626811,-1.5591148378626811,1.757608665867709,1.6094518208705126,0.07202380571623411,2.3214767693563814,0.5039363931388833
cmaes,15,203,7,1.6923999654116981,-1.6923999654116981,1.757608665867709,1.6094518208705126,0.07202380571623411,2.3214767693563814,0.5039363931388833
cmaes,15,204,8,1.5981108068659136,-1.5981108068659136,1.757608665867709,1.6094518208705126,0.07202380571623411,2.3214767693563814,0.5039363931388833
cmaes,15,205,9,1.6241291819535912,-1.6241291819535912,1.757608665867709,1.6094518208705126,0.07202380571623411,2.3214767693563814,0.5039363931388833
cmaes,15,206,10,1.602489363476385,-1.602489363476385,1.757608665867709,1.6094518208705126,0.07202380571623411,2.3214767693563814,0.5039363931388833
cmaes,15,207,11,1.6026186875673702,-1.6026186875673702,1.757608665867709,1.6094518208705126,0.07202380571623411,2.3214767693563814,0.5039363931388833
cmaes,15,208,12,1.555530088526534,-1.555530088526534,1.757608665867709,1.6094518208705126,0.07202380571623411,2.3214767693563814,0.5039363931388833
cmaes,16,209,0,1.5706080385236667,-1.5706080385236667,1.8880058808279365,1.6220932256627405,0.10771109405211533,2.3214767693563814,0.51124381929209
cmaes,16,210,1,1.8880058808279365,-1.8880058808279365,1.8880058808279365,1.6220932256627405,0.10771109405211533,2.3214767693563814,0.51124381929209
cmaes,16,211,2,1.5193027657353426,-1.5193027657353426,1.8880058808279365,1.6220932256627405,0.10771109405211533,2.3214767693563814,0.51124381929209
cmaes,16,212,3,1.520077709216762,-1.520077709216762,1.8880058808279365,1.6220932256627405,0.10771109405211533,2.3214767693563814,0.51124381929209
cmaes,16,213,4,1.7308394723850242,-1.7308394723850242,1.8880058808279365,1.6220932256627405,0.10771109405211533,2.3214767693563814,0.51124381929209
cmaes,16,214,5,1.4689764066582813,-1.4689764066582813,1.8880058808279365,1.6220932256627405,0.10771109405211533,2.3214767693563814,0.51124381929209
cmaes,16,215,6,1.6611289074077753,-1.6611289074077753,1.8880058808279365,1.6220932256627405,0.10771109405211533,2.3214767693563814,0.51124381929209
cmaes,16,216,7,1.5552689295983841,-1.5552689295983841,1.8880058808279365,1.6220932256627405,0.10771109405211533,2.3214767693563814,0.51124381929209
cmaes,16,217,8,1.568709491378151,-1.568709491378151,1.8880058808279365,1.6220932256627405,0.10771109405211533,2.3214767693563814,0.51124381929209
cmaes,16,218,9,1.6426131692496933,-1.6426131692496933,1.8880058808279365,1.6220932256627405,0.10771109405211533,2.3214767693563814,0.51124381929209
cmaes,16,219,10,1.6314208991151766,-1.6314208991151766,1.8880058808279365,1.6220932256627405,0.10771109405211533,2.3214767693563814,0.51124381929209
cmaes,16,220,11,1.601229804775686,-1.601229804775686,1.8880058808279365,1.6220932256627405,0.10771109405211533,2.3214767693563814,0.51124381929209
cmaes,16,221,12,1.72903045874375,-1.72903045874375,1.8880058808279365,1.6220932256627405,0.10771109405211533,2.3214767693563814,0.51124381929209
cmaes,17,222,0,1.7279460992854576,-1.7279460992854576,3.0679515203630507,1.8238372543970234,0.396112003322311,3.0679515203630507,0.5140894090358332
cmaes,17,223,1,1.5584064170136567,-1.5584064170136567,3.0679515203630507,1.8238372543970234,0.396112003322311,3.0679515203630507,0.5140894090358332
cmaes,17,224,2,1.7774801438975583,-1.7774801438975583,3.0679515203630507,1.8238372543970234,0.396112003322311,3.0679515203630507,0.5140894090358332
cmaes,17,225,3,3.0679515203630507,-3.0679515203630507,3.0679515203630507,1.8238372543970234,0.396112003322311,3.0679515203630507,0.5140894090358332
cmaes,17,226,4,1.5928237054929217,-1.5928237054929217,3.0679515203630507,1.8238372543970234,0.396112003322311,3.0679515203630507,0.5140894090358332
cmaes,17,227,5,2.141252810025966,-2.141252810025966,3.0679515203630507,1.8238372543970234,0.396112003322311,3.0679515203630507,0.5140894090358332
cmaes,17,228,6,1.976695011478107,-1.976695011478107,3.0679515203630507,1.8238372543970234,0.396112003322311,3.0679515203630507,0.5140894090358332
cmaes,17,229,7,1.6580146156256594,-1.6580146156256594,3.0679515203630507,1.8238372543970234,0.396112003322311,3.0679515203630507,0.5140894090358332
cmaes,17,230,8,1.698160347713103,-1.698160347713103,3.0679515203630507,1.8238372543970234,0.396112003322311,3.0679515203630507,0.5140894090358332
cmaes,17,231,9,1.5421818869218162,-1.5421818869218162,3.0679515203630507,1.8238372543970234,0.396112003322311,3.0679515203630507,0.5140894090358332
cmaes,17,232,10,1.774610786761126,-1.774610786761126,3.0679515203630507,1.8238372543970234,0.396112003322311,3.0679515203630507,0.5140894090358332
cmaes,17,233,11,1.6465090733228742,-1.6465090733228742,3.0679515203630507,1.8238372543970234,0.396112003322311,3.0679515203630507,0.5140894090358332
cmaes,17,234,12,1.5478518892600042,-1.5478518892600042,3.0679515203630507,1.8238372543970234,0.396112003322311,3.0679515203630507,0.5140894090358332
cmaes,18,235,0,1.6391604112652685,-1.6391604112652685,1.8449800130432348,1.6276025303818336,0.10092459919608078,3.0679515203630507,0.5092462865597255
cmaes,18,236,1,1.5760902166590283,-1.5760902166590283,1.8449800130432348,1.6276025303818336,0.10092459919608078,3.0679515203630507,0.5092462865597255
cmaes,18,237,2,1.5885939000285478,-1.5885939000285478,1.8449800130432348,1.6276025303818336,0.10092459919608078,3.0679515203630507,0.5092462865597255
cmaes,18,238,3,1.6411578063579537,-1.6411578063579537,1.8449800130432348,1.6276025303818336,0.10092459919608078,3.0679515203630507,0.5092462865597255
cmaes,18,239,4,1.6087082633811718,-1.6087082633811718,1.8449800130432348,1.6276025303818336,0.10092459919608078,3.0679515203630507,0.5092462865597255
cmaes,18,240,5,1.57146426575201,-1.57146426575201,1.8449800130432348,1.6276025303818336,0.10092459919608078,3.0679515203630507,0.5092462865597255
cmaes,18,241,6,1.8449800130432348,-1.8449800130432348,1.8449800130432348,1.6276025303818336,0.10092459919608078,3.0679515203630507,0.5092462865597255
cmaes,18,242,7,1.6055789562043805,-1.6055789562043805,1.8449800130432348,1.6276025303818336,0.10092459919608078,3.0679515203630507,0.5092462865597255
cmaes,18,243,8,1.5298403143042485,-1.5298403143042485,1.8449800130432348,1.6276025303818336,0.10092459919608078,3.0679515203630507,0.5092462865597255
cmaes,18,244,9,1.7842848214199376,-1.7842848214199376,1.8449800130432348,1.6276025303818336,0.10092459919608078,3.0679515203630507,0.5092462865597255
cmaes,18,245,10,1.747881905580336,-1.747881905580336,1.8449800130432348,1.6276025303818336,0.10092459919608078,3.0679515203630507,0.5092462865597255
cmaes,18,246,11,1.5292230911913045,-1.5292230911913045,1.8449800130432348,1.6276025303818336,0.10092459919608078,3.0679515203630507,0.5092462865597255
cmaes,18,247,12,1.491868929776416,-1.491868929776416,1.8449800130432348,1.6276025303818336,0.10092459919608078,3.0679515203630507,0.5092462865597255
cmaes,19,248,0,2.1084916423365287,-2.1084916423365287,2.496385223548954,1.7549834072593942,0.2807770588318724,3.0679515203630507,0.49948629509830894
cmaes,19,249,1,1.520469319986907,-1.520469319986907,2.496385223548954,1.7549834072593942,0.2807770588318724,3.0679515203630507,0.49948629509830894
cmaes,19,250,2,1.6186603472348162,-1.6186603472348162,2.496385223548954,1.7549834072593942,0.2807770588318724,3.0679515203630507,0.49948629509830894
cmaes,19,251,3,1.811811769090054,-1.811811769090054,2.496385223548954,1.7549834072593942,0.2807770588318724,3.0679515203630507,0.49948629509830894
cmaes,19,252,4,1.5957515076617461,-1.5957515076617461,2.496385223548954,1.7549834072593942,0.2807770588318724,3.0679515203630507,0.49948629509830894
cmaes,19,253,5,1.452692396382619,-1.452692396382619,2.496385223548954,1.7549834072593942,0.2807770588318724,3.0679515203630507,0.49948629509830894
cmaes,19,254,6,2.496385223548954,-2.496385223548954,2.496385223548954,1.7549834072593942,0.2807770588318724,3.0679515203630507,0.49948629509830894
cmaes,19,255,7,1.793344864171335,-1.793344864171335,2.496385223548954,1.7549834072593942,0.2807770588318724,3.0679515203630507,0.49948629509830894
cmaes,19,256,8,1.5521473096115235,-1.5521473096115235,2.496385223548954,1.7549834072593942,0.2807770588318724,3.0679515203630507,0.49948629509830894
cmaes,19,257,9,1.5205467687742238,-1.5205467687742238,2.496385223548954,1.7549834072593942,0.2807770588318724,3.0679515203630507,0.49948629509830894
cmaes,19,258,10,1.8402984146280579,-1.8402984146280579,2.496385223548954,1.7549834072593942,0.2807770588318724,3.0679515203630507,0.49948629509830894
cmaes,19,259,11,1.91303517329762,-1.91303517329762,2.496385223548954,1.7549834072593942,0.2807770588318724,3.0679515203630507,0.49948629509830894
cmaes,19,260,12,1.5911495576477392,-1.5911495576477392,2.496385223548954,1.7549834072593942,0.2807770588318724,3.0679515203630507,0.49948629509830894
cmaes,20,261,0,1.5484379172413798,-1.5484379172413798,2.929447863059911,1.8105213506934186,0.36061416619647235,3.0679515203630507,0.5005347395834691
cmaes,20,262,1,1.5723800798354948,-1.5723800798354948,2.929447863059911,1.8105213506934186,0.36061416619647235,3.0679515203630507,0.5005347395834691
cmaes,20,263,2,1.8983908615385272,-1.8983908615385272,2.929447863059911,1.8105213506934186,0.36061416619647235,3.0679515203630507,0.5005347395834691
cmaes,20,264,3,1.6059640603330967,-1.6059640603330967,2.929447863059911,1.8105213506934186,0.36061416619647235,3.0679515203630507,0.5005347395834691
cmaes,20,265,4,1.843078278466821,-1.843078278466821,2.929447863059911,1.8105213506934186,0.36061416619647235,3.0679515203630507,0.5005347395834691
cmaes,20,266,5,1.735552415776978,-1.735552415776978,2.929447863059911,1.8105213506934186,0.36061416619647235,3.0679515203630507,0.5005347395834691
cmaes,20,267,6,1.5728171900900532,-1.5728171900900532,2.929447863059911,1.8105213506934186,0.36061416619647235,3.0679515203630507,0.5005347395834691
cmaes,20,268,7,2.0665742835821694,-2.0665742835821694,2.929447863059911,1.8105213506934186,0.36061416619647235,3.0679515203630507,0.5005347395834691
cmaes,20,269,8,1.584190509558082,-1.584190509558082,2.929447863059911,1.8105213506934186,0.36061416619647235,3.0679515203630507,0.5005347395834691
cmaes,20,270,9,1.7101382379402472,-1.7101382379402472,2.929447863059911,1.8105213506934186,0.36061416619647235,3.0679515203630507,0.5005347395834691
cmaes,20,271,10,1.9111241769383251,-1.9111241769383251,2.929447863059911,1.8105213506934186,0.36061416619647235,3.0679515203630507,0.5005347395834691
cmaes,20,272,11,2.929447863059911,-2.929447863059911,2.929447863059911,1.8105213506934186,0.36061416619647235,3.0679515203630507,0.5005347395834691
cmaes,20,273,12,1.5586816846533569,-1.5586816846533569,2.929447863059911,1.8105213506934186,0.36061416619647235,3.0679515203630507,0.5005347395834691
cmaes,21,274,0,1.5991113779546247,-1.5991113779546247,2.4282246584324945,1.7294518856776313,0.2609771717764681,3.0679515203630507,0.5113329679682086
cmaes,21,275,1,2.1087932796571676,-2.1087932796571676,2.4282246584324945,1.7294518856776313,0.2609771717764681,3.0679515203630507,0.5113329679682086
cmaes,21,276,2,1.5383280047048098,-1.5383280047048098,2.4282246584324945,1.7294518856776313,0.2609771717764681,3.0679515203630507,0.5113329679682086
cmaes,21,277,3,1.4944441124862642,-1.4944441124862642,2.4282246584324945,1.7294518856776313,0.2609771717764681,3.0679515203630507,0.5113329679682086
cmaes,21,278,4,2.4282246584324945,-2.4282246584324945,2.4282246584324945,1.7294518856776313,0.2609771717764681,3.0679515203630507,0.5113329679682086
cmaes,21,279,5,1.5688534773747276,-1.5688534773747276,2.4282246584324945,1.7294518856776313,0.2609771717764681,3.0679515203630507,0.5113329679682086
cmaes,21,280,6,1.5770680857920492,-1.5770680857920492,2.4282246584324945,1.7294518856776313,0.2609771717764681,3.0679515203630507,0.5113329679682086
cmaes,21,281,7,1.6004942598630008,-1.6004942598630008,2.4282246584324945,1.7294518856776313,0.2609771717764681,3.0679515203630507,0.5113329679682086
cmaes,21,282,8,1.8876355685096586,-1.8876355685096586,2.4282246584324945,1.7294518856776313,0.2609771717764681,3.0679515203630507,0.5113329679682086
cmaes,21,283,9,1.6109917797977604,-1.6109917797977604,2.4282246584324945,1.7294518856776313,0.2609771717764681,3.0679515203630507,0.5113329679682086
cmaes,21,284,10,1.6163165104290773,-1.6163165104290773,2.4282246584324945,1.7294518856776313,0.2609771717764681,3.0679515203630507,0.5113329679682086
cmaes,21,285,11,1.8424362861373287,-1.8424362861373287,2.4282246584324945,1.7294518856776313,0.2609771717764681,3.0679515203630507,0.5113329679682086
cmaes,21,286,12,1.6101771126702449,-1.6101771126702449,2.4282246584324945,1.7294518856776313,0.2609771717764681,3.0679515203630507,0.5113329679682086
cmaes,22,287,0,1.6981524905569831,-1.6981524905569831,3.1563595492555794,1.890233231593559,0.4886992376290374,3.1563595492555794,0.5356653107073096
cmaes,22,288,1,1.4590275721659671,-1.4590275721659671,3.1563595492555794,1.890233231593559,0.4886992376290374,3.1563595492555794,0.5356653107073096
cmaes,22,289,2,1.6518076462049098,-1.6518076462049098,3.1563595492555794,1.890233231593559,0.4886992376290374,3.1563595492555794,0.5356653107073096
cmaes,22,290,3,2.4031611309768723,-2.4031611309768723,3.1563595492555794,1.890233231593559,0.4886992376290374,3.1563595492555794,0.5356653107073096
cmaes,22,291,4,1.8721024553324397,-1.8721024553324397,3.1563595492555794,1.890233231593559,0.4886992376290374,3.1563595492555794,0.5356653107073096
cmaes,22,292,5,1.4112240590231115,-1.4112240590231115,3.1563595492555794,1.890233231593559,0.4886992376290374,3.1563595492555794,0.5356653107073096
cmaes,22,293,6,1.6298546024033267,-1.6298546024033267,3.1563595492555794,1.890233231593559,0.4886992376290374,3.1563595492555794,0.5356653107073096
cmaes,22,294,7,1.5016429343733555,-1.5016429343733555,3.1563595492555794,1.890233231593559,0.4886992376290374,3.1563595492555794,0.5356653107073096
cmaes,22,295,8,2.4644453716686487,-2.4644453716686487,3.1563595492555794,1.890233231593559,0.4886992376290374,3.1563595492555794,0.5356653107073096
cmaes,22,296,9,3.1563595492555794,-3.1563595492555794,3.1563595492555794,1.890233231593559,0.4886992376290374,3.1563595492555794,0.5356653107073096
cmaes,22,297,10,2.0577983492969274,-2.0577983492969274,3.1563595492555794,1.890233231593559,0.4886992376290374,3.1563595492555794,0.5356653107073096
cmaes,22,298,11,1.7360356758846602,-1.7360356758846602,3.1563595492555794,1.890233231593559,0.4886992376290374,3.1563595492555794,0.5356653107073096
cmaes,22,299,12,1.5314201735734851,-1.5314201735734851,3.1563595492555794,1.890233231593559,0.4886992376290374,3.1563595492555794,0.5356653107073096
cmaes,23,300,0,2.2042733345221412,-2.2042733345221412,2.811123830919946,1.8306291338774126,0.35956758900697144,3.1563595492555794,0.5611016583430878
cmaes,23,301,1,2.1130581498041128,-2.1130581498041128,2.811123830919946,1.8306291338774126,0.35956758900697144,3.1563595492555794,0.5611016583430878
cmaes,23,302,2,2.811123830919946,-2.811123830919946,2.811123830919946,1.8306291338774126,0.35956758900697144,3.1563595492555794,0.5611016583430878
cmaes,23,303,3,1.5676064000260037,-1.5676064000260037,2.811123830919946,1.8306291338774126,0.35956758900697144,3.1563595492555794,0.5611016583430878
cmaes,23,304,4,1.489395323012541,-1.489395323012541,2.811123830919946,1.8306291338774126,0.35956758900697144,3.1563595492555794,0.5611016583430878
cmaes,23,305,5,1.9428055390328072,-1.9428055390328072,2.811123830919946,1.8306291338774126,0.35956758900697144,3.1563595492555794,0.5611016583430878
cmaes,23,306,6,1.606236234798848,-1.606236234798848,2.811123830919946,1.8306291338774126,0.35956758900697144,3.1563595492555794,0.5611016583430878
cmaes,23,307,7,1.8497708080260487,-1.8497708080260487,2.811123830919946,1.8306291338774126,0.35956758900697144,3.1563595492555794,0.5611016583430878
cmaes,23,308,8,1.6285541902850413,-1.6285541902850413,2.811123830919946,1.8306291338774126,0.35956758900697144,3.1563595492555794,0.5611016583430878
cmaes,23,309,9,1.5649208809011506,-1.5649208809011506,2.811123830919946,1.8306291338774126,0.35956758900697144,3.1563595492555794,0.5611016583430878
cmaes,23,310,10,1.5578172129452432,-1.5578172129452432,2.811123830919946,1.8306291338774126,0.35956758900697144,3.1563595492555794,0.5611016583430878
cmaes,23,311,11,1.8821307777579843,-1.8821307777579843,2.811123830919946,1.8306291338774126,0.35956758900697144,3.1563595492555794,0.5611016583430878
cmaes,23,312,12,1.5804860583744975,-1.5804860583744975,2.811123830919946,1.8306291338774126,0.35956758900697144,3.1563595492555794,0.5611016583430878
cmaes,24,313,0,1.6032382812447439,-1.6032382812447439,2.5627396287955437,1.6517248790625547,0.29575113134455777,3.1563595492555794,0.5746434250316746
cmaes,24,314,1,2.5627396287955437,-2.5627396287955437,2.5627396287955437,1.6517248790625547,0.29575113134455777,3.1563595492555794,0.5746434250316746
cmaes,24,315,2,1.5344008777714337,-1.5344008777714337,2.5627396287955437,1.6517248790625547,0.29575113134455777,3.1563595492555794,0.5746434250316746
cmaes,24,316,3,1.5993941244063232,-1.5993941244063232,2.5627396287955437,1.6517248790625547,0.29575113134455777,3.1563595492555794,0.5746434250316746
cmaes,24,317,4,1.5355334086252024,-1.5355334086252024,2.5627396287955437,1.6517248790625547,0.29575113134455777,3.1563595492555794,0.5746434250316746
cmaes,24,318,5,1.4025511770047219,-1.4025511770047219,2.5627396287955437,1.6517248790625547,0.29575113134455777,3.1563595492555794,0.5746434250316746
cmaes,24,319,6,1.954250101296126,-1.954250101296126,2.5627396287955437,1.6517248790625547,0.29575113134455777,3.1563595492555794,0.5746434250316746
cmaes,24,320,7,1.5498776293933139,-1.5498776293933139,2.5627396287955437,1.6517248790625547,0.29575113134455777,3.1563595492555794,0.5746434250316746
cmaes,24,321,8,1.524021442536602,-1.524021442536602,2.5627396287955437,1.6517248790625547,0.29575113134455777,3.1563595492555794,0.5746434250316746
cmaes,24,322,9,1.7082182357821276,-1.7082182357821276,2.5627396287955437,1.6517248790625547,0.29575113134455777,3.1563595492555794,0.5746434250316746
cmaes,24,323,10,1.4404323921620683,-1.4404323921620683,2.5627396287955437,1.6517248790625547,0.29575113134455777,3.1563595492555794,0.5746434250316746
cmaes,24,324,11,1.438096254941178,-1.438096254941178,2.5627396287955437,1.6517248790625547,0.29575113134455777,3.1563595492555794,0.5746434250316746
cmaes,24,325,12,1.619669873853823,-1.619669873853823,2.5627396287955437,1.6517248790625547,0.29575113134455777,3.1563595492555794,0.5746434250316746
cmaes,25,326,0,1.604021979670221,-1.604021979670221,3.492906236445696,2.1005668797969,0.681956035771155,3.492906236445696,0.5821779789716647
cmaes,25,327,1,2.2377164256576703,-2.2377164256576703,3.492906236445696,2.1005668797969,0.681956035771155,3.492906236445696,0.5821779789716647
cmaes,25,328,2,1.541623738600298,-1.541623738600298,3.492906236445696,2.1005668797969,0.681956035771155,3.492906236445696,0.5821779789716647
cmaes,25,329,3,3.492906236445696,-3.492906236445696,3.492906236445696,2.1005668797969,0.681956035771155,3.492906236445696,0.5821779789716647
cmaes,25,330,4,1.7472183899709786,-1.7472183899709786,3.492906236445696,2.1005668797969,0.681956035771155,3.492906236445696,0.5821779789716647
cmaes,25,331,5,1.998624742595133,-1.998624742595133,3.492906236445696,2.1005668797969,0.681956035771155,3.492906236445696,0.5821779789716647
cmaes,25,332,6,1.332355246266642,-1.332355246266642,3.492906236445696,2.1005668797969,0.681956035771155,3.492906236445696,0.5821779789716647
cmaes,25,333,7,2.8237849530609616,-2.8237849530609616,3.492906236445696,2.1005668797969,0.681956035771155,3.492906236445696,0.5821779789716647
cmaes,25,334,8,2.797951663073257,-2.797951663073257,3.492906236445696,2.1005668797969,0.681956035771155,3.492906236445696,0.5821779789716647
cmaes,25,335,9,1.6702664864722687,-1.6702664864722687,3.492906236445696,2.1005668797969,0.681956035771155,3.492906236445696,0.5821779789716647
cmaes,25,336,10,3.0488642225924814,-3.0488642225924814,3.492906236445696,2.1005668797969,0.681956035771155,3.492906236445696,0.5821779789716647
cmaes,25,337,11,1.465711837143914,-1.465711837143914,3.492906236445696,2.1005668797969,0.681956035771155,3.492906236445696,0.5821779789716647
cmaes,25,338,12,1.5463235158101774,-1.5463235158101774,3.492906236445696,2.1005668797969,0.681956035771155,3.492906236445696,0.5821779789716647
cmaes,26,339,0,2.2623355752806056,-2.2623355752806056,3.2583991921653976,2.0736780102527943,0.4234761877711682,3.492906236445696,0.5742692660618434
cmaes,26,340,1,1.6841024326376388,-1.6841024326376388,3.2583991921653976,2.0736780102527943,0.4234761877711682,3.492906236445696,0.5742692660618434
cmaes,26,341,2,2.0336030064386263,-2.0336030064386263,3.2583991921653976,2.0736780102527943,0.4234761877711682,3.492906236445696,0.5742692660618434
cmaes,26,342,3,1.701662469322371,-1.701662469322371,3.2583991921653976,2.0736780102527943,0.4234761877711682,3.492906236445696,0.5742692660618434
cmaes,26,343,4,2.143956804618314,-2.143956804618314,3.2583991921653976,2.0736780102527943,0.4234761877711682,3.492906236445696,0.5742692660618434
cmaes,26,344,5,3.2583991921653976,-3.2583991921653976,3.2583991921653976,2.0736780102527943,0.4234761877711682,3.492906236445696,0.5742692660618434
cmaes,26,345,6,1.5818145003168522,-1.5818145003168522,3.2583991921653976,2.0736780102527943,0.4234761877711682,3.492906236445696,0.5742692660618434
cmaes,26,346,7,2.0557446018452215,-2.0557446018452215,3.2583991921653976,2.0736780102527943,0.4234761877711682,3.492906236445696,0.5742692660618434
cmaes,26,347,8,2.155178164062453,-2.155178164062453,3.2583991921653976,2.0736780102527943,0.4234761877711682,3.492906236445696,0.5742692660618434
cmaes,26,348,9,2.359291480231151,-2.359291480231151,3.2583991921653976,2.0736780102527943,0.4234761877711682,3.492906236445696,0.5742692660618434
cmaes,26,349,10,2.227328078126633,-2.227328078126633,3.2583991921653976,2.0736780102527943,0.4234761877711682,3.492906236445696,0.5742692660618434
cmaes,26,350,11,1.8659362383721805,-1.8659362383721805,3.2583991921653976,2.0736780102527943,0.4234761877711682,3.492906236445696,0.5742692660618434
cmaes,26,351,12,1.628461589868882,-1.628461589868882,3.2583991921653976,2.0736780102527943,0.4234761877711682,3.492906236445696,0.5742692660618434
cmaes,27,352,0,2.204238833593086,-2.204238833593086,3.6717060723256405,2.1443346188861034,0.7399685303062713,3.6717060723256405,0.57719652360895
cmaes,27,353,1,1.5397050824097382,-1.5397050824097382,3.6717060723256405,2.1443346188861034,0.7399685303062713,3.6717060723256405,0.57719652360895
cmaes,27,354,2,2.027503626675779,-2.027503626675779,3.6717060723256405,2.1443346188861034,0.7399685303062713,3.6717060723256405,0.57719652360895
cmaes,27,355,3,1.46792424638158,-1.46792424638158,3.6717060723256405,2.1443346188861034,0.7399685303062713,3.6717060723256405,0.57719652360895
cmaes,27,356,4,1.7261864282890738,-1.7261864282890738,3.6717060723256405,2.1443346188861034,0.7399685303062713,3.6717060723256405,0.57719652360895
cmaes,27,357,5,1.9933168019071887,-1.9933168019071887,3.6717060723256405,2.1443346188861034,0.7399685303062713,3.6717060723256405,0.57719652360895
cmaes,27,358,6,1.6997658057536293,-1.6997658057536293,3.6717060723256405,2.1443346188861034,0.7399685303062713,3.6717060723256405,0.57719652360895
cmaes,27,359,7,3.5911797143042556,-3.5911797143042556,3.6717060723256405,2.1443346188861034,0.7399685303062713,3.6717060723256405,0.57719652360895
cmaes,27,360,8,1.6641347322486277,-1.6641347322486277,3.6717060723256405,2.1443346188861034,0.7399685303062713,3.6717060723256405,0.57719652360895
cmaes,27,361,9,1.4531231769547608,-1.4531231769547608,3.6717060723256405,2.1443346188861034,0.7399685303062713,3.6717060723256405,0.57719652360895
cmaes,27,362,10,1.8722848622820094,-1.8722848622820094,3.6717060723256405,2.1443346188861034,0.7399685303062713,3.6717060723256405,0.57719652360895
cmaes,27,363,11,3.6717060723256405,-3.6717060723256405,3.6717060723256405,2.1443346188861034,0.7399685303062713,3.6717060723256405,0.57719652360895
cmaes,27,364,12,2.9652806623939774,-2.9652806623939774,3.6717060723256405,2.1443346188861034,0.7399685303062713,3.6717060723256405,0.57719652360895
cmaes,28,365,0,4.273814659594185,-4.273814659594185,4.844786410097005,2.2885419088802523,1.0200086693337764,4.844786410097005,0.5817944859443948
cmaes,28,366,1,1.5406985454078777,-1.5406985454078777,4.844786410097005,2.2885419088802523,1.0200086693337764,4.844786410097005,0.5817944859443948
cmaes,28,367,2,1.7487877874671462,-1.7487877874671462,4.844786410097005,2.2885419088802523,1.0200086693337764,4.844786410097005,0.5817944859443948
cmaes,28,368,3,1.8935339939877416,-1.8935339939877416,4.844786410097005,2.2885419088802523,1.0200086693337764,4.844786410097005,0.5817944859443948
cmaes,28,369,4,1.5226806772844763,-1.5226806772844763,4.844786410097005,2.2885419088802523,1.0200086693337764,4.844786410097005,0.5817944859443948
cmaes,28,370,5,1.4353622521007854,-1.4353622521007854,4.844786410097005,2.2885419088802523,1.0200086693337764,4.844786410097005,0.5817944859443948
cmaes,28,371,6,4.844786410097005,-4.844786410097005,4.844786410097005,2.2885419088802523,1.0200086693337764,4.844786410097005,0.5817944859443948
cmaes,28,372,7,2.2839580840097944,-2.2839580840097944,4.844786410097005,2.2885419088802523,1.0200086693337764,4.844786410097005,0.5817944859443948
cmaes,28,373,8,1.6967421408659593,-1.6967421408659593,4.844786410097005,2.2885419088802523,1.0200086693337764,4.844786410097005,0.5817944859443948
cmaes,28,374,9,1.9565165325486287,-1.9565165325486287,4.844786410097005,2.2885419088802523,1.0200086693337764,4.844786410097005,0.5817944859443948
cmaes,28,375,10,2.581211675629611,-2.581211675629611,4.844786410097005,2.2885419088802523,1.0200086693337764,4.844786410097005,0.5817944859443948
cmaes,28,376,11,1.988671614201626,-1.988671614201626,4.844786410097005,2.2885419088802523,1.0200086693337764,4.844786410097005,0.5817944859443948
cmaes,28,377,12,1.9842804422484432,-1.9842804422484432,4.844786410097005,2.2885419088802523,1.0200086693337764,4.844786410097005,0.5817944859443948
cmaes,29,378,0,3.1087143179609256,-3.1087143179609256,3.1087143179609256,2.076834882245607,0.5059263711391828,4.844786410097005,0.5940354458368464
cmaes,29,379,1,1.6409383255079397,-1.6409383255079397,3.1087143179609256,2.076834882245607,0.5059263711391828,4.844786410097005,0.5940354458368464
cmaes,29,380,2,1.533018080985275,-1.533018080985275,3.1087143179609256,2.076834882245607,0.5059263711391828,4.844786410097005,0.5940354458368464
cmaes,29,381,3,2.896439410441875,-2.896439410441875,3.1087143179609256,2.076834882245607,0.5059263711391828,4.844786410097005,0.5940354458368464
cmaes,29,382,4,1.577593812602807,-1.577593812602807,3.1087143179609256,2.076834882245607,0.5059263711391828,4.844786410097005,0.5940354458368464
cmaes,29,383,5,2.341756681332925,-2.341756681332925,3.1087143179609256,2.076834882245607,0.5059263711391828,4.844786410097005,0.5940354458368464
cmaes,29,384,6,1.6489806171163732,-1.6489806171163732,3.1087143179609256,2.076834882245607,0.5059263711391828,4.844786410097005,0.5940354458368464
cmaes,29,385,7,2.3089169207796836,-2.3089169207796836,3.1087143179609256,2.076834882245607,0.5059263711391828,4.844786410097005,0.5940354458368464
cmaes,29,386,8,2.435748143826882,-2.435748143826882,3.1087143179609256,2.076834882245607,0.5059263711391828,4.844786410097005,0.5940354458368464
cmaes,29,387,9,1.6523935944001793,-1.6523935944001793,3.1087143179609256,2.076834882245607,0.5059263711391828,4.844786410097005,0.5940354458368464
cmaes,29,388,10,1.6011450602436157,-1.6011450602436157,3.1087143179609256,2.076834882245607,0.5059263711391828,4.844786410097005,0.5940354458368464
cmaes,29,389,11,2.060726858762261,-2.060726858762261,3.1087143179609256,2.076834882245607,0.5059263711391828,4.844786410097005,0.5940354458368464
cmaes,29,390,12,2.192481645232147,-2.192481645232147,3.1087143179609256,2.076834882245607,0.5059263711391828,4.844786410097005,0.5940354458368464
cmaes,30,391,0,2.8222210507464336,-2.8222210507464336,2.849500223024742,2.2419804230615368,0.46547015863751473,4.844786410097005,0.6230800917483342
cmaes,30,392,1,2.849500223024742,-2.849500223024742,2.849500223024742,2.2419804230615368,0.46547015863751473,4.844786410097005,0.6230800917483342
cmaes,30,393,2,1.9219368513040833,-1.9219368513040833,2.849500223024742,2.2419804230615368,0.46547015863751473,4.844786410097005,0.6230800917483342
cmaes,30,394,3,1.9436575722564107,-1.9436575722564107,2.849500223024742,2.2419804230615368,0.46547015863751473,4.844786410097005,0.6230800917483342
cmaes,30,395,4,2.7821348880133216,-2.7821348880133216,2.849500223024742,2.2419804230615368,0.46547015863751473,4.844786410097005,0.6230800917483342
cmaes,30,396,5,1.5993126340696937,-1.5993126340696937,2.849500223024742,2.2419804230615368,0.46547015863751473,4.844786410097005,0.6230800917483342
cmaes,30,397,6,1.6907301751251667,-1.6907301751251667,2.849500223024742,2.2419804230615368,0.46547015863751473,4.844786410097005,0.6230800917483342
cmaes,30,398,7,2.558412104189777,-2.558412104189777,2.849500223024742,2.2419804230615368,0.46547015863751473,4.844786410097005,0.6230800917483342
cmaes,30,399,8,2.661820036740455,-2.661820036740455,2.849500223024742,2.2419804230615368,0.46547015863751473,4.844786410097005,0.6230800917483342
cmaes,30,400,9,2.2089126214649712,-2.2089126214649712,2.849500223024742,2.2419804230615368,0.46547015863751473,4.844786410097005,0.6230800917483342
cmaes,30,401,10,2.067651473993171,-2.067651473993171,2.849500223024742,2.2419804230615368,0.46547015863751473,4.844786410097005,0.6230800917483342
cmaes,30,402,11,2.521769719937954,-2.521769719937954,2.849500223024742,2.2419804230615368,0.46547015863751473,4.844786410097005,0.6230800917483342
cmaes,30,403,12,1.517686148933798,-1.517686148933798,2.849500223024742,2.2419804230615368,0.46547015863751473,4.844786410097005,0.6230800917483342
cmaes,31,404,0,1.5449014253883322,-1.5449014253883322,4.782473164704922,2.5139227992592117,0.8617642102991663,4.844786410097005,0.65024646753114
cmaes,31,405,1,4.782473164704922,-4.782473164704922,4.782473164704922,2.5139227992592117,0.8617642102991663,4.844786410097005,0.65024646753114
cmaes,31,406,2,1.6935212190581113,-1.6935212190581113,4.782473164704922,2.5139227992592117,0.8617642102991663,4.844786410097005,0.65024646753114
cmaes,31,407,3,2.15513554417756,-2.15513554417756,4.782473164704922,2.5139227992592117,0.8617642102991663,4.844786410097005,0.65024646753114
cmaes,31,408,4,2.9328779320347564,-2.9328779320347564,4.782473164704922,2.5139227992592117,0.8617642102991663,4.844786410097005,0.65024646753114
cmaes,31,409,5,2.9935600400057036,-2.9935600400057036,4.782473164704922,2.5139227992592117,0.8617642102991663,4.844786410097005,0.65024646753114
cmaes,31,410,6,1.8995380210413224,-1.8995380210413224,4.782473164704922,2.5139227992592117,0.8617642102991663,4.844786410097005,0.65024646753114
cmaes,31,411,7,2.0572527280425628,-2.0572527280425628,4.782473164704922,2.5139227992592117,0.8617642102991663,4.844786410097005,0.65024646753114
cmaes,31,412,8,2.7171849727176647,-2.7171849727176647,4.782473164704922,2.5139227992592117,0.8617642102991663,4.844786410097005,0.65024646753114
cmaes,31,413,9,3.3297748190526613,-3.3297748190526613,4.782473164704922,2.5139227992592117,0.8617642102991663,4.844786410097005,0.65024646753114
cmaes,31,414,10,1.8286453266174068,-1.8286453266174068,4.782473164704922,2.5139227992592117,0.8617642102991663,4.844786410097005,0.65024646753114
cmaes,31,415,11,1.8442131941080975,-1.8442131941080975,4.782473164704922,2.5139227992592117,0.8617642102991663,4.844786410097005,0.65024646753114
cmaes,31,416,12,2.9019180034206498,-2.9019180034206498,4.782473164704922,2.5139227992592117,0.8617642102991663,4.844786410097005,0.65024646753114
cmaes,32,417,0,2.051820377626058,-2.051820377626058,3.3524951326794548,2.2362503634229407,0.5735598023116231,4.844786410097005,0.6765169221615623
cmaes,32,418,1,2.070707863332298,-2.070707863332298,3.3524951326794548,2.2362503634229407,0.5735598023116231,4.844786410097005,0.6765169221615623
cmaes,32,419,2,1.5733189998409092,-1.5733189998409092,3.3524951326794548,2.2362503634229407,0.5735598023116231,4.844786410097005,0.6765169221615623
cmaes,32,420,3,1.9988272639658904,-1.9988272639658904,3.3524951326794548,2.2362503634229407,0.5735598023116231,4.844786410097005,0.6765169221615623
cmaes,32,421,4,3.3524951326794548,-3.3524951326794548,3.3524951326794548,2.2362503634229407,0.5735598023116231,4.844786410097005,0.6765169221615623
cmaes,32,422,5,1.8614511235537319,-1.8614511235537319,3.3524951326794548,2.2362503634229407,0.5735598023116231,4.844786410097005,0.6765169221615623
cmaes,32,423,6,2.060866472429083,-2.060866472429083,3.3524951326794548,2.2362503634229407,0.5735598023116231,4.844786410097005,0.6765169221615623
cmaes,32,424,7,1.7270002121433325,-1.7270002121433325,3.3524951326794548,2.2362503634229407,0.5735598023116231,4.844786410097005,0.6765169221615623
cmaes,32,425,8,2.011186526242301,-2.011186526242301,3.3524951326794548,2.2362503634229407,0.5735598023116231,4.844786410097005,0.6765169221615623
cmaes,32,426,9,3.0081443706111886,-3.0081443706111886,3.3524951326794548,2.2362503634229407,0.5735598023116231,4.844786410097005,0.6765169221615623
cmaes,32,427,10,3.1330454842331847,-3.1330454842331847,3.3524951326794548,2.2362503634229407,0.5735598023116231,4.844786410097005,0.6765169221615623
cmaes,32,428,11,2.6407185488689504,-2.6407185488689504,3.3524951326794548,2.2362503634229407,0.5735598023116231,4.844786410097005,0.6765169221615623
cmaes,32,429,12,1.5816723489718478,-1.5816723489718478,3.3524951326794548,2.2362503634229407,0.5735598023116231,4.844786410097005,0.6765169221615623
cmaes,33,430,0,3.599592980939085,-3.599592980939085,3.599592980939085,2.3350045639061916,0.5550335413299313,4.844786410097005,0.6846515031830369
cmaes,33,431,1,2.484126142509385,-2.484126142509385,3.599592980939085,2.3350045639061916,0.5550335413299313,4.844786410097005,0.6846515031830369
cmaes,33,432,2,1.4486233446400607,-1.4486233446400607,3.599592980939085,2.3350045639061916,0.5550335413299313,4.844786410097005,0.6846515031830369
cmaes,33,433,3,2.0897397252505616,-2.0897397252505616,3.599592980939085,2.3350045639061916,0.5550335413299313,4.844786410097005,0.6846515031830369
cmaes,33,434,4,2.0082982516424557,-2.0082982516424557,3.599592980939085,2.3350045639061916,0.5550335413299313,4.844786410097005,0.6846515031830369
cmaes,33,435,5,1.7244938878968321,-1.7244938878968321,3.599592980939085,2.3350045639061916,0.5550335413299313,4.844786410097005,0.6846515031830369
cmaes,33,436,6,2.137643583238602,-2.137643583238602,3.599592980939085,2.3350045639061916,0.5550335413299313,4.844786410097005,0.6846515031830369
cmaes,33,437,7,2.047157137664102,-2.047157137664102,3.599592980939085,2.3350045639061916,0.5550335413299313,4.844786410097005,0.6846515031830369
cmaes,33,438,8,2.117503654354191,-2.117503654354191,3.599592980939085,2.3350045639061916,0.5550335413299313,4.844786410097005,0.6846515031830369
cmaes,33,439,9,2.123971327048672,-2.123971327048672,3.599592980939085,2.3350045639061916,0.5550335413299313,4.844786410097005,0.6846515031830369
cmaes,33,440,10,2.9837051024690027,-2.9837051024690027,3.599592980939085,2.3350045639061916,0.5550335413299313,4.844786410097005,0.6846515031830369
cmaes,33,441,11,2.8065051954586857,-2.8065051954586857,3.599592980939085,2.3350045639061916,0.5550335413299313,4.844786410097005,0.6846515031830369
cmaes,33,442,12,2.78369899766885,-2.78369899766885,3.599592980939085,2.3350045639061916,0.5550335413299313,4.844786410097005,0.6846515031830369
cmaes,34,443,0,1.900605787230543,-1.900605787230543,3.2098923212545682,2.28457616632597,0.45670030182818017,4.844786410097005,0.6866499522715532
cmaes,34,444,1,2.1609518561666246,-2.1609518561666246,3.2098923212545682,2.28457616632597,0.45670030182818017,4.844786410097005,0.6866499522715532
cmaes,34,445,2,2.0276888167022804,-2.0276888167022804,3.2098923212545682,2.28457616632597,0.45670030182818017,4.844786410097005,0.6866499522715532
cmaes,34,446,3,2.328964921293984,-2.328964921293984,3.2098923212545682,2.28457616632597,0.45670030182818017,4.844786410097005,0.6866499522715532
cmaes,34,447,4,2.267201148099345,-2.267201148099345,3.2098923212545682,2.28457616632597,0.45670030182818017,4.844786410097005,0.6866499522715532
cmaes,34,448,5,3.2098923212545682,-3.2098923212545682,3.2098923212545682,2.28457616632597,0.45670030182818017,4.844786410097005,0.6866499522715532
cmaes,34,449,6,2.6250710824100016,-2.6250710824100016,3.2098923212545682,2.28457616632597,0.45670030182818017,4.844786410097005,0.6866499522715532
cmaes,34,450,7,1.7278209380106189,-1.7278209380106189,3.2098923212545682,2.28457616632597,0.45670030182818017,4.844786410097005,0.6866499522715532
cmaes,34,451,8,3.0253786972758157,-3.0253786972758157,3.2098923212545682,2.28457616632597,0.45670030182818017,4.844786410097005,0.6866499522715532
cmaes,34,452,9,2.3769546916201856,-2.3769546916201856,3.2098923212545682,2.28457616632597,0.45670030182818017,4.844786410097005,0.6866499522715532
cmaes,34,453,10,2.401107461476764,-2.401107461476764,3.2098923212545682,2.28457616632597,0.45670030182818017,4.844786410097005,0.6866499522715532
cmaes,34,454,11,2.1425764517537225,-2.1425764517537225,3.2098923212545682,2.28457616632597,0.45670030182818017,4.844786410097005,0.6866499522715532
cmaes,34,455,12,1.5052759889431568,-1.5052759889431568,3.2098923212545682,2.28457616632597,0.45670030182818017,4.844786410097005,0.6866499522715532
cmaes,35,456,0,2.403454027340271,-2.403454027340271,3.468645766328256,2.2872628860108337,0.4755249398846046,4.844786410097005,0.6999652861411857
cmaes,35,457,1,2.682866764766443,-2.682866764766443,3.468645766328256,2.2872628860108337,0.4755249398846046,4.844786410097005,0.6999652861411857
cmaes,35,458,2,2.3979055612919793,-2.3979055612919793,3.468645766328256,2.2872628860108337,0.4755249398846046,4.844786410097005,0.6999652861411857
cmaes,35,459,3,1.6114191458853795,-1.6114191458853795,3.468645766328256,2.2872628860108337,0.4755249398846046,4.844786410097005,0.6999652861411857
cmaes,35,460,4,2.1774070261649765,-2.1774070261649765,3.468645766328256,2.2872628860108337,0.4755249398846046,4.844786410097005,0.6999652861411857
cmaes,35,461,5,2.1249584097010517,-2.1249584097010517,3.468645766328256,2.2872628860108337,0.4755249398846046,4.844786410097005,0.6999652861411857
cmaes,35,462,6,1.7779908375252835,-1.7779908375252835,3.468645766328256,2.2872628860108337,0.4755249398846046,4.844786410097005,0.6999652861411857
cmaes,35,463,7,1.9323279046726036,-1.9323279046726036,3.468645766328256,2.2872628860108337,0.4755249398846046,4.844786410097005,0.6999652861411857
cmaes,35,464,8,1.7136191015092164,-1.7136191015092164,3.468645766328256,2.2872628860108337,0.4755249398846046,4.844786410097005,0.6999652861411857
cmaes,35,465,9,2.5411337309153224,-2.5411337309153224,3.468645766328256,2.2872628860108337,0.4755249398846046,4.844786410097005,0.6999652861411857
cmaes,35,466,10,2.5813937749315063,-2.5813937749315063,3.468645766328256,2.2872628860108337,0.4755249398846046,4.844786410097005,0.6999652861411857
cmaes,35,467,11,2.321295467108555,-2.321295467108555,3.468645766328256,2.2872628860108337,0.4755249398846046,4.844786410097005,0.6999652861411857
cmaes,35,468,12,3.468645766328256,-3.468645766328256,3.468645766328256,2.2872628860108337,0.4755249398846046,4.844786410097005,0.6999652861411857
cmaes,36,469,0,2.863243625727553,-2.863243625727553,4.007702042947452,2.9717679436222415,0.539077115373862,4.844786410097005,0.731064424724178
cmaes,36,470,1,3.2474019233865232,-3.2474019233865232,4.007702042947452,2.9717679436222415,0.539077115373862,4.844786410097005,0.731064424724178
cmaes,36,471,2,2.358345192336485,-2.358345192336485,4.007702042947452,2.9717679436222415,0.539077115373862,4.844786410097005,0.731064424724178
cmaes,36,472,3,2.3258276856388513,-2.3258276856388513,4.007702042947452,2.9717679436222415,0.539077115373862,4.844786410097005,0.731064424724178
cmaes,36,473,4,3.05883596457102,-3.05883596457102,4.007702042947452,2.9717679436222415,0.539077115373862,4.844786410097005,0.731064424724178
cmaes,36,474,5,2.780112603065248,-2.780112603065248,4.007702042947452,2.9717679436222415,0.539077115373862,4.844786410097005,0.731064424724178
cmaes,36,475,6,2.159680014278128,-2.159680014278128,4.007702042947452,2.9717679436222415,0.539077115373862,4.844786410097005,0.731064424724178
cmaes,36,476,7,4.007702042947452,-4.007702042947452,4.007702042947452,2.9717679436222415,0.539077115373862,4.844786410097005,0.731064424724178
cmaes,36,477,8,3.370361416091646,-3.370361416091646,4.007702042947452,2.9717679436222415,0.539077115373862,4.844786410097005,0.731064424724178
cmaes,36,478,9,2.9477187166519343,-2.9477187166519343,4.007702042947452,2.9717679436222415,0.539077115373862,4.844786410097005,0.731064424724178
cmaes,36,479,10,3.4945961298496058,-3.4945961298496058,4.007702042947452,2.9717679436222415,0.539077115373862,4.844786410097005,0.731064424724178
cmaes,36,480,11,2.424791318301735,-2.424791318301735,4.007702042947452,2.9717679436222415,0.539077115373862,4.844786410097005,0.731064424724178
cmaes,36,481,12,3.5943666342429523,-3.5943666342429523,4.007702042947452,2.9717679436222415,0.539077115373862,4.844786410097005,0.731064424724178
cmaes,37,482,0,2.6060143900533905,-2.6060143900533905,3.259318121786614,2.4767656899013115,0.5286345892813813,4.844786410097005,0.7373028823264481
cmaes,37,483,1,1.8324190409102716,-1.8324190409102716,3.259318121786614,2.4767656899013115,0.5286345892813813,4.844786410097005,0.7373028823264481
cmaes,37,484,2,3.128089952975264,-3.128089952975264,3.259318121786614,2.4767656899013115,0.5286345892813813,4.844786410097005,0.7373028823264481
cmaes,37,485,3,2.9698443492535196,-2.9698443492535196,3.259318121786614,2.4767656899013115,0.5286345892813813,4.844786410097005,0.7373028823264481
cmaes,37,486,4,1.6219094743948603,-1.6219094743948603,3.259318121786614,2.4767656899013115,0.5286345892813813,4.844786410097005,0.7373028823264481
cmaes,37,487,5,2.55218205493952,-2.55218205493952,3.259318121786614,2.4767656899013115,0.5286345892813813,4.844786410097005,0.7373028823264481
cmaes,37,488,6,3.066533736669305,-3.066533736669305,3.259318121786614,2.4767656899013115,0.5286345892813813,4.844786410097005,0.7373028823264481
cmaes,37,489,7,1.7714794797526872,-1.7714794797526872,3.259318121786614,2.4767656899013115,0.5286345892813813,4.844786410097005,0.7373028823264481
cmaes,37,490,8,1.9996199321571781,-1.9996199321571781,3.259318121786614,2.4767656899013115,0.5286345892813813,4.844786410097005,0.7373028823264481
cmaes,37,491,9,2.720348254354889,-2.720348254354889,3.259318121786614,2.4767656899013115,0.5286345892813813,4.844786410097005,0.7373028823264481
cmaes,37,492,10,3.259318121786614,-3.259318121786614,3.259318121786614,2.4767656899013115,0.5286345892813813,4.844786410097005,0.7373028823264481
cmaes,37,493,11,2.413903912229924,-2.413903912229924,3.259318121786614,2.4767656899013115,0.5286345892813813,4.844786410097005,0.7373028823264481
cmaes,37,494,12,2.256291269239631,-2.256291269239631,3.259318121786614,2.4767656899013115,0.5286345892813813,4.844786410097005,0.7373028823264481
cmaes,38,495,0,1.716257042921626,-1.716257042921626,3.8886459330943177,2.5963854004369016,0.6771254853344791,4.844786410097005,0.7430601047924028
cmaes,38,496,1,2.26965150741972,-2.26965150741972,3.8886459330943177,2.5963854004369016,0.6771254853344791,4.844786410097005,0.7430601047924028
cmaes,38,497,2,1.9002392248579902,-1.9002392248579902,3.8886459330943177,2.5963854004369016,0.6771254853344791,4.844786410097005,0.7430601047924028
cmaes,38,498,3,2.567858854504891,-2.567858854504891,3.8886459330943177,2.5963854004369016,0.6771254853344791,4.844786410097005,0.7430601047924028
cmaes,38,499,4,3.8886459330943177,-3.8886459330943177,3.8886459330943177,2.5963854004369016,0.6771254853344791,4.844786410097005,0.7430601047924028
cmaes,38,500,5,2.8862703019096667,-2.8862703019096667,3.8886459330943177,2.5963854004369016,0.6771254853344791,4.844786410097005,0.7430601047924028
cmaes,38,501,6,2.3350667193329033,-2.3350667193329033,3.8886459330943177,2.5963854004369016,0.6771254853344791,4.844786410097005,0.7430601047924028
cmaes,38,502,7,3.4529627486228014,-3.4529627486228014,3.8886459330943177,2.5963854004369016,0.6771254853344791,4.844786410097005,0.7430601047924028
cmaes,38,503,8,3.632952346666427,-3.632952346666427,3.8886459330943177,2.5963854004369016,0.6771254853344791,4.844786410097005,0.7430601047924028
cmaes,38,504,9,2.054944856310146,-2.054944856310146,3.8886459330943177,2.5963854004369016,0.6771254853344791,4.844786410097005,0.7430601047924028
cmaes,38,505,10,2.2794109959983775,-2.2794109959983775,3.8886459330943177,2.5963854004369016,0.6771254853344791,4.844786410097005,0.7430601047924028
cmaes,38,506,11,2.8741147673017133,-2.8741147673017133,3.8886459330943177,2.5963854004369016,0.6771254853344791,4.844786410097005,0.7430601047924028
cmaes,38,507,12,1.89463490673914,-1.89463490673914,3.8886459330943177,2.5963854004369016,0.6771254853344791,4.844786410097005,0.7430601047924028
cmaes,39,508,0,1.4586297150547392,-1.4586297150547392,3.5786126134791783,2.6058812702499123,0.7448395173687684,4.844786410097005,0.7497347390404788
cmaes,39,509,1,3.5786126134791783,-3.5786126134791783,3.5786126134791783,2.6058812702499123,0.7448395173687684,4.844786410097005,0.7497347390404788
cmaes,39,510,2,3.3801110042736227,-3.3801110042736227,3.5786126134791783,2.6058812702499123,0.7448395173687684,4.844786410097005,0.7497347390404788
cmaes,39,511,3,2.2806451576896385,-2.2806451576896385,3.5786126134791783,2.6058812702499123,0.7448395173687684,4.844786410097005,0.7497347390404788
cmaes,39,512,4,2.0772693717012185,-2.0772693717012185,3.5786126134791783,2.6058812702499123,0.7448395173687684,4.844786410097005,0.7497347390404788
cmaes,39,513,5,2.259993723532109,-2.259993723532109,3.5786126134791783,2.6058812702499123,0.7448395173687684,4.844786410097005,0.7497347390404788
cmaes,39,514,6,3.540566646892301,-3.540566646892301,3.5786126134791783,2.6058812702499123,0.7448395173687684,4.844786410097005,0.7497347390404788
cmaes,39,515,7,1.5120944255606064,-1.5120944255606064,3.5786126134791783,2.6058812702499123,0.7448395173687684,4.844786410097005,0.7497347390404788
cmaes,39,516,8,3.2021887689789628,-3.2021887689789628,3.5786126134791783,2.6058812702499123,0.7448395173687684,4.844786410097005,0.7497347390404788
cmaes,39,517,9,2.1365380533523117,-2.1365380533523117,3.5786126134791783,2.6058812702499123,0.7448395173687684,4.844786410097005,0.7497347390404788
cmaes,39,518,10,1.9743880656212018,-1.9743880656212018,3.5786126134791783,2.6058812702499123,0.7448395173687684,4.844786410097005,0.7497347390404788
cmaes,39,519,11,3.2728939407685744,-3.2728939407685744,3.5786126134791783,2.6058812702499123,0.7448395173687684,4.844786410097005,0.7497347390404788
cmaes,39,520,12,3.2025250263443925,-3.2025250263443925,3.5786126134791783,2.6058812702499123,0.7448395173687684,4.844786410097005,0.7497347390404788
cmaes,40,521,0,3.1281583378771702,-3.1281583378771702,3.1281583378771702,2.5175607273510248,0.3688893321853412,4.844786410097005,0.7710816824761373
cmaes,40,522,1,3.1154974012037,-3.1154974012037,3.1281583378771702,2.5175607273510248,0.3688893321853412,4.844786410097005,0.7710816824761373
cmaes,40,523,2,2.4410100615877908,-2.4410100615877908,3.1281583378771702,2.5175607273510248,0.3688893321853412,4.844786410097005,0.7710816824761373
cmaes,40,524,3,2.5976037171314363,-2.5976037171314363,3.1281583378771702,2.5175607273510248,0.3688893321853412,4.844786410097005,0.7710816824761373
cmaes,40,525,4,1.8935519021742793,-1.8935519021742793,3.1281583378771702,2.5175607273510248,0.3688893321853412,4.844786410097005,0.7710816824761373
cmaes,40,526,5,2.1244819104230612,-2.1244819104230612,3.1281583378771702,2.5175607273510248,0.3688893321853412,4.844786410097005,0.7710816824761373
cmaes,40,527,6,2.536933627734418,-2.536933627734418,3.1281583378771702,2.5175607273510248,0.3688893321853412,4.844786410097005,0.7710816824761373
cmaes,40,528,7,3.0209585458502115,-3.0209585458502115,3.1281583378771702,2.5175607273510248,0.3688893321853412,4.844786410097005,0.7710816824761373
cmaes,40,529,8,2.6071200593382553,-2.6071200593382553,3.1281583378771702,2.5175607273510248,0.3688893321853412,4.844786410097005,0.7710816824761373
cmaes,40,530,9,2.3244141141451107,-2.3244141141451107,3.1281583378771702,2.5175607273510248,0.3688893321853412,4.844786410097005,0.7710816824761373
cmaes,40,531,10,2.122136634045276,-2.122136634045276,3.1281583378771702,2.5175607273510248,0.3688893321853412,4.844786410097005,0.7710816824761373
cmaes,40,532,11,2.3686957572119174,-2.3686957572119174,3.1281583378771702,2.5175607273510248,0.3688893321853412,4.844786410097005,0.7710816824761373
cmaes,40,533,12,2.4477273868406964,-2.4477273868406964,3.1281583378771702,2.5175607273510248,0.3688893321853412,4.844786410097005,0.7710816824761373
cmaes,41,534,0,3.6351467950862935,-3.6351467950862935,4.247017327214037,2.717717397098018,0.7395800208329135,4.844786410097005,0.8001055208206673
cmaes,41,535,1,2.6216924209655965,-2.6216924209655965,4.247017327214037,2.717717397098018,0.7395800208329135,4.844786410097005,0.8001055208206673
cmaes,41,536,2,1.787254335088442,-1.787254335088442,4.247017327214037,2.717717397098018,0.7395800208329135,4.844786410097005,0.8001055208206673
cmaes,41,537,3,2.700347751962202,-2.700347751962202,4.247017327214037,2.717717397098018,0.7395800208329135,4.844786410097005,0.8001055208206673
cmaes,41,538,4,1.8092415690204815,-1.8092415690204815,4.247017327214037,2.717717397098018,0.7395800208329135,4.844786410097005,0.8001055208206673
cmaes,41,539,5,4.247017327214037,-4.247017327214037,4.247017327214037,2.717717397098018,0.7395800208329135,4.844786410097005,0.8001055208206673
cmaes,41,540,6,2.1220421330749595,-2.1220421330749595,4.247017327214037,2.717717397098018,0.7395800208329135,4.844786410097005,0.8001055208206673
cmaes,41,541,7,1.958886501503711,-1.958886501503711,4.247017327214037,2.717717397098018,0.7395800208329135,4.844786410097005,0.8001055208206673
cmaes,41,542,8,3.3569624640778604,-3.3569624640778604,4.247017327214037,2.717717397098018,0.7395800208329135,4.844786410097005,0.8001055208206673
cmaes,41,543,9,2.6867926944707112,-2.6867926944707112,4.247017327214037,2.717717397098018,0.7395800208329135,4.844786410097005,0.8001055208206673
cmaes,41,544,10,2.4292753530263456,-2.4292753530263456,4.247017327214037,2.717717397098018,0.7395800208329135,4.844786410097005,0.8001055208206673
cmaes,41,545,11,2.41324377064927,-2.41324377064927,4.247017327214037,2.717717397098018,0.7395800208329135,4.844786410097005,0.8001055208206673
cmaes,41,546,12,3.562423046134327,-3.562423046134327,4.247017327214037,2.717717397098018,0.7395800208329135,4.844786410097005,0.8001055208206673
cmaes,42,547,0,2.7447337333917865,-2.7447337333917865,4.112975720348406,2.563731088489063,0.621625093925224,4.844786410097005,0.8259426342311545
cmaes,42,548,1,2.227166141724621,-2.227166141724621,4.112975720348406,2.563731088489063,0.621625093925224,4.844786410097005,0.8259426342311545
cmaes,42,549,2,2.586407940511913,-2.586407940511913,4.112975720348406,2.563731088489063,0.621625093925224,4.844786410097005,0.8259426342311545
cmaes,42,550,3,2.1737303345965744,-2.1737303345965744,4.112975720348406,2.563731088489063,0.621625093925224,4.844786410097005,0.8259426342311545
cmaes,42,551,4,4.112975720348406,-4.112975720348406,4.112975720348406,2.563731088489063,0.621625093925224,4.844786410097005,0.8259426342311545
cmaes,42,552,5,1.8979287251759982,-1.8979287251759982,4.112975720348406,2.563731088489063,0.621625093925224,4.844786410097005,0.8259426342311545
cmaes,42,553,6,2.135778075350205,-2.135778075350205,4.112975720348406,2.563731088489063,0.621625093925224,4.844786410097005,0.8259426342311545
cmaes,42,554,7,2.2046647292799424,-2.2046647292799424,4.112975720348406,2.563731088489063,0.621625093925224,4.844786410097005,0.8259426342311545
cmaes,42,555,8,3.5699871055964074,-3.5699871055964074,4.112975720348406,2.563731088489063,0.621625093925224,4.844786410097005,0.8259426342311545
cmaes,42,556,9,2.097616693164089,-2.097616693164089,4.112975720348406,2.563731088489063,0.621625093925224,4.844786410097005,0.8259426342311545
cmaes,42,557,10,2.942721063613762,-2.942721063613762,4.112975720348406,2.563731088489063,0.621625093925224,4.844786410097005,0.8259426342311545
cmaes,42,558,11,2.124464669238541,-2.124464669238541,4.112975720348406,2.563731088489063,0.621625093925224,4.844786410097005,0.8259426342311545
cmaes,42,559,12,2.510329218365573,-2.510329218365573,4.112975720348406,2.563731088489063,0.621625093925224,4.844786410097005,0.8259426342311545
cmaes,43,560,0,2.3747106601811967,-2.3747106601811967,3.7070288860351064,2.625588567145521,0.5298713305733979,4.844786410097005,0.8537289632495288
cmaes,43,561,1,2.19042259765037,-2.19042259765037,3.7070288860351064,2.625588567145521,0.5298713305733979,4.844786410097005,0.8537289632495288
cmaes,43,562,2,3.7070288860351064,-3.7070288860351064,3.7070288860351064,2.625588567145521,0.5298713305733979,4.844786410097005,0.8537289632495288
cmaes,43,563,3,3.0195036550028393,-3.0195036550028393,3.7070288860351064,2.625588567145521,0.5298713305733979,4.844786410097005,0.8537289632495288
cmaes,43,564,4,2.658451981520642,-2.658451981520642,3.7070288860351064,2.625588567145521,0.5298713305733979,4.844786410097005,0.8537289632495288
cmaes,43,565,5,2.0006257723195184,-2.0006257723195184,3.7070288860351064,2.625588567145521,0.5298713305733979,4.844786410097005,0.8537289632495288
cmaes,43,566,6,1.7149432705690424,-1.7149432705690424,3.7070288860351064,2.625588567145521,0.5298713305733979,4.844786410097005,0.8537289632495288
cmaes,43,567,7,2.35580192075541,-2.35580192075541,3.7070288860351064,2.625588567145521,0.5298713305733979,4.844786410097005,0.8537289632495288
cmaes,43,568,8,2.9480748922547346,-2.9480748922547346,3.7070288860351064,2.625588567145521,0.5298713305733979,4.844786410097005,0.8537289632495288
cmaes,43,569,9,3.441944188404682,-3.441944188404682,3.7070288860351064,2.625588567145521,0.5298713305733979,4.844786410097005,0.8537289632495288
cmaes,43,570,10,2.5669756230376892,-2.5669756230376892,3.7070288860351064,2.625588567145521,0.5298713305733979,4.844786410097005,0.8537289632495288
cmaes,43,571,11,2.5950109687255623,-2.5950109687255623,3.7070288860351064,2.625588567145521,0.5298713305733979,4.844786410097005,0.8537289632495288
cmaes,43,572,12,2.5591569564349728,-2.5591569564349728,3.7070288860351064,2.625588567145521,0.5298713305733979,4.844786410097005,0.8537289632495288
cmaes,44,573,0,1.6405127675858766,-1.6405127675858766,3.314621979587864,2.341699158335161,0.5668384543371566,4.844786410097005,0.8479303989161554
cmaes,44,574,1,2.5976437726434907,-2.5976437726434907,3.314621979587864,2.341699158335161,0.5668384543371566,4.844786410097005,0.8479303989161554
cmaes,44,575,2,1.9668529206204133,-1.9668529206204133,3.314621979587864,2.341699158335161,0.5668384543371566,4.844786410097005,0.8479303989161554
cmaes,44,576,3,2.601529909268725,-2.601529909268725,3.314621979587864,2.341699158335161,0.5668384543371566,4.844786410097005,0.8479303989161554
cmaes,44,577,4,1.991803754120739,-1.991803754120739,3.314621979587864,2.341699158335161,0.5668384543371566,4.844786410097005,0.8479303989161554
cmaes,44,578,5,1.572960825921903,-1.572960825921903,3.314621979587864,2.341699158335161,0.5668384543371566,4.844786410097005,0.8479303989161554
cmaes,44,579,6,3.2167665085351023,-3.2167665085351023,3.314621979587864,2.341699158335161,0.5668384543371566,4.844786410097005,0.8479303989161554
cmaes,44,580,7,3.314621979587864,-3.314621979587864,3.314621979587864,2.341699158335161,0.5668384543371566,4.844786410097005,0.8479303989161554
cmaes,44,581,8,2.6817330720516854,-2.6817330720516854,3.314621979587864,2.341699158335161,0.5668384543371566,4.844786410097005,0.8479303989161554
cmaes,44,582,9,2.9882464321349786,-2.9882464321349786,3.314621979587864,2.341699158335161,0.5668384543371566,4.844786410097005,0.8479303989161554
cmaes,44,583,10,1.8937005509502918,-1.8937005509502918,3.314621979587864,2.341699158335161,0.5668384543371566,4.844786410097005,0.8479303989161554
cmaes,44,584,11,1.9621572324974776,-1.9621572324974776,3.314621979587864,2.341699158335161,0.5668384543371566,4.844786410097005,0.8479303989161554
cmaes,44,585,12,2.013559332438547,-2.013559332438547,3.314621979587864,2.341699158335161,0.5668384543371566,4.844786410097005,0.8479303989161554
cmaes,45,586,0,3.2120804782676515,-3.2120804782676515,3.2120804782676515,2.2332126163874313,0.5762031096453967,4.844786410097005,0.8451090858375472
cmaes,45,587,1,2.8163195092407216,-2.8163195092407216,3.2120804782676515,2.2332126163874313,0.5762031096453967,4.844786410097005,0.8451090858375472
cmaes,45,588,2,1.3711581240970343,-1.3711581240970343,3.2120804782676515,2.2332126163874313,0.5762031096453967,4.844786410097005,0.8451090858375472
cmaes,45,589,3,2.460270329397374,-2.460270329397374,3.2120804782676515,2.2332126163874313,0.5762031096453967,4.844786410097005,0.8451090858375472
cmaes,45,590,4,1.8062280610349892,-1.8062280610349892,3.2120804782676515,2.2332126163874313,0.5762031096453967,4.844786410097005,0.8451090858375472
cmaes,45,591,5,1.7257181189225055,-1.7257181189225055,3.2120804782676515,2.2332126163874313,0.5762031096453967,4.844786410097005,0.8451090858375472
cmaes,45,592,6,1.9100128022455412,-1.9100128022455412,3.2120804782676515,2.2332126163874313,0.5762031096453967,4.844786410097005,0.8451090858375472
cmaes,45,593,7,3.1933237794170277,-3.1933237794170277,3.2120804782676515,2.2332126163874313,0.5762031096453967,4.844786410097005,0.8451090858375472
cmaes,45,594,8,2.203688187291569,-2.203688187291569,3.2120804782676515,2.2332126163874313,0.5762031096453967,4.844786410097005,0.8451090858375472
cmaes,45,595,9,2.1099739544179084,-2.1099739544179084,3.2120804782676515,2.2332126163874313,0.5762031096453967,4.844786410097005,0.8451090858375472
cmaes,45,596,10,1.5429997681113032,-1.5429997681113032,3.2120804782676515,2.2332126163874313,0.5762031096453967,4.844786410097005,0.8451090858375472
cmaes,45,597,11,1.9922564745296953,-1.9922564745296953,3.2120804782676515,2.2332126163874313,0.5762031096453967,4.844786410097005,0.8451090858375472
cmaes,45,598,12,2.687734426063283,-2.687734426063283,3.2120804782676515,2.2332126163874313,0.5762031096453967,4.844786410097005,0.8451090858375472
cmaes,46,599,0,2.3141638446504493,-2.3141638446504493,3.466130713339788,2.293176213428902,0.5397908583186403,4.844786410097005,0.8437357132516666
cmaes,46,600,1,2.361532291631369,-2.361532291631369,3.466130713339788,2.293176213428902,0.5397908583186403,4.844786410097005,0.8437357132516666
cmaes,46,601,2,3.466130713339788,-3.466130713339788,3.466130713339788,2.293176213428902,0.5397908583186403,4.844786410097005,0.8437357132516666
cmaes,46,602,3,1.723979047258321,-1.723979047258321,3.466130713339788,2.293176213428902,0.5397908583186403,4.844786410097005,0.8437357132516666
cmaes,46,603,4,2.999891733508307,-2.999891733508307,3.466130713339788,2.293176213428902,0.5397908583186403,4.844786410097005,0.8437357132516666
cmaes,46,604,5,1.7733621722461737,-1.7733621722461737,3.466130713339788,2.293176213428902,0.5397908583186403,4.844786410097005,0.8437357132516666
cmaes,46,605,6,1.8917626835645784,-1.8917626835645784,3.466130713339788,2.293176213428902,0.5397908583186403,4.844786410097005,0.8437357132516666
cmaes,46,606,7,2.0544135867063953,-2.0544135867063953,3.466130713339788,2.293176213428902,0.5397908583186403,4.844786410097005,0.8437357132516666
cmaes,46,607,8,2.171885187674245,-2.171885187674245,3.466130713339788,2.293176213428902,0.5397908583186403,4.844786410097005,0.8437357132516666
cmaes,46,608,9,2.1209008043575817,-2.1209008043575817,3.466130713339788,2.293176213428902,0.5397908583186403,4.844786410097005,0.8437357132516666
cmaes,46,609,10,1.8710694428601733,-1.8710694428601733,3.466130713339788,2.293176213428902,0.5397908583186403,4.844786410097005,0.8437357132516666
cmaes,46,610,11,1.9149137555537195,-1.9149137555537195,3.466130713339788,2.293176213428902,0.5397908583186403,4.844786410097005,0.8437357132516666
cmaes,46,611,12,3.1472855112246245,-3.1472855112246245,3.466130713339788,2.293176213428902,0.5397908583186403,4.844786410097005,0.8437357132516666
cmaes,47,612,0,3.027085894644856,-3.027085894644856,3.658391024609153,2.3946404726495754,0.5555856511708327,4.844786410097005,0.8569239438884424
cmaes,47,613,1,1.8346575961523415,-1.8346575961523415,3.658391024609153,2.3946404726495754,0.5555856511708327,4.844786410097005,0.8569239438884424
cmaes,47,614,2,2.7611931710669517,-2.7611931710669517,3.658391024609153,2.3946404726495754,0.5555856511708327,4.844786410097005,0.8569239438884424
cmaes,47,615,3,1.902369293600107,-1.902369293600107,3.658391024609153,2.3946404726495754,0.5555856511708327,4.844786410097005,0.8569239438884424
cmaes,47,616,4,2.3002331818248694,-2.3002331818248694,3.658391024609153,2.3946404726495754,0.5555856511708327,4.844786410097005,0.8569239438884424
cmaes,47,617,5,3.658391024609153,-3.658391024609153,3.658391024609153,2.3946404726495754,0.5555856511708327,4.844786410097005,0.8569239438884424
cmaes,47,618,6,2.3589839438423446,-2.3589839438423446,3.658391024609153,2.3946404726495754,0.5555856511708327,4.844786410097005,0.8569239438884424
cmaes,47,619,7,1.997587558556959,-1.997587558556959,3.658391024609153,2.3946404726495754,0.5555856511708327,4.844786410097005,0.8569239438884424
cmaes,47,620,8,1.5988904455744624,-1.5988904455744624,3.658391024609153,2.3946404726495754,0.5555856511708327,4.844786410097005,0.8569239438884424
cmaes,47,621,9,2.5579569529274675,-2.5579569529274675,3.658391024609153,2.3946404726495754,0.5555856511708327,4.844786410097005,0.8569239438884424
cmaes,47,622,10,2.91121602314486,-2.91121602314486,3.658391024609153,2.3946404726495754,0.5555856511708327,4.844786410097005,0.8569239438884424
cmaes,47,623,11,2.2977493195764365,-2.2977493195764365,3.658391024609153,2.3946404726495754,0.5555856511708327,4.844786410097005,0.8569239438884424
cmaes,47,624,12,1.92401173892367,-1.92401173892367,3.658391024609153,2.3946404726495754,0.5555856511708327,4.844786410097005,0.8569239438884424
cmaes,48,625,0,2.206653557835938,-2.206653557835938,4.025379691284025,2.7014602390378104,0.8245215620516464,4.844786410097005,0.8490323950469777
cmaes,48,626,1,1.9602381614392248,-1.9602381614392248,4.025379691284025,2.7014602390378104,0.8245215620516464,4.844786410097005,0.8490323950469777
cmaes,48,627,2,4.025379691284025,-4.025379691284025,4.025379691284025,2.7014602390378104,0.8245215620516464,4.844786410097005,0.8490323950469777
cmaes,48,628,3,2.3866275505068772,-2.3866275505068772,4.025379691284025,2.7014602390378104,0.8245215620516464,4.844786410097005,0.8490323950469777
cmaes,48,629,4,2.497441767858253,-2.497441767858253,4.025379691284025,2.7014602390378104,0.8245215620516464,4.844786410097005,0.8490323950469777
cmaes,48,630,5,1.9805061752452082,-1.9805061752452082,4.025379691284025,2.7014602390378104,0.8245215620516464,4.844786410097005,0.8490323950469777
cmaes,48,631,6,3.1491614954293876,-3.1491614954293876,4.025379691284025,2.7014602390378104,0.8245215620516464,4.844786410097005,0.8490323950469777
cmaes,48,632,7,2.335819872254552,-2.335819872254552,4.025379691284025,2.7014602390378104,0.8245215620516464,4.844786410097005,0.8490323950469777
cmaes,48,633,8,2.0516965456879275,-2.0516965456879275,4.025379691284025,2.7014602390378104,0.8245215620516464,4.844786410097005,0.8490323950469777
cmaes,48,634,9,1.4280267509016091,-1.4280267509016091,4.025379691284025,2.7014602390378104,0.8245215620516464,4.844786410097005,0.8490323950469777
cmaes,48,635,10,4.015415132404373,-4.015415132404373,4.025379691284025,2.7014602390378104,0.8245215620516464,4.844786410097005,0.8490323950469777
cmaes,48,636,11,3.299940789503411,-3.299940789503411,4.025379691284025,2.7014602390378104,0.8245215620516464,4.844786410097005,0.8490323950469777
cmaes,48,637,12,3.782075617140752,-3.782075617140752,4.025379691284025,2.7014602390378104,0.8245215620516464,4.844786410097005,0.8490323950469777
cmaes,49,638,0,3.543394425294569,-3.543394425294569,4.834004775221091,2.8162373055952625,0.8980014463201106,4.844786410097005,0.8335511828444173
cmaes,49,639,1,2.0064451762744246,-2.0064451762744246,4.834004775221091,2.8162373055952625,0.8980014463201106,4.844786410097005,0.8335511828444173
cmaes,49,640,2,2.582346166861261,-2.582346166861261,4.834004775221091,2.8162373055952625,0.8980014463201106,4.844786410097005,0.8335511828444173
cmaes,49,641,3,3.410309233034606,-3.410309233034606,4.834004775221091,2.8162373055952625,0.8980014463201106,4.844786410097005,0.8335511828444173
cmaes,49,642,4,4.008273629970713,-4.008273629970713,4.834004775221091,2.8162373055952625,0.8980014463201106,4.844786410097005,0.8335511828444173
cmaes,49,643,5,3.2492504790646577,-3.2492504790646577,4.834004775221091,2.8162373055952625,0.8980014463201106,4.844786410097005,0.8335511828444173
cmaes,49,644,6,2.4924695110457926,-2.4924695110457926,4.834004775221091,2.8162373055952625,0.8980014463201106,4.844786410097005,0.8335511828444173
cmaes,49,645,7,2.2082002848801587,-2.2082002848801587,4.834004775221091,2.8162373055952625,0.8980014463201106,4.844786410097005,0.8335511828444173
cmaes,49,646,8,2.3333041735719657,-2.3333041735719657,4.834004775221091,2.8162373055952625,0.8980014463201106,4.844786410097005,0.8335511828444173
cmaes,49,647,9,4.834004775221091,-4.834004775221091,4.834004775221091,2.8162373055952625,0.8980014463201106,4.844786410097005,0.8335511828444173
cmaes,49,648,10,1.4700337398329901,-1.4700337398329901,4.834004775221091,2.8162373055952625,0.8980014463201106,4.844786410097005,0.8335511828444173
cmaes,49,649,11,2.1386746095693034,-2.1386746095693034,4.834004775221091,2.8162373055952625,0.8980014463201106,4.844786410097005,0.8335511828444173
cmaes,49,650,12,2.3343787681168755,-2.3343787681168755,4.834004775221091,2.8162373055952625,0.8980014463201106,4.844786410097005,0.8335511828444173
cmaes,50,651,0,2.8295930331460024,-2.8295930331460024,4.2320025423819665,2.8197262102534757,0.761689301970566,4.844786410097005,0.8082179414341573
cmaes,50,652,1,1.8963814403521755,-1.8963814403521755,4.2320025423819665,2.8197262102534757,0.761689301970566,4.844786410097005,0.8082179414341573
cmaes,50,653,2,2.9835353057569907,-2.9835353057569907,4.2320025423819665,2.8197262102534757,0.761689301970566,4.844786410097005,0.8082179414341573
cmaes,50,654,3,1.9998950281744272,-1.9998950281744272,4.2320025423819665,2.8197262102534757,0.761689301970566,4.844786410097005,0.8082179414341573
cmaes,50,655,4,2.8410876111790215,-2.8410876111790215,4.2320025423819665,2.8197262102534757,0.761689301970566,4.844786410097005,0.8082179414341573
cmaes,50,656,5,2.568556540131454,-2.568556540131454,4.2320025423819665,2.8197262102534757,0.761689301970566,4.844786410097005,0.8082179414341573
cmaes,50,657,6,3.409868585792773,-3.409868585792773,4.2320025423819665,2.8197262102534757,0.761689301970566,4.844786410097005,0.8082179414341573
cmaes,50,658,7,2.303618329541809,-2.303618329541809,4.2320025423819665,2.8197262102534757,0.761689301970566,4.844786410097005,0.8082179414341573
cmaes,50,659,8,3.612238943163048,-3.612238943163048,4.2320025423819665,2.8197262102534757,0.761689301970566,4.844786410097005,0.8082179414341573
cmaes,50,660,9,4.2320025423819665,-4.2320025423819665,4.2320025423819665,2.8197262102534757,0.761689301970566,4.844786410097005,0.8082179414341573
cmaes,50,661,10,3.926577050280359,-3.926577050280359,4.2320025423819665,2.8197262102534757,0.761689301970566,4.844786410097005,0.8082179414341573
cmaes,50,662,11,2.3478078272014935,-2.3478078272014935,4.2320025423819665,2.8197262102534757,0.761689301970566,4.844786410097005,0.8082179414341573
cmaes,50,663,12,1.705278496193664,-1.705278496193664,4.2320025423819665,2.8197262102534757,0.761689301970566,4.844786410097005,0.8082179414341573
cmaes,51,664,0,1.554405942377204,-1.554405942377204,3.3761372729598853,2.274529147266158,0.5084294069736893,4.844786410097005,0.7785717062098481
cmaes,51,665,1,2.9444273868905317,-2.9444273868905317,3.3761372729598853,2.274529147266158,0.5084294069736893,4.844786410097005,0.7785717062098481
cmaes,51,666,2,2.3327940663233826,-2.3327940663233826,3.3761372729598853,2.274529147266158,0.5084294069736893,4.844786410097005,0.7785717062098481
cmaes,51,667,3,2.284686154179574,-2.284686154179574,3.3761372729598853,2.274529147266158,0.5084294069736893,4.844786410097005,0.7785717062098481
cmaes,51,668,4,1.935781671983828,-1.935781671983828,3.3761372729598853,2.274529147266158,0.5084294069736893,4.844786410097005,0.7785717062098481
cmaes,51,669,5,1.5997720376771098,-1.5997720376771098,3.3761372729598853,2.274529147266158,0.5084294069736893,4.844786410097005,0.7785717062098481
cmaes,51,670,6,1.8553826149599877,-1.8553826149599877,3.3761372729598853,2.274529147266158,0.5084294069736893,4.844786410097005,0.7785717062098481
cmaes,51,671,7,2.1254832263024253,-2.1254832263024253,3.3761372729598853,2.274529147266158,0.5084294069736893,4.844786410097005,0.7785717062098481
cmaes,51,672,8,2.7487709495190535,-2.7487709495190535,3.3761372729598853,2.274529147266158,0.5084294069736893,4.844786410097005,0.7785717062098481
cmaes,51,673,9,2.476882191093673,-2.476882191093673,3.3761372729598853,2.274529147266158,0.5084294069736893,4.844786410097005,0.7785717062098481
cmaes,51,674,10,2.4113910041104294,-2.4113910041104294,3.3761372729598853,2.274529147266158,0.5084294069736893,4.844786410097005,0.7785717062098481
cmaes,51,675,11,3.3761372729598853,-3.3761372729598853,3.3761372729598853,2.274529147266158,0.5084294069736893,4.844786410097005,0.7785717062098481
cmaes,51,676,12,1.9229643960829765,-1.9229643960829765,3.3761372729598853,2.274529147266158,0.5084294069736893,4.844786410097005,0.7785717062098481
cmaes,52,677,0,2.4509403312641567,-2.4509403312641567,3.542664511519863,2.721866167837021,0.5663714679753769,4.844786410097005,0.7439614154034636
cmaes,52,678,1,2.4017761780408087,-2.4017761780408087,3.542664511519863,2.721866167837021,0.5663714679753769,4.844786410097005,0.7439614154034636
cmaes,52,679,2,2.524316354174914,-2.524316354174914,3.542664511519863,2.721866167837021,0.5663714679753769,4.844786410097005,0.7439614154034636
cmaes,52,680,3,2.90616076248024,-2.90616076248024,3.542664511519863,2.721866167837021,0.5663714679753769,4.844786410097005,0.7439614154034636
cmaes,52,681,4,3.4792375234768254,-3.4792375234768254,3.542664511519863,2.721866167837021,0.5663714679753769,4.844786410097005,0.7439614154034636
cmaes,52,682,5,3.31921614545779,-3.31921614545779,3.542664511519863,2.721866167837021,0.5663714679753769,4.844786410097005,0.7439614154034636
cmaes,52,683,6,3.377138741597828,-3.377138741597828,3.542664511519863,2.721866167837021,0.5663714679753769,4.844786410097005,0.7439614154034636
cmaes,52,684,7,2.059287627779422,-2.059287627779422,3.542664511519863,2.721866167837021,0.5663714679753769,4.844786410097005,0.7439614154034636
cmaes,52,685,8,3.542664511519863,-3.542664511519863,3.542664511519863,2.721866167837021,0.5663714679753769,4.844786410097005,0.7439614154034636
cmaes,52,686,9,2.475257337957266,-2.475257337957266,3.542664511519863,2.721866167837021,0.5663714679753769,4.844786410097005,0.7439614154034636
cmaes,52,687,10,1.7883111354947951,-1.7883111354947951,3.542664511519863,2.721866167837021,0.5663714679753769,4.844786410097005,0.7439614154034636
cmaes,52,688,11,3.0004673223389533,-3.0004673223389533,3.542664511519863,2.721866167837021,0.5663714679753769,4.844786410097005,0.7439614154034636
cmaes,52,689,12,2.0594862102984095,-2.0594862102984095,3.542664511519863,2.721866167837021,0.5663714679753769,4.844786410097005,0.7439614154034636
cmaes,53,690,0,2.3669984214325264,-2.3669984214325264,3.1756495450883815,2.5275613310374045,0.4714691851510305,4.844786410097005,0.7012697044805977
cmaes,53,691,1,1.8649546167086104,-1.8649546167086104,3.1756495450883815,2.5275613310374045,0.4714691851510305,4.844786410097005,0.7012697044805977
cmaes,53,692,2,3.0330077314048824,-3.0330077314048824,3.1756495450883815,2.5275613310374045,0.4714691851510305,4.844786410097005,0.7012697044805977
cmaes,53,693,3,1.7356426294212148,-1.7356426294212148,3.1756495450883815,2.5275613310374045,0.4714691851510305,4.844786410097005,0.7012697044805977
cmaes,53,694,4,2.363419398743088,-2.363419398743088,3.1756495450883815,2.5275613310374045,0.4714691851510305,4.844786410097005,0.7012697044805977
cmaes,53,695,5,2.7414924164758223,-2.7414924164758223,3.1756495450883815,2.5275613310374045,0.4714691851510305,4.844786410097005,0.7012697044805977
cmaes,53,696,6,3.153304017365168,-3.153304017365168,3.1756495450883815,2.5275613310374045,0.4714691851510305,4.844786410097005,0.7012697044805977
cmaes,53,697,7,2.4426769648805404,-2.4426769648805404,3.1756495450883815,2.5275613310374045,0.4714691851510305,4.844786410097005,0.7012697044805977
cmaes,53,698,8,3.1756495450883815,-3.1756495450883815,3.1756495450883815,2.5275613310374045,0.4714691851510305,4.844786410097005,0.7012697044805977
cmaes,53,699,9,2.5941440231976847,-2.5941440231976847,3.1756495450883815,2.5275613310374045,0.4714691851510305,4.844786410097005,0.7012697044805977
cmaes,53,700,10,2.0614515975199312,-2.0614515975199312,3.1756495450883815,2.5275613310374045,0.4714691851510305,4.844786410097005,0.7012697044805977
cmaes,53,701,11,2.2197786453941473,-2.2197786453941473,3.1756495450883815,2.5275613310374045,0.4714691851510305,4.844786410097005,0.7012697044805977
cmaes,53,702,12,3.1057772958542604,-3.1057772958542604,3.1756495450883815,2.5275613310374045,0.4714691851510305,4.844786410097005,0.7012697044805977
cmaes,54,703,0,2.777062719863958,-2.777062719863958,3.608482365650423,2.66982658515645,0.43810129433659756,4.844786410097005,0.6800301420961483
cmaes,54,704,1,2.961391591025503,-2.961391591025503,3.608482365650423,2.66982658515645,0.43810129433659756,4.844786410097005,0.6800301420961483
cmaes,54,705,2,2.338074191816323,-2.338074191816323,3.608482365650423,2.66982658515645,0.43810129433659756,4.844786410097005,0.6800301420961483
cmaes,54,706,3,2.1685897412967416,-2.1685897412967416,3.608482365650423,2.66982658515645,0.43810129433659756,4.844786410097005,0.6800301420961483
cmaes,54,707,4,2.141241523427421,-2.141241523427421,3.608482365650423,2.66982658515645,0.43810129433659756,4.844786410097005,0.6800301420961483
cmaes,54,708,5,2.8051215313114954,-2.8051215313114954,3.608482365650423,2.66982658515645,0.43810129433659756,4.844786410097005,0.6800301420961483
cmaes,54,709,6,2.578878963111945,-2.578878963111945,3.608482365650423,2.66982658515645,0.43810129433659756,4.844786410097005,0.6800301420961483
cmaes,54,710,7,2.591867237401815,-2.591867237401815,3.608482365650423,2.66982658515645,0.43810129433659756,4.844786410097005,0.6800301420961483
cmaes,54,711,8,2.2536625746603565,-2.2536625746603565,3.608482365650423,2.66982658515645,0.43810129433659756,4.844786410097005,0.6800301420961483
cmaes,54,712,9,2.6152172761019834,-2.6152172761019834,3.608482365650423,2.66982658515645,0.43810129433659756,4.844786410097005,0.6800301420961483
cmaes,54,713,10,3.4480599446526763,-3.4480599446526763,3.608482365650423,2.66982658515645,0.43810129433659756,4.844786410097005,0.6800301420961483
cmaes,54,714,11,3.608482365650423,-3.608482365650423,3.608482365650423,2.66982658515645,0.43810129433659756,4.844786410097005,0.6800301420961483
cmaes,54,715,12,2.42009594671321,-2.42009594671321,3.608482365650423,2.66982658515645,0.43810129433659756,4.844786410097005,0.6800301420961483
cmaes,55,716,0,3.8241546057732525,-3.8241546057732525,3.8241546057732525,2.6845308674089767,0.6489476375362973,4.844786410097005,0.6829996868205135
cmaes,55,717,1,2.0574404690008157,-2.0574404690008157,3.8241546057732525,2.6845308674089767,0.6489476375362973,4.844786410097005,0.6829996868205135
cmaes,55,718,2,3.0285831682345656,-3.0285831682345656,3.8241546057732525,2.6845308674089767,0.6489476375362973,4.844786410097005,0.6829996868205135
cmaes,55,719,3,3.417884496689864,-3.417884496689864,3.8241546057732525,2.6845308674089767,0.6489476375362973,4.844786410097005,0.6829996868205135
cmaes,55,720,4,1.8491931959274988,-1.8491931959274988,3.8241546057732525,2.6845308674089767,0.6489476375362973,4.844786410097005,0.6829996868205135
cmaes,55,721,5,2.5045552317380726,-2.5045552317380726,3.8241546057732525,2.6845308674089767,0.6489476375362973,4.844786410097005,0.6829996868205135
cmaes,55,722,6,2.529451557452299,-2.529451557452299,3.8241546057732525,2.6845308674089767,0.6489476375362973,4.844786410097005,0.6829996868205135
cmaes,55,723,7,2.0993475489680034,-2.0993475489680034,3.8241546057732525,2.6845308674089767,0.6489476375362973,4.844786410097005,0.6829996868205135
cmaes,55,724,8,1.5650257179243108,-1.5650257179243108,3.8241546057732525,2.6845308674089767,0.6489476375362973,4.844786410097005,0.6829996868205135
cmaes,55,725,9,2.7194597870592716,-2.7194597870592716,3.8241546057732525,2.6845308674089767,0.6489476375362973,4.844786410097005,0.6829996868205135
cmaes,55,726,10,3.2573931142630967,-3.2573931142630967,3.8241546057732525,2.6845308674089767,0.6489476375362973,4.844786410097005,0.6829996868205135
cmaes,55,727,11,3.3532145479223954,-3.3532145479223954,3.8241546057732525,2.6845308674089767,0.6489476375362973,4.844786410097005,0.6829996868205135
cmaes,55,728,12,2.69319783536325,-2.69319783536325,3.8241546057732525,2.6845308674089767,0.6489476375362973,4.844786410097005,0.6829996868205135
cmaes,56,729,0,2.0388090364046705,-2.0388090364046705,3.532728830249426,2.621826441573376,0.519880286635122,4.844786410097005,0.6941720093615079
cmaes,56,730,1,2.7227243084683446,-2.7227243084683446,3.532728830249426,2.621826441573376,0.519880286635122,4.844786410097005,0.6941720093615079
cmaes,56,731,2,3.532728830249426,-3.532728830249426,3.532728830249426,2.621826441573376,0.519880286635122,4.844786410097005,0.6941720093615079
cmaes,56,732,3,2.7589599239064926,-2.7589599239064926,3.532728830249426,2.621826441573376,0.519880286635122,4.844786410097005,0.6941720093615079
cmaes,56,733,4,2.190324133319603,-2.190324133319603,3.532728830249426,2.621826441573376,0.519880286635122,4.844786410097005,0.6941720093615079
cmaes,56,734,5,2.666198978125252,-2.666198978125252,3.532728830249426,2.621826441573376,0.519880286635122,4.844786410097005,0.6941720093615079
cmaes,56,735,6,2.2908064324301143,-2.2908064324301143,3.532728830249426,2.621826441573376,0.519880286635122,4.844786410097005,0.6941720093615079
cmaes,56,736,7,3.5138517474337876,-3.5138517474337876,3.532728830249426,2.621826441573376,0.519880286635122,4.844786410097005,0.6941720093615079
cmaes,56,737,8,2.2940401144687175,-2.2940401144687175,3.532728830249426,2.621826441573376,0.519880286635122,4.844786410097005,0.6941720093615079
cmaes,56,738,9,2.5594806660071754,-2.5594806660071754,3.532728830249426,2.621826441573376,0.519880286635122,4.844786410097005,0.6941720093615079
cmaes,56,739,10,2.0304568769136977,-2.0304568769136977,3.532728830249426,2.621826441573376,0.519880286635122,4.844786410097005,0.6941720093615079
cmaes,56,740,11,2.1380177924370476,-2.1380177924370476,3.532728830249426,2.621826441573376,0.519880286635122,4.844786410097005,0.6941720093615079
cmaes,56,741,12,3.3473449002895634,-3.3473449002895634,3.532728830249426,2.621826441573376,0.519880286635122,4.844786410097005,0.6941720093615079
cmaes,57,742,0,2.997155667670074,-2.997155667670074,3.6789564827183856,2.5562620823603033,0.5983471098848188,4.844786410097005,0.7228723282499318
cmaes,57,743,1,2.9131159783697966,-2.9131159783697966,3.6789564827183856,2.5562620823603033,0.5983471098848188,4.844786410097005,0.7228723282499318
cmaes,57,744,2,1.73284566528612,-1.73284566528612,3.6789564827183856,2.5562620823603033,0.5983471098848188,4.844786410097005,0.7228723282499318
cmaes,57,745,3,2.1219156610913106,-2.1219156610913106,3.6789564827183856,2.5562620823603033,0.5983471098848188,4.844786410097005,0.7228723282499318
cmaes,57,746,4,1.5748995540080062,-1.5748995540080062,3.6789564827183856,2.5562620823603033,0.5983471098848188,4.844786410097005,0.7228723282499318
cmaes,57,747,5,2.393246143805857,-2.393246143805857,3.6789564827183856,2.5562620823603033,0.5983471098848188,4.844786410097005,0.7228723282499318
cmaes,57,748,6,2.9838225562845127,-2.9838225562845127,3.6789564827183856,2.5562620823603033,0.5983471098848188,4.844786410097005,0.7228723282499318
cmaes,57,749,7,3.6789564827183856,-3.6789564827183856,3.6789564827183856,2.5562620823603033,0.5983471098848188,4.844786410097005,0.7228723282499318
cmaes,57,750,8,2.718141294287629,-2.718141294287629,3.6789564827183856,2.5562620823603033,0.5983471098848188,4.844786410097005,0.7228723282499318
cmaes,57,751,9,2.775623942159103,-2.775623942159103,3.6789564827183856,2.5562620823603033,0.5983471098848188,4.844786410097005,0.7228723282499318
cmaes,57,752,10,2.5653900105447343,-2.5653900105447343,3.6789564827183856,2.5562620823603033,0.5983471098848188,4.844786410097005,0.7228723282499318
cmaes,57,753,11,1.7165754923118492,-1.7165754923118492,3.6789564827183856,2.5562620823603033,0.5983471098848188,4.844786410097005,0.7228723282499318
cmaes,57,754,12,3.0597186221465553,-3.0597186221465553,3.6789564827183856,2.5562620823603033,0.5983471098848188,4.844786410097005,0.7228723282499318
cmaes,58,755,0,2.0181194759075196,-2.0181194759075196,3.643867879447893,2.2621561947717876,0.5194119927075621,4.844786410097005,0.734672700513853
cmaes,58,756,1,1.9704516762938602,-1.9704516762938602,3.643867879447893,2.2621561947717876,0.5194119927075621,4.844786410097005,0.734672700513853
cmaes,58,757,2,2.677623237235077,-2.677623237235077,3.643867879447893,2.2621561947717876,0.5194119927075621,4.844786410097005,0.734672700513853
cmaes,58,758,3,1.9339694360977617,-1.9339694360977617,3.643867879447893,2.2621561947717876,0.5194119927075621,4.844786410097005,0.734672700513853
cmaes,58,759,4,2.456992367944944,-2.456992367944944,3.643867879447893,2.2621561947717876,0.5194119927075621,4.844786410097005,0.734672700513853
cmaes,58,760,5,2.764705351607198,-2.764705351607198,3.643867879447893,2.2621561947717876,0.5194119927075621,4.844786410097005,0.734672700513853
cmaes,58,761,6,1.8754060161641928,-1.8754060161641928,3.643867879447893,2.2621561947717876,0.5194119927075621,4.844786410097005,0.734672700513853
cmaes,58,762,7,1.783215013263419,-1.783215013263419,3.643867879447893,2.2621561947717876,0.5194119927075621,4.844786410097005,0.734672700513853
cmaes,58,763,8,2.501793630680087,-2.501793630680087,3.643867879447893,2.2621561947717876,0.5194119927075621,4.844786410097005,0.734672700513853
cmaes,58,764,9,1.7357909137116685,-1.7357909137116685,3.643867879447893,2.2621561947717876,0.5194119927075621,4.844786410097005,0.734672700513853
cmaes,58,765,10,2.188657643661555,-2.188657643661555,3.643867879447893,2.2621561947717876,0.5194119927075621,4.844786410097005,0.734672700513853
cmaes,58,766,11,3.643867879447893,-3.643867879447893,3.643867879447893,2.2621561947717876,0.5194119927075621,4.844786410097005,0.734672700513853
cmaes,58,767,12,1.857437890018066,-1.857437890018066,3.643867879447893,2.2621561947717876,0.5194119927075621,4.844786410097005,0.734672700513853
cmaes,59,768,0,3.1874635874817936,-3.1874635874817936,3.4408360074776554,2.3886701671387964,0.5056743706456887,4.844786410097005,0.7657308044385364
cmaes,59,769,1,2.08528926168539,-2.08528926168539,3.4408360074776554,2.3886701671387964,0.5056743706456887,4.844786410097005,0.7657308044385364
cmaes,59,770,2,2.3343094723455304,-2.3343094723455304,3.4408360074776554,2.3886701671387964,0.5056743706456887,4.844786410097005,0.7657308044385364
cmaes,59,771,3,2.2067414195969546,-2.2067414195969546,3.4408360074776554,2.3886701671387964,0.5056743706456887,4.844786410097005,0.7657308044385364
cmaes,59,772,4,2.172214636613307,-2.172214636613307,3.4408360074776554,2.3886701671387964,0.5056743706456887,4.844786410097005,0.7657308044385364
cmaes,59,773,5,1.9504988929588445,-1.9504988929588445,3.4408360074776554,2.3886701671387964,0.5056743706456887,4.844786410097005,0.7657308044385364
cmaes,59,774,6,1.6997652677283484,-1.6997652677283484,3.4408360074776554,2.3886701671387964,0.5056743706456887,4.844786410097005,0.7657308044385364
cmaes,59,775,7,2.2958237383127753,-2.2958237383127753,3.4408360074776554,2.3886701671387964,0.5056743706456887,4.844786410097005,0.7657308044385364
cmaes,59,776,8,1.865613095853775,-1.865613095853775,3.4408360074776554,2.3886701671387964,0.5056743706456887,4.844786410097005,0.7657308044385364
cmaes,59,777,9,2.40557337540852,-2.40557337540852,3.4408360074776554,2.3886701671387964,0.5056743706456887,4.844786410097005,0.7657308044385364
cmaes,59,778,10,2.3466588163277105,-2.3466588163277105,3.4408360074776554,2.3886701671387964,0.5056743706456887,4.844786410097005,0.7657308044385364
cmaes,59,779,11,3.0619246010137533,-3.0619246010137533,3.4408360074776554,2.3886701671387964,0.5056743706456887,4.844786410097005,0.7657308044385364
cmaes,59,780,12,3.4408360074776554,-3.4408360074776554,3.4408360074776554,2.3886701671387964,0.5056743706456887,4.844786410097005,0.7657308044385364
cmaes,60,781,0,2.3881933768512527,-2.3881933768512527,3.556915302320943,2.3019375108712508,0.6364355754299827,4.844786410097005,0.7752266652087079
cmaes,60,782,1,3.358729317884653,-3.358729317884653,3.556915302320943,2.3019375108712508,0.6364355754299827,4.844786410097005,0.7752266652087079
cmaes,60,783,2,1.552516963935873,-1.552516963935873,3.556915302320943,2.3019375108712508,0.6364355754299827,4.844786410097005,0.7752266652087079
cmaes,60,784,3,2.140964701944292,-2.140964701944292,3.556915302320943,2.3019375108712508,0.6364355754299827,4.844786410097005,0.7752266652087079
cmaes,60,785,4,1.966914390043475,-1.966914390043475,3.556915302320943,2.3019375108712508,0.6364355754299827,4.844786410097005,0.7752266652087079
cmaes,60,786,5,1.8070271518623615,-1.8070271518623615,3.556915302320943,2.3019375108712508,0.6364355754299827,4.844786410097005,0.7752266652087079
cmaes,60,787,6,2.0453602506869135,-2.0453602506869135,3.556915302320943,2.3019375108712508,0.6364355754299827,4.844786410097005,0.7752266652087079
cmaes,60,788,7,1.552806927981012,-1.552806927981012,3.556915302320943,2.3019375108712508,0.6364355754299827,4.844786410097005,0.7752266652087079
cmaes,60,789,8,2.2705499777295426,-2.2705499777295426,3.556915302320943,2.3019375108712508,0.6364355754299827,4.844786410097005,0.7752266652087079
cmaes,60,790,9,1.9206314705330712,-1.9206314705330712,3.556915302320943,2.3019375108712508,0.6364355754299827,4.844786410097005,0.7752266652087079
cmaes,60,791,10,3.2109534348005795,-3.2109534348005795,3.556915302320943,2.3019375108712508,0.6364355754299827,4.844786410097005,0.7752266652087079
cmaes,60,792,11,3.556915302320943,-3.556915302320943,3.556915302320943,2.3019375108712508,0.6364355754299827,4.844786410097005,0.7752266652087079
cmaes,60,793,12,2.1536243747522863,-2.1536243747522863,3.556915302320943,2.3019375108712508,0.6364355754299827,4.844786410097005,0.7752266652087079
cmaes,61,794,0,2.3101883753741066,-2.3101883753741066,3.989987999578118,2.787086953195007,0.7057735670209518,4.844786410097005,0.7728096606124037
cmaes,61,795,1,3.149458023650255,-3.149458023650255,3.989987999578118,2.787086953195007,0.7057735670209518,4.844786410097005,0.7728096606124037
cmaes,61,796,2,2.2775807343815564,-2.2775807343815564,3.989987999578118,2.787086953195007,0.7057735670209518,4.844786410097005,0.7728096606124037
cmaes,61,797,3,1.7321680464133915,-1.7321680464133915,3.989987999578118,2.787086953195007,0.7057735670209518,4.844786410097005,0.7728096606124037
cmaes,61,798,4,3.034692070749642,-3.034692070749642,3.989987999578118,2.787086953195007,0.7057735670209518,4.844786410097005,0.7728096606124037
cmaes,61,799,5,1.6409400767306972,-1.6409400767306972,3.989987999578118,2.787086953195007,0.7057735670209518,4.844786410097005,0.7728096606124037
cmaes,61,800,6,3.4441782983351725,-3.4441782983351725,3.989987999578118,2.787086953195007,0.7057735670209518,4.844786410097005,0.7728096606124037
cmaes,61,801,7,3.6916871041207657,-3.6916871041207657,3.989987999578118,2.787086953195007,0.7057735670209518,4.844786410097005,0.7728096606124037
cmaes,61,802,8,3.3448352596445354,-3.3448352596445354,3.989987999578118,2.787086953195007,0.7057735670209518,4.844786410097005,0.7728096606124037
cmaes,61,803,9,2.3156173892939687,-2.3156173892939687,3.989987999578118,2.787086953195007,0.7057735670209518,4.844786410097005,0.7728096606124037
cmaes,61,804,10,2.8757650866680833,-2.8757650866680833,3.989987999578118,2.787086953195007,0.7057735670209518,4.844786410097005,0.7728096606124037
cmaes,61,805,11,3.989987999578118,-3.989987999578118,3.989987999578118,2.787086953195007,0.7057735670209518,4.844786410097005,0.7728096606124037
cmaes,61,806,12,2.4250319265948006,-2.4250319265948006,3.989987999578118,2.787086953195007,0.7057735670209518,4.844786410097005,0.7728096606124037
cmaes,62,807,0,2.102672023972729,-2.102672023972729,4.4630126900011,2.634482365091554,0.6898994745068239,4.844786410097005,0.7758787952516514
cmaes,62,808,1,2.547503873242973,-2.547503873242973,4.4630126900011,2.634482365091554,0.6898994745068239,4.844786410097005,0.7758787952516514
cmaes,62,809,2,3.2066196615559956,-3.2066196615559956,4.4630126900011,2.634482365091554,0.6898994745068239,4.844786410097005,0.7758787952516514
cmaes,62,810,3,4.4630126900011,-4.4630126900011,4.4630126900011,2.634482365091554,0.6898994745068239,4.844786410097005,0.7758787952516514
cmaes,62,811,4,2.0926133735475316,-2.0926133735475316,4.4630126900011,2.634482365091554,0.6898994745068239,4.844786410097005,0.7758787952516514
cmaes,62,812,5,1.9480524589803019,-1.9480524589803019,4.4630126900011,2.634482365091554,0.6898994745068239,4.844786410097005,0.7758787952516514
cmaes,62,813,6,1.7410421316854043,-1.7410421316854043,4.4630126900011,2.634482365091554,0.6898994745068239,4.844786410097005,0.7758787952516514
cmaes,62,814,7,2.286244448688255,-2.286244448688255,4.4630126900011,2.634482365091554,0.6898994745068239,4.844786410097005,0.7758787952516514
cmaes,62,815,8,3.2253678696025863,-3.2253678696025863,4.4630126900011,2.634482365091554,0.6898994745068239,4.844786410097005,0.7758787952516514
cmaes,62,816,9,2.827079363565048,-2.827079363565048,4.4630126900011,2.634482365091554,0.6898994745068239,4.844786410097005,0.7758787952516514
cmaes,62,817,10,2.4843883542255885,-2.4843883542255885,4.4630126900011,2.634482365091554,0.6898994745068239,4.844786410097005,0.7758787952516514
cmaes,62,818,11,2.405256091626834,-2.405256091626834,4.4630126900011,2.634482365091554,0.6898994745068239,4.844786410097005,0.7758787952516514
cmaes,62,819,12,2.918418405495854,-2.918418405495854,4.4630126900011,2.634482365091554,0.6898994745068239,4.844786410097005,0.7758787952516514
cmaes,63,820,0,2.7293755864290814,-2.7293755864290814,3.514100810239244,2.5876587631816226,0.5601899582473051,4.844786410097005,0.7726575875519277
cmaes,63,821,1,2.1050981429906654,-2.1050981429906654,3.514100810239244,2.5876587631816226,0.5601899582473051,4.844786410097005,0.7726575875519277
cmaes,63,822,2,2.1706570253157698,-2.1706570253157698,3.514100810239244,2.5876587631816226,0.5601899582473051,4.844786410097005,0.7726575875519277
cmaes,63,823,3,3.1912190388586987,-3.1912190388586987,3.514100810239244,2.5876587631816226,0.5601899582473051,4.844786410097005,0.7726575875519277
cmaes,63,824,4,2.006636762930202,-2.006636762930202,3.514100810239244,2.5876587631816226,0.5601899582473051,4.844786410097005,0.7726575875519277
cmaes,63,825,5,2.8948934436741807,-2.8948934436741807,3.514100810239244,2.5876587631816226,0.5601899582473051,4.844786410097005,0.7726575875519277
cmaes,63,826,6,3.3714868531365783,-3.3714868531365783,3.514100810239244,2.5876587631816226,0.5601899582473051,4.844786410097005,0.7726575875519277
cmaes,63,827,7,2.2238056272875224,-2.2238056272875224,3.514100810239244,2.5876587631816226,0.5601899582473051,4.844786410097005,0.7726575875519277
cmaes,63,828,8,1.6972976428225162,-1.6972976428225162,3.514100810239244,2.5876587631816226,0.5601899582473051,4.844786410097005,0.7726575875519277
cmaes,63,829,9,2.159966330292733,-2.159966330292733,3.514100810239244,2.5876587631816226,0.5601899582473051,4.844786410097005,0.7726575875519277
cmaes,63,830,10,3.514100810239244,-3.514100810239244,3.514100810239244,2.5876587631816226,0.5601899582473051,4.844786410097005,0.7726575875519277
cmaes,63,831,11,3.100438878483857,-3.100438878483857,3.514100810239244,2.5876587631816226,0.5601899582473051,4.844786410097005,0.7726575875519277
cmaes,63,832,12,2.4745877789000468,-2.4745877789000468,3.514100810239244,2.5876587631816226,0.5601899582473051,4.844786410097005,0.7726575875519277
cmaes,64,833,0,2.373893077126996,-2.373893077126996,4.119120991397503,3.028267147675402,0.8243632827822465,4.844786410097005,0.7483033324084245
cmaes,64,834,1,4.119120991397503,-4.119120991397503,4.119120991397503,3.028267147675402,0.8243632827822465,4.844786410097005,0.7483033324084245
cmaes,64,835,2,3.286027076146263,-3.286027076146263,4.119120991397503,3.028267147675402,0.8243632827822465,4.844786410097005,0.7483033324084245
cmaes,64,836,3,2.0095593465465504,-2.0095593465465504,4.119120991397503,3.028267147675402,0.8243632827822465,4.844786410097005,0.7483033324084245
cmaes,64,837,4,4.068986887947853,-4.068986887947853,4.119120991397503,3.028267147675402,0.8243632827822465,4.844786410097005,0.7483033324084245
cmaes,64,838,5,2.1393391090813627,-2.1393391090813627,4.119120991397503,3.028267147675402,0.8243632827822465,4.844786410097005,0.7483033324084245
cmaes,64,839,6,3.310999841630814,-3.310999841630814,4.119120991397503,3.028267147675402,0.8243632827822465,4.844786410097005,0.7483033324084245
cmaes,64,840,7,3.713709701203708,-3.713709701203708,4.119120991397503,3.028267147675402,0.8243632827822465,4.844786410097005,0.7483033324084245
cmaes,64,841,8,3.5930197619201136,-3.5930197619201136,4.119120991397503,3.028267147675402,0.8243632827822465,4.844786410097005,0.7483033324084245
cmaes,64,842,9,1.6998277822307137,-1.6998277822307137,4.119120991397503,3.028267147675402,0.8243632827822465,4.844786410097005,0.7483033324084245
cmaes,64,843,10,2.227626649940206,-2.227626649940206,4.119120991397503,3.028267147675402,0.8243632827822465,4.844786410097005,0.7483033324084245
cmaes,64,844,11,2.8344214320051804,-2.8344214320051804,4.119120991397503,3.028267147675402,0.8243632827822465,4.844786410097005,0.7483033324084245
cmaes,64,845,12,3.9909412626029566,-3.9909412626029566,4.119120991397503,3.028267147675402,0.8243632827822465,4.844786410097005,0.7483033324084245
cmaes,65,846,0,2.1329057334540593,-2.1329057334540593,3.1769771297320055,2.435214675532372,0.5072424758091592,4.844786410097005,0.7061566408118838
cmaes,65,847,1,2.060334665740331,-2.060334665740331,3.1769771297320055,2.435214675532372,0.5072424758091592,4.844786410097005,0.7061566408118838
cmaes,65,848,2,2.3598544406845825,-2.3598544406845825,3.1769771297320055,2.435214675532372,0.5072424758091592,4.844786410097005,0.7061566408118838
cmaes,65,849,3,2.7631576166271774,-2.7631576166271774,3.1769771297320055,2.435214675532372,0.5072424758091592,4.844786410097005,0.7061566408118838
cmaes,65,850,4,3.1769771297320055,-3.1769771297320055,3.1769771297320055,2.435214675532372,0.5072424758091592,4.844786410097005,0.7061566408118838
cmaes,65,851,5,2.080742705083014,-2.080742705083014,3.1769771297320055,2.435214675532372,0.5072424758091592,4.844786410097005,0.7061566408118838
cmaes,65,852,6,1.8696285382872255,-1.8696285382872255,3.1769771297320055,2.435214675532372,0.5072424758091592,4.844786410097005,0.7061566408118838
cmaes,65,853,7,2.351658127223567,-2.351658127223567,3.1769771297320055,2.435214675532372,0.5072424758091592,4.844786410097005,0.7061566408118838
cmaes,65,854,8,2.9563223553912565,-2.9563223553912565,3.1769771297320055,2.435214675532372,0.5072424758091592,4.844786410097005,0.7061566408118838
cmaes,65,855,9,3.1207302033619064,-3.1207302033619064,3.1769771297320055,2.435214675532372,0.5072424758091592,4.844786410097005,0.7061566408118838
cmaes,65,856,10,2.935777109538018,-2.935777109538018,3.1769771297320055,2.435214675532372,0.5072424758091592,4.844786410097005,0.7061566408118838
cmaes,65,857,11,1.4329355230797147,-1.4329355230797147,3.1769771297320055,2.435214675532372,0.5072424758091592,4.844786410097005,0.7061566408118838
cmaes,65,858,12,2.4167666337179785,-2.4167666337179785,3.1769771297320055,2.435214675532372,0.5072424758091592,4.844786410097005,0.7061566408118838
cmaes,66,859,0,2.654434622413311,-2.654434622413311,3.9998711947865027,2.5284847009434097,0.5819729009552035,4.844786410097005,0.6780723315468385
cmaes,66,860,1,1.9967265053350942,-1.9967265053350942,3.9998711947865027,2.5284847009434097,0.5819729009552035,4.844786410097005,0.6780723315468385
cmaes,66,861,2,2.2107821308624764,-2.2107821308624764,3.9998711947865027,2.5284847009434097,0.5819729009552035,4.844786410097005,0.6780723315468385
cmaes,66,862,3,1.955792049984925,-1.955792049984925,3.9998711947865027,2.5284847009434097,0.5819729009552035,4.844786410097005,0.6780723315468385
cmaes,66,863,4,2.4363509757526645,-2.4363509757526645,3.9998711947865027,2.5284847009434097,0.5819729009552035,4.844786410097005,0.6780723315468385
cmaes,66,864,5,3.9998711947865027,-3.9998711947865027,3.9998711947865027,2.5284847009434097,0.5819729009552035,4.844786410097005,0.6780723315468385
cmaes,66,865,6,2.253089934186562,-2.253089934186562,3.9998711947865027,2.5284847009434097,0.5819729009552035,4.844786410097005,0.6780723315468385
cmaes,66,866,7,3.5232156926625082,-3.5232156926625082,3.9998711947865027,2.5284847009434097,0.5819729009552035,4.844786410097005,0.6780723315468385
cmaes,66,867,8,2.223940725179172,-2.223940725179172,3.9998711947865027,2.5284847009434097,0.5819729009552035,4.844786410097005,0.6780723315468385
cmaes,66,868,9,2.437985842364435,-2.437985842364435,3.9998711947865027,2.5284847009434097,0.5819729009552035,4.844786410097005,0.6780723315468385
cmaes,66,869,10,1.9919534639516427,-1.9919534639516427,3.9998711947865027,2.5284847009434097,0.5819729009552035,4.844786410097005,0.6780723315468385
cmaes,66,870,11,2.4525203867430587,-2.4525203867430587,3.9998711947865027,2.5284847009434097,0.5819729009552035,4.844786410097005,0.6780723315468385
cmaes,66,871,12,2.733637588041981,-2.733637588041981,3.9998711947865027,2.5284847009434097,0.5819729009552035,4.844786410097005,0.6780723315468385
cmaes,67,872,0,2.4377138611300126,-2.4377138611300126,3.644857382424249,2.7918423992110872,0.46657499884023823,4.844786410097005,0.6538985684249105
cmaes,67,873,1,2.2910842862004412,-2.2910842862004412,3.644857382424249,2.7918423992110872,0.46657499884023823,4.844786410097005,0.6538985684249105
cmaes,67,874,2,2.439062763181286,-2.439062763181286,3.644857382424249,2.7918423992110872,0.46657499884023823,4.844786410097005,0.6538985684249105
cmaes,67,875,3,2.7805487852551565,-2.7805487852551565,3.644857382424249,2.7918423992110872,0.46657499884023823,4.844786410097005,0.6538985684249105
cmaes,67,876,4,3.644857382424249,-3.644857382424249,3.644857382424249,2.7918423992110872,0.46657499884023823,4.844786410097005,0.6538985684249105
cmaes,67,877,5,2.5229350328198445,-2.5229350328198445,3.644857382424249,2.7918423992110872,0.46657499884023823,4.844786410097005,0.6538985684249105
cmaes,67,878,6,2.2746531086427204,-2.2746531086427204,3.644857382424249,2.7918423992110872,0.46657499884023823,4.844786410097005,0.6538985684249105
cmaes,67,879,7,2.491346849808809,-2.491346849808809,3.644857382424249,2.7918423992110872,0.46657499884023823,4.844786410097005,0.6538985684249105
cmaes,67,880,8,3.5873202852525257,-3.5873202852525257,3.644857382424249,2.7918423992110872,0.46657499884023823,4.844786410097005,0.6538985684249105
cmaes,67,881,9,3.314436494416338,-3.314436494416338,3.644857382424249,2.7918423992110872,0.46657499884023823,4.844786410097005,0.6538985684249105
cmaes,67,882,10,2.450838862171386,-2.450838862171386,3.644857382424249,2.7918423992110872,0.46657499884023823,4.844786410097005,0.6538985684249105
cmaes,67,883,11,2.894825327167386,-2.894825327167386,3.644857382424249,2.7918423992110872,0.46657499884023823,4.844786410097005,0.6538985684249105
cmaes,67,884,12,3.1643281512739803,-3.1643281512739803,3.644857382424249,2.7918423992110872,0.46657499884023823,4.844786410097005,0.6538985684249105
cmaes,68,885,0,3.056364830202377,-3.056364830202377,3.2912702783380876,2.727593143282495,0.36628362623321264,4.844786410097005,0.6465134347361441
cmaes,68,886,1,2.1868571611451886,-2.1868571611451886,3.2912702783380876,2.727593143282495,0.36628362623321264,4.844786410097005,0.6465134347361441
cmaes,68,887,2,2.22289481663945,-2.22289481663945,3.2912702783380876,2.727593143282495,0.36628362623321264,4.844786410097005,0.6465134347361441
cmaes,68,888,3,3.1574420646549246,-3.1574420646549246,3.2912702783380876,2.727593143282495,0.36628362623321264,4.844786410097005,0.6465134347361441
cmaes,68,889,4,2.578951461853328,-2.578951461853328,3.2912702783380876,2.727593143282495,0.36628362623321264,4.844786410097005,0.6465134347361441
cmaes,68,890,5,2.5671874221164708,-2.5671874221164708,3.2912702783380876,2.727593143282495,0.36628362623321264,4.844786410097005,0.6465134347361441
cmaes,68,891,6,2.2798328203475404,-2.2798328203475404,3.2912702783380876,2.727593143282495,0.36628362623321264,4.844786410097005,0.6465134347361441
cmaes,68,892,7,3.2521019292686537,-3.2521019292686537,3.2912702783380876,2.727593143282495,0.36628362623321264,4.844786410097005,0.6465134347361441
cmaes,68,893,8,3.2912702783380876,-3.2912702783380876,3.2912702783380876,2.727593143282495,0.36628362623321264,4.844786410097005,0.6465134347361441
cmaes,68,894,9,2.537957291993795,-2.537957291993795,3.2912702783380876,2.727593143282495,0.36628362623321264,4.844786410097005,0.6465134347361441
cmaes,68,895,10,2.699213281891778,-2.699213281891778,3.2912702783380876,2.727593143282495,0.36628362623321264,4.844786410097005,0.6465134347361441
cmaes,68,896,11,2.889106607104241,-2.889106607104241,3.2912702783380876,2.727593143282495,0.36628362623321264,4.844786410097005,0.6465134347361441
cmaes,68,897,12,2.7395308971165995,-2.7395308971165995,3.2912702783380876,2.727593143282495,0.36628362623321264,4.844786410097005,0.6465134347361441
cmaes,69,898,0,2.155688478732305,-2.155688478732305,4.654628362221956,2.8870526374072787,0.8707124890429097,4.844786410097005,0.636355840808576
cmaes,69,899,1,3.8181021372864046,-3.8181021372864046,4.654628362221956,2.8870526374072787,0.8707124890429097,4.844786410097005,0.636355840808576
cmaes,69,900,2,3.7136027407905106,-3.7136027407905106,4.654628362221956,2.8870526374072787,0.8707124890429097,4.844786410097005,0.636355840808576
cmaes,69,901,3,1.9083835641024165,-1.9083835641024165,4.654628362221956,2.8870526374072787,0.8707124890429097,4.844786410097005,0.636355840808576
cmaes,69,902,4,3.1060300339522,-3.1060300339522,4.654628362221956,2.8870526374072787,0.8707124890429097,4.844786410097005,0.636355840808576
cmaes,69,903,5,2.0890983617912697,-2.0890983617912697,4.654628362221956,2.8870526374072787,0.8707124890429097,4.844786410097005,0.636355840808576
cmaes,69,904,6,3.3632206223929937,-3.3632206223929937,4.654628362221956,2.8870526374072787,0.8707124890429097,4.844786410097005,0.636355840808576
cmaes,69,905,7,2.7493247942176824,-2.7493247942176824,4.654628362221956,2.8870526374072787,0.8707124890429097,4.844786410097005,0.636355840808576
cmaes,69,906,8,1.7973091908958407,-1.7973091908958407,4.654628362221956,2.8870526374072787,0.8707124890429097,4.844786410097005,0.636355840808576
cmaes,69,907,9,3.692153051643361,-3.692153051643361,4.654628362221956,2.8870526374072787,0.8707124890429097,4.844786410097005,0.636355840808576
cmaes,69,908,10,2.0291650003012287,-2.0291650003012287,4.654628362221956,2.8870526374072787,0.8707124890429097,4.844786410097005,0.636355840808576
cmaes,69,909,11,2.454977947966452,-2.454977947966452,4.654628362221956,2.8870526374072787,0.8707124890429097,4.844786410097005,0.636355840808576
cmaes,69,910,12,4.654628362221956,-4.654628362221956,4.654628362221956,2.8870526374072787,0.8707124890429097,4.844786410097005,0.636355840808576
cmaes,70,911,0,2.229720560979534,-2.229720560979534,3.972263975636716,2.7965451474045246,0.6094244478828063,4.844786410097005,0.6267668400599472
cmaes,70,912,1,3.5694028404497415,-3.5694028404497415,3.972263975636716,2.7965451474045246,0.6094244478828063,4.844786410097005,0.6267668400599472
cmaes,70,913,2,3.2661753681537937,-3.2661753681537937,3.972263975636716,2.7965451474045246,0.6094244478828063,4.844786410097005,0.6267668400599472
cmaes,70,914,3,2.303097484976287,-2.303097484976287,3.972263975636716,2.7965451474045246,0.6094244478828063,4.844786410097005,0.6267668400599472
cmaes,70,915,4,3.336412661213007,-3.336412661213007,3.972263975636716,2.7965451474045246,0.6094244478828063,4.844786410097005,0.6267668400599472
cmaes,70,916,5,3.972263975636716,-3.972263975636716,3.972263975636716,2.7965451474045246,0.6094244478828063,4.844786410097005,0.6267668400599472
cmaes,70,917,6,1.8155826603333785,-1.8155826603333785,3.972263975636716,2.7965451474045246,0.6094244478828063,4.844786410097005,0.6267668400599472
cmaes,70,918,7,2.2866608227727534,-2.2866608227727534,3.972263975636716,2.7965451474045246,0.6094244478828063,4.844786410097005,0.6267668400599472
cmaes,70,919,8,3.1765531098120374,-3.1765531098120374,3.972263975636716,2.7965451474045246,0.6094244478828063,4.844786410097005,0.6267668400599472
cmaes,70,920,9,2.8674486796893772,-2.8674486796893772,3.972263975636716,2.7965451474045246,0.6094244478828063,4.844786410097005,0.6267668400599472
cmaes,70,921,10,2.3345737864527285,-2.3345737864527285,3.972263975636716,2.7965451474045246,0.6094244478828063,4.844786410097005,0.6267668400599472
cmaes,70,922,11,2.365922594941547,-2.365922594941547,3.972263975636716,2.7965451474045246,0.6094244478828063,4.844786410097005,0.6267668400599472
cmaes,70,923,12,2.831272370847923,-2.831272370847923,3.972263975636716,2.7965451474045246,0.6094244478828063,4.844786410097005,0.6267668400599472
cmaes,71,924,0,2.341544202375299,-2.341544202375299,3.619490991136313,2.7192734135358423,0.5732683428901266,4.844786410097005,0.6029897634301177
cmaes,71,925,1,2.4651569112211322,-2.4651569112211322,3.619490991136313,2.7192734135358423,0.5732683428901266,4.844786410097005,0.6029897634301177
cmaes,71,926,2,1.9154261455377772,-1.9154261455377772,3.619490991136313,2.7192734135358423,0.5732683428901266,4.844786410097005,0.6029897634301177
cmaes,71,927,3,2.1872685072537617,-2.1872685072537617,3.619490991136313,2.7192734135358423,0.5732683428901266,4.844786410097005,0.6029897634301177
cmaes,71,928,4,2.0130457133080144,-2.0130457133080144,3.619490991136313,2.7192734135358423,0.5732683428901266,4.844786410097005,0.6029897634301177
cmaes,71,929,5,2.834004149789679,-2.834004149789679,3.619490991136313,2.7192734135358423,0.5732683428901266,4.844786410097005,0.6029897634301177
cmaes,71,930,6,3.237774620911704,-3.237774620911704,3.619490991136313,2.7192734135358423,0.5732683428901266,4.844786410097005,0.6029897634301177
cmaes,71,931,7,3.6047359407690744,-3.6047359407690744,3.619490991136313,2.7192734135358423,0.5732683428901266,4.844786410097005,0.6029897634301177
cmaes,71,932,8,2.1678842784080405,-2.1678842784080405,3.619490991136313,2.7192734135358423,0.5732683428901266,4.844786410097005,0.6029897634301177
cmaes,71,933,9,2.6332267390967887,-2.6332267390967887,3.619490991136313,2.7192734135358423,0.5732683428901266,4.844786410097005,0.6029897634301177
cmaes,71,934,10,3.005881684295453,-3.005881684295453,3.619490991136313,2.7192734135358423,0.5732683428901266,4.844786410097005,0.6029897634301177
cmaes,71,935,11,3.619490991136313,-3.619490991136313,3.619490991136313,2.7192734135358423,0.5732683428901266,4.844786410097005,0.6029897634301177
cmaes,71,936,12,3.3251144918629105,-3.3251144918629105,3.619490991136313,2.7192734135358423,0.5732683428901266,4.844786410097005,0.6029897634301177
cmaes,72,937,0,3.132758891026895,-3.132758891026895,4.325054587209456,2.845192889806241,0.6429436379812545,4.844786410097005,0.5691795711893493
cmaes,72,938,1,3.1949113366223174,-3.1949113366223174,4.325054587209456,2.845192889806241,0.6429436379812545,4.844786410097005,0.5691795711893493
cmaes,72,939,2,3.1419897637442604,-3.1419897637442604,4.325054587209456,2.845192889806241,0.6429436379812545,4.844786410097005,0.5691795711893493
cmaes,72,940,3,3.7541652439189055,-3.7541652439189055,4.325054587209456,2.845192889806241,0.6429436379812545,4.844786410097005,0.5691795711893493
cmaes,72,941,4,2.98897886805921,-2.98897886805921,4.325054587209456,2.845192889806241,0.6429436379812545,4.844786410097005,0.5691795711893493
cmaes,72,942,5,4.325054587209456,-4.325054587209456,4.325054587209456,2.845192889806241,0.6429436379812545,4.844786410097005,0.5691795711893493
cmaes,72,943,6,2.3836743116811325,-2.3836743116811325,4.325054587209456,2.845192889806241,0.6429436379812545,4.844786410097005,0.5691795711893493
cmaes,72,944,7,2.3700999191759746,-2.3700999191759746,4.325054587209456,2.845192889806241,0.6429436379812545,4.844786410097005,0.5691795711893493
cmaes,72,945,8,2.3171658740749157,-2.3171658740749157,4.325054587209456,2.845192889806241,0.6429436379812545,4.844786410097005,0.5691795711893493
cmaes,72,946,9,2.1618884964982654,-2.1618884964982654,4.325054587209456,2.845192889806241,0.6429436379812545,4.844786410097005,0.5691795711893493
cmaes,72,947,10,2.279102301901091,-2.279102301901091,4.325054587209456,2.845192889806241,0.6429436379812545,4.844786410097005,0.5691795711893493
cmaes,72,948,11,2.1112486616628976,-2.1112486616628976,4.325054587209456,2.845192889806241,0.6429436379812545,4.844786410097005,0.5691795711893493
cmaes,72,949,12,2.826469311905812,-2.826469311905812,4.325054587209456,2.845192889806241,0.6429436379812545,4.844786410097005,0.5691795711893493
cmaes,73,950,0,2.2029006807551146,-2.2029006807551146,3.789905615725339,2.986255594987615,0.5476586216901654,4.844786410097005,0.5460023659826142
cmaes,73,951,1,3.221749369984927,-3.221749369984927,3.789905615725339,2.986255594987615,0.5476586216901654,4.844786410097005,0.5460023659826142
cmaes,73,952,2,1.788745217583142,-1.788745217583142,3.789905615725339,2.986255594987615,0.5476586216901654,4.844786410097005,0.5460023659826142
cmaes,73,953,3,3.1331921684332116,-3.1331921684332116,3.789905615725339,2.986255594987615,0.5476586216901654,4.844786410097005,0.5460023659826142
cmaes,73,954,4,2.505182844560116,-2.505182844560116,3.789905615725339,2.986255594987615,0.5476586216901654,4.844786410097005,0.5460023659826142
cmaes,73,955,5,2.753794039301489,-2.753794039301489,3.789905615725339,2.986255594987615,0.5476586216901654,4.844786410097005,0.5460023659826142
cmaes,73,956,6,3.403847997680465,-3.403847997680465,3.789905615725339,2.986255594987615,0.5476586216901654,4.844786410097005,0.5460023659826142
cmaes,73,957,7,3.168947782788443,-3.168947782788443,3.789905615725339,2.986255594987615,0.5476586216901654,4.844786410097005,0.5460023659826142
cmaes,73,958,8,3.789905615725339,-3.789905615725339,3.789905615725339,2.986255594987615,0.5476586216901654,4.844786410097005,0.5460023659826142
cmaes,73,959,9,3.45665178535237,-3.45665178535237,3.789905615725339,2.986255594987615,0.5476586216901654,4.844786410097005,0.5460023659826142
cmaes,73,960,10,2.7513451587279407,-2.7513451587279407,3.789905615725339,2.986255594987615,0.5476586216901654,4.844786410097005,0.5460023659826142
cmaes,73,961,11,3.064977329055317,-3.064977329055317,3.789905615725339,2.986255594987615,0.5476586216901654,4.844786410097005,0.5460023659826142
cmaes,73,962,12,3.580082744891115,-3.580082744891115,3.789905615725339,2.986255594987615,0.5476586216901654,4.844786410097005,0.5460023659826142
cmaes,74,963,0,2.7401157450537026,-2.7401157450537026,3.5954763601185817,2.7813066376580617,0.5223146285117146,4.844786410097005,0.5380655418542654
cmaes,74,964,1,2.2334989791913866,-2.2334989791913866,3.5954763601185817,2.7813066376580617,0.5223146285117146,4.844786410097005,0.5380655418542654
cmaes,74,965,2,3.5599658543943846,-3.5599658543943846,3.5954763601185817,2.7813066376580617,0.5223146285117146,4.844786410097005,0.5380655418542654
cmaes,74,966,3,2.076831645620726,-2.076831645620726,3.5954763601185817,2.7813066376580617,0.5223146285117146,4.844786410097005,0.5380655418542654
cmaes,74,967,4,2.5472687668755625,-2.5472687668755625,3.5954763601185817,2.7813066376580617,0.5223146285117146,4.844786410097005,0.5380655418542654
cmaes,74,968,5,3.280033470849853,-3.280033470849853,3.5954763601185817,2.7813066376580617,0.5223146285117146,4.844786410097005,0.5380655418542654
cmaes,74,969,6,3.478885350401562,-3.478885350401562,3.5954763601185817,2.7813066376580617,0.5223146285117146,4.844786410097005,0.5380655418542654
cmaes,74,970,7,2.3766669849478954,-2.3766669849478954,3.5954763601185817,2.7813066376580617,0.5223146285117146,4.844786410097005,0.5380655418542654
cmaes,74,971,8,2.1730194937591394,-2.1730194937591394,3.5954763601185817,2.7813066376580617,0.5223146285117146,4.844786410097005,0.5380655418542654
cmaes,74,972,9,2.9979887458195638,-2.9979887458195638,3.5954763601185817,2.7813066376580617,0.5223146285117146,4.844786410097005,0.5380655418542654
cmaes,74,973,10,3.5954763601185817,-3.5954763601185817,3.5954763601185817,2.7813066376580617,0.5223146285117146,4.844786410097005,0.5380655418542654
cmaes,74,974,11,2.5385779141234956,-2.5385779141234956,3.5954763601185817,2.7813066376580617,0.5223146285117146,4.844786410097005,0.5380655418542654
cmaes,74,975,12,2.558656978398948,-2.558656978398948,3.5954763601185817,2.7813066376580617,0.5223146285117146,4.844786410097005,0.5380655418542654
cmaes,75,976,0,3.9005335757028243,-3.9005335757028243,3.9005335757028243,2.8022048500255012,0.4536505904991183,4.844786410097005,0.523087685672279
cmaes,75,977,1,3.0589622819151634,-3.0589622819151634,3.9005335757028243,2.8022048500255012,0.4536505904991183,4.844786410097005,0.523087685672279
cmaes,75,978,2,2.9801950145392313,-2.9801950145392313,3.9005335757028243,2.8022048500255012,0.4536505904991183,4.844786410097005,0.523087685672279
cmaes,75,979,3,2.7804529841281735,-2.7804529841281735,3.9005335757028243,2.8022048500255012,0.4536505904991183,4.844786410097005,0.523087685672279
cmaes,75,980,4,2.6431687956046317,-2.6431687956046317,3.9005335757028243,2.8022048500255012,0.4536505904991183,4.844786410097005,0.523087685672279
cmaes,75,981,5,2.5836071975811037,-2.5836071975811037,3.9005335757028243,2.8022048500255012,0.4536505904991183,4.844786410097005,0.523087685672279
cmaes,75,982,6,2.4232600831624223,-2.4232600831624223,3.9005335757028243,2.8022048500255012,0.4536505904991183,4.844786410097005,0.523087685672279
cmaes,75,983,7,2.637089531847448,-2.637089531847448,3.9005335757028243,2.8022048500255012,0.4536505904991183,4.844786410097005,0.523087685672279
cmaes,75,984,8,3.376174156779927,-3.376174156779927,3.9005335757028243,2.8022048500255012,0.4536505904991183,4.844786410097005,0.523087685672279
cmaes,75,985,9,2.7500687139877327,-2.7500687139877327,3.9005335757028243,2.8022048500255012,0.4536505904991183,4.844786410097005,0.523087685672279
cmaes,75,986,10,1.9943439996161172,-1.9943439996161172,3.9005335757028243,2.8022048500255012,0.4536505904991183,4.844786410097005,0.523087685672279
cmaes,75,987,11,2.869670386895271,-2.869670386895271,3.9005335757028243,2.8022048500255012,0.4536505904991183,4.844786410097005,0.523087685672279
cmaes,75,988,12,2.4311363285714718,-2.4311363285714718,3.9005335757028243,2.8022048500255012,0.4536505904991183,4.844786410097005,0.523087685672279
cmaes,76,989,0,2.802230029497779,-2.802230029497779,4.52885639834708,3.076436178754411,0.7708841583453929,4.844786410097005,0.5143060047757205
cmaes,76,990,1,2.5469417026472807,-2.5469417026472807,4.52885639834708,3.076436178754411,0.7708841583453929,4.844786410097005,0.5143060047757205
cmaes,76,991,2,3.8278473909440938,-3.8278473909440938,4.52885639834708,3.076436178754411,0.7708841583453929,4.844786410097005,0.5143060047757205
cmaes,76,992,3,2.4338959636843804,-2.4338959636843804,4.52885639834708,3.076436178754411,0.7708841583453929,4.844786410097005,0.5143060047757205
cmaes,76,993,4,3.359124220816784,-3.359124220816784,4.52885639834708,3.076436178754411,0.7708841583453929,4.844786410097005,0.5143060047757205
cmaes,76,994,5,2.8314019027608794,-2.8314019027608794,4.52885639834708,3.076436178754411,0.7708841583453929,4.844786410097005,0.5143060047757205
cmaes,76,995,6,1.8652778031342583,-1.8652778031342583,4.52885639834708,3.076436178754411,0.7708841583453929,4.844786410097005,0.5143060047757205
cmaes,76,996,7,3.4927594350921223,-3.4927594350921223,4.52885639834708,3.076436178754411,0.7708841583453929,4.844786410097005,0.5143060047757205
cmaes,76,997,8,4.1194650347663035,-4.1194650347663035,4.52885639834708,3.076436178754411,0.7708841583453929,4.844786410097005,0.5143060047757205
cmaes,76,998,9,1.9055315298936975,-1.9055315298936975,4.52885639834708,3.076436178754411,0.7708841583453929,4.844786410097005,0.5143060047757205
cmaes,76,999,10,3.00671229925093,-3.00671229925093,4.52885639834708,3.076436178754411,0.7708841583453929,4.844786410097005,0.5143060047757205
cmaes,76,1000,11,4.52885639834708,-4.52885639834708,4.52885639834708,3.076436178754411,0.7708841583453929,4.844786410097005,0.5143060047757205
cmaes,76,1001,12,3.273626612971751,-3.273626612971751,4.52885639834708,3.076436178754411,0.7708841583453929,4.844786410097005,0.5143060047757205
cmaes,77,1002,0,2.805351990696344,-2.805351990696344,3.7794554019095683,3.1871469335290117,0.45366136410207625,4.844786410097005,0.5107952829849532
cmaes,77,1003,1,3.3733158326513455,-3.3733158326513455,3.7794554019095683,3.1871469335290117,0.45366136410207625,4.844786410097005,0.5107952829849532
cmaes,77,1004,2,3.7794554019095683,-3.7794554019095683,3.7794554019095683,3.1871469335290117,0.45366136410207625,4.844786410097005,0.5107952829849532
cmaes,77,1005,3,3.517458813324979,-3.517458813324979,3.7794554019095683,3.1871469335290117,0.45366136410207625,4.844786410097005,0.5107952829849532
cmaes,77,1006,4,3.6810452348576415,-3.6810452348576415,3.7794554019095683,3.1871469335290117,0.45366136410207625,4.844786410097005,0.5107952829849532
cmaes,77,1007,5,2.9802420448864115,-2.9802420448864115,3.7794554019095683,3.1871469335290117,0.45366136410207625,4.844786410097005,0.5107952829849532
cmaes,77,1008,6,3.4758254919945664,-3.4758254919945664,3.7794554019095683,3.1871469335290117,0.45366136410207625,4.844786410097005,0.5107952829849532
cmaes,77,1009,7,3.4224849544920093,-3.4224849544920093,3.7794554019095683,3.1871469335290117,0.45366136410207625,4.844786410097005,0.5107952829849532
cmaes,77,1010,8,3.1289219304727176,-3.1289219304727176,3.7794554019095683,3.1871469335290117,0.45366136410207625,4.844786410097005,0.5107952829849532
cmaes,77,1011,9,2.2242206624363985,-2.2242206624363985,3.7794554019095683,3.1871469335290117,0.45366136410207625,4.844786410097005,0.5107952829849532
cmaes,77,1012,10,2.6023115568885467,-2.6023115568885467,3.7794554019095683,3.1871469335290117,0.45366136410207625,4.844786410097005,0.5107952829849532
cmaes,77,1013,11,3.6302382840764458,-3.6302382840764458,3.7794554019095683,3.1871469335290117,0.45366136410207625,4.844786410097005,0.5107952829849532
cmaes,77,1014,12,2.8120379371901745,-2.8120379371901745,3.7794554019095683,3.1871469335290117,0.45366136410207625,4.844786410097005,0.5107952829849532
cmaes,78,1015,0,2.318548661994682,-2.318548661994682,3.811149506133774,2.7305990542109253,0.5825932745799293,4.844786410097005,0.4971823529353784
cmaes,78,1016,1,2.3832601153022144,-2.3832601153022144,3.811149506133774,2.7305990542109253,0.5825932745799293,4.844786410097005,0.4971823529353784
cmaes,78,1017,2,2.2209458107244484,-2.2209458107244484,3.811149506133774,2.7305990542109253,0.5825932745799293,4.844786410097005,0.4971823529353784
cmaes,78,1018,3,2.3401194721148064,-2.3401194721148064,3.811149506133774,2.7305990542109253,0.5825932745799293,4.844786410097005,0.4971823529353784
cmaes,78,1019,4,3.5954340125580804,-3.5954340125580804,3.811149506133774,2.7305990542109253,0.5825932745799293,4.844786410097005,0.4971823529353784
cmaes,78,1020,5,3.4605443069165265,-3.4605443069165265,3.811149506133774,2.7305990542109253,0.5825932745799293,4.844786410097005,0.4971823529353784
cmaes,78,1021,6,2.9526447482705076,-2.9526447482705076,3.811149506133774,2.7305990542109253,0.5825932745799293,4.844786410097005,0.4971823529353784
cmaes,78,1022,7,2.2876052350273985,-2.2876052350273985,3.811149506133774,2.7305990542109253,0.5825932745799293,4.844786410097005,0.4971823529353784
cmaes,78,1023,8,2.1536252976351666,-2.1536252976351666,3.811149506133774,2.7305990542109253,0.5825932745799293,4.844786410097005,0.4971823529353784
cmaes,78,1024,9,2.1929776040897173,-2.1929776040897173,3.811149506133774,2.7305990542109253,0.5825932745799293,4.844786410097005,0.4971823529353784
cmaes,78,1025,10,3.3044688949216776,-3.3044688949216776,3.811149506133774,2.7305990542109253,0.5825932745799293,4.844786410097005,0.4971823529353784
cmaes,78,1026,11,2.4764640390530333,-2.4764640390530333,3.811149506133774,2.7305990542109253,0.5825932745799293,4.844786410097005,0.4971823529353784
cmaes,78,1027,12,3.811149506133774,-3.811149506133774,3.811149506133774,2.7305990542109253,0.5825932745799293,4.844786410097005,0.4971823529353784
cmaes,79,1028,0,3.062426182854326,-3.062426182854326,3.8514289688943224,3.086189515541037,0.4766999623742403,4.844786410097005,0.48676384086673313
cmaes,79,1029,1,3.606417768164542,-3.606417768164542,3.8514289688943224,3.086189515541037,0.4766999623742403,4.844786410097005,0.48676384086673313
cmaes,79,1030,2,3.7876882382648116,-3.7876882382648116,3.8514289688943224,3.086189515541037,0.4766999623742403,4.844786410097005,0.48676384086673313
cmaes,79,1031,3,2.0246639627865446,-2.0246639627865446,3.8514289688943224,3.086189515541037,0.4766999623742403,4.844786410097005,0.48676384086673313
cmaes,79,1032,4,3.8514289688943224,-3.8514289688943224,3.8514289688943224,3.086189515541037,0.4766999623742403,4.844786410097005,0.48676384086673313
cmaes,79,1033,5,2.9779741651417315,-2.9779741651417315,3.8514289688943224,3.086189515541037,0.4766999623742403,4.844786410097005,0.48676384086673313
cmaes,79,1034,6,3.058907500625705,-3.058907500625705,3.8514289688943224,3.086189515541037,0.4766999623742403,4.844786410097005,0.48676384086673313
cmaes,79,1035,7,3.053119828793982,-3.053119828793982,3.8514289688943224,3.086189515541037,0.4766999623742403,4.844786410097005,0.48676384086673313
cmaes,79,1036,8,3.1187841305509014,-3.1187841305509014,3.8514289688943224,3.086189515541037,0.4766999623742403,4.844786410097005,0.48676384086673313
cmaes,79,1037,9,3.3506791523446156,-3.3506791523446156,3.8514289688943224,3.086189515541037,0.4766999623742403,4.844786410097005,0.48676384086673313
cmaes,79,1038,10,2.5849244615669362,-2.5849244615669362,3.8514289688943224,3.086189515541037,0.4766999623742403,4.844786410097005,0.48676384086673313
cmaes,79,1039,11,2.8585416572848406,-2.8585416572848406,3.8514289688943224,3.086189515541037,0.4766999623742403,4.844786410097005,0.48676384086673313
cmaes,79,1040,12,2.78490768476023,-2.78490768476023,3.8514289688943224,3.086189515541037,0.4766999623742403,4.844786410097005,0.48676384086673313
cmaes,80,1041,0,2.9209797102331185,-2.9209797102331185,3.7834058856775488,3.064876879941902,0.6082152516251607,4.844786410097005,0.4656665150008584
cmaes,80,1042,1,2.1460570338311515,-2.1460570338311515,3.7834058856775488,3.064876879941902,0.6082152516251607,4.844786410097005,0.4656665150008584
cmaes,80,1043,2,3.1163496475851105,-3.1163496475851105,3.7834058856775488,3.064876879941902,0.6082152516251607,4.844786410097005,0.4656665150008584
cmaes,80,1044,3,2.295461694346914,-2.295461694346914,3.7834058856775488,3.064876879941902,0.6082152516251607,4.844786410097005,0.4656665150008584
cmaes,80,1045,4,3.6389861990343464,-3.6389861990343464,3.7834058856775488,3.064876879941902,0.6082152516251607,4.844786410097005,0.4656665150008584
cmaes,80,1046,5,3.781957116597967,-3.781957116597967,3.7834058856775488,3.064876879941902,0.6082152516251607,4.844786410097005,0.4656665150008584
cmaes,80,1047,6,2.297400534604052,-2.297400534604052,3.7834058856775488,3.064876879941902,0.6082152516251607,4.844786410097005,0.4656665150008584
cmaes,80,1048,7,3.369538967212844,-3.369538967212844,3.7834058856775488,3.064876879941902,0.6082152516251607,4.844786410097005,0.4656665150008584
cmaes,80,1049,8,3.7834058856775488,-3.7834058856775488,3.7834058856775488,3.064876879941902,0.6082152516251607,4.844786410097005,0.4656665150008584
cmaes,80,1050,9,2.144341419766718,-2.144341419766718,3.7834058856775488,3.064876879941902,0.6082152516251607,4.844786410097005,0.4656665150008584
cmaes,80,1051,10,3.541240449155265,-3.541240449155265,3.7834058856775488,3.064876879941902,0.6082152516251607,4.844786410097005,0.4656665150008584
cmaes,80,1052,11,3.3624817247872167,-3.3624817247872167,3.7834058856775488,3.064876879941902,0.6082152516251607,4.844786410097005,0.4656665150008584
cmaes,80,1053,12,3.445199056412474,-3.445199056412474,3.7834058856775488,3.064876879941902,0.6082152516251607,4.844786410097005,0.4656665150008584
cmaes,81,1054,0,2.1257754370824036,-2.1257754370824036,3.8958988672867294,2.8877603726593537,0.590591077534493,4.844786410097005,0.4707613794993882
cmaes,81,1055,1,3.159970919300215,-3.159970919300215,3.8958988672867294,2.8877603726593537,0.590591077534493,4.844786410097005,0.4707613794993882
cmaes,81,1056,2,3.4824519119129507,-3.4824519119129507,3.8958988672867294,2.8877603726593537,0.590591077534493,4.844786410097005,0.4707613794993882
cmaes,81,1057,3,2.2625904061650943,-2.2625904061650943,3.8958988672867294,2.8877603726593537,0.590591077534493,4.844786410097005,0.4707613794993882
cmaes,81,1058,4,2.3942354818990776,-2.3942354818990776,3.8958988672867294,2.8877603726593537,0.590591077534493,4.844786410097005,0.4707613794993882
cmaes,81,1059,5,3.8958988672867294,-3.8958988672867294,3.8958988672867294,2.8877603726593537,0.590591077534493,4.844786410097005,0.4707613794993882
cmaes,81,1060,6,2.145742248992016,-2.145742248992016,3.8958988672867294,2.8877603726593537,0.590591077534493,4.844786410097005,0.4707613794993882
cmaes,81,1061,7,3.0942034863228143,-3.0942034863228143,3.8958988672867294,2.8877603726593537,0.590591077534493,4.844786410097005,0.4707613794993882
cmaes,81,1062,8,3.3428315001440887,-3.3428315001440887,3.8958988672867294,2.8877603726593537,0.590591077534493,4.844786410097005,0.4707613794993882
cmaes,81,1063,9,2.754750610764113,-2.754750610764113,3.8958988672867294,2.8877603726593537,0.590591077534493,4.844786410097005,0.4707613794993882
cmaes,81,1064,10,2.1946852009050843,-2.1946852009050843,3.8958988672867294,2.8877603726593537,0.590591077534493,4.844786410097005,0.4707613794993882
cmaes,81,1065,11,3.6274430090402188,-3.6274430090402188,3.8958988672867294,2.8877603726593537,0.590591077534493,4.844786410097005,0.4707613794993882
cmaes,81,1066,12,3.06030576475679,-3.06030576475679,3.8958988672867294,2.8877603726593537,0.590591077534493,4.844786410097005,0.4707613794993882
cmaes,82,1067,0,2.111959253738148,-2.111959253738148,4.4331394872952785,3.1829650115181423,0.7870841554013891,4.844786410097005,0.4750089204342322
cmaes,82,1068,1,3.4632392277005715,-3.4632392277005715,4.4331394872952785,3.1829650115181423,0.7870841554013891,4.844786410097005,0.4750089204342322
cmaes,82,1069,2,1.9487847146814783,-1.9487847146814783,4.4331394872952785,3.1829650115181423,0.7870841554013891,4.844786410097005,0.4750089204342322
cmaes,82,1070,3,2.524882943471121,-2.524882943471121,4.4331394872952785,3.1829650115181423,0.7870841554013891,4.844786410097005,0.4750089204342322
cmaes,82,1071,4,3.9143999683380564,-3.9143999683380564,4.4331394872952785,3.1829650115181423,0.7870841554013891,4.844786410097005,0.4750089204342322
cmaes,82,1072,5,3.8765733202109427,-3.8765733202109427,4.4331394872952785,3.1829650115181423,0.7870841554013891,4.844786410097005,0.4750089204342322
cmaes,82,1073,6,3.023792258006254,-3.023792258006254,4.4331394872952785,3.1829650115181423,0.7870841554013891,4.844786410097005,0.4750089204342322
cmaes,82,1074,7,3.8154377994749695,-3.8154377994749695,4.4331394872952785,3.1829650115181423,0.7870841554013891,4.844786410097005,0.4750089204342322
cmaes,82,1075,8,3.5786754319363006,-3.5786754319363006,4.4331394872952785,3.1829650115181423,0.7870841554013891,4.844786410097005,0.4750089204342322
cmaes,82,1076,9,3.801067176151968,-3.801067176151968,4.4331394872952785,3.1829650115181423,0.7870841554013891,4.844786410097005,0.4750089204342322
cmaes,82,1077,10,4.4331394872952785,-4.4331394872952785,4.4331394872952785,3.1829650115181423,0.7870841554013891,4.844786410097005,0.4750089204342322
cmaes,82,1078,11,2.78564186391481,-2.78564186391481,4.4331394872952785,3.1829650115181423,0.7870841554013891,4.844786410097005,0.4750089204342322
cmaes,82,1079,12,2.1009517048159507,-2.1009517048159507,4.4331394872952785,3.1829650115181423,0.7870841554013891,4.844786410097005,0.4750089204342322
cmaes,83,1080,0,3.8931014606370877,-3.8931014606370877,4.238273881701513,3.042848066919599,0.7609946592359453,4.844786410097005,0.47354334301447276
cmaes,83,1081,1,2.923001835273515,-2.923001835273515,4.238273881701513,3.042848066919599,0.7609946592359453,4.844786410097005,0.47354334301447276
cmaes,83,1082,2,2.270467311546004,-2.270467311546004,4.238273881701513,3.042848066919599,0.7609946592359453,4.844786410097005,0.47354334301447276
cmaes,83,1083,3,2.1669907072092727,-2.1669907072092727,4.238273881701513,3.042848066919599,0.7609946592359453,4.844786410097005,0.47354334301447276
cmaes,83,1084,4,3.9317432787068953,-3.9317432787068953,4.238273881701513,3.042848066919599,0.7609946592359453,4.844786410097005,0.47354334301447276
cmaes,83,1085,5,3.384149105037333,-3.384149105037333,4.238273881701513,3.042848066919599,0.7609946592359453,4.844786410097005,0.47354334301447276
cmaes,83,1086,6,4.238273881701513,-4.238273881701513,4.238273881701513,3.042848066919599,0.7609946592359453,4.844786410097005,0.47354334301447276
cmaes,83,1087,7,2.014869255792533,-2.014869255792533,4.238273881701513,3.042848066919599,0.7609946592359453,4.844786410097005,0.47354334301447276
cmaes,83,1088,8,2.3255182505411147,-2.3255182505411147,4.238273881701513,3.042848066919599,0.7609946592359453,4.844786410097005,0.47354334301447276
cmaes,83,1089,9,3.8638689853640784,-3.8638689853640784,4.238273881701513,3.042848066919599,0.7609946592359453,4.844786410097005,0.47354334301447276
cmaes,83,1090,10,3.1305074984815064,-3.1305074984815064,4.238273881701513,3.042848066919599,0.7609946592359453,4.844786410097005,0.47354334301447276
cmaes,83,1091,11,3.2611255910631316,-3.2611255910631316,4.238273881701513,3.042848066919599,0.7609946592359453,4.844786410097005,0.47354334301447276
cmaes,83,1092,12,2.153407708600795,-2.153407708600795,4.238273881701513,3.042848066919599,0.7609946592359453,4.844786410097005,0.47354334301447276
cmaes,84,1093,0,3.988495100810669,-3.988495100810669,5.018606712266488,3.109894524655568,0.9784563889288558,5.018606712266488,0.47951514556549707
cmaes,84,1094,1,2.136116569651824,-2.136116569651824,5.018606712266488,3.109894524655568,0.9784563889288558,5.018606712266488,0.47951514556549707
cmaes,84,1095,2,2.751502607670613,-2.751502607670613,5.018606712266488,3.109894524655568,0.9784563889288558,5.018606712266488,0.47951514556549707
cmaes,84,1096,3,2.4262060504672864,-2.4262060504672864,5.018606712266488,3.109894524655568,0.9784563889288558,5.018606712266488,0.47951514556549707
cmaes,84,1097,4,2.312968080112091,-2.312968080112091,5.018606712266488,3.109894524655568,0.9784563889288558,5.018606712266488,0.47951514556549707
cmaes,84,1098,5,2.681167521188468,-2.681167521188468,5.018606712266488,3.109894524655568,0.9784563889288558,5.018606712266488,0.47951514556549707
cmaes,84,1099,6,1.8450823940886123,-1.8450823940886123,5.018606712266488,3.109894524655568,0.9784563889288558,5.018606712266488,0.47951514556549707
cmaes,84,1100,7,4.974352755961007,-4.974352755961007,5.018606712266488,3.109894524655568,0.9784563889288558,5.018606712266488,0.47951514556549707
cmaes,84,1101,8,3.150363240251047,-3.150363240251047,5.018606712266488,3.109894524655568,0.9784563889288558,5.018606712266488,0.47951514556549707
cmaes,84,1102,9,2.567552426403726,-2.567552426403726,5.018606712266488,3.109894524655568,0.9784563889288558,5.018606712266488,0.47951514556549707
cmaes,84,1103,10,5.018606712266488,-5.018606712266488,5.018606712266488,3.109894524655568,0.9784563889288558,5.018606712266488,0.47951514556549707
cmaes,84,1104,11,2.9471421206937753,-2.9471421206937753,5.018606712266488,3.109894524655568,0.9784563889288558,5.018606712266488,0.47951514556549707
cmaes,84,1105,12,3.6290732409567763,-3.6290732409567763,5.018606712266488,3.109894524655568,0.9784563889288558,5.018606712266488,0.47951514556549707
cmaes,85,1106,0,3.578978871958146,-3.578978871958146,3.84702863739846,2.9565314038896022,0.5879455193792235,5.018606712266488,0.4844570485734545
cmaes,85,1107,1,2.0230073195325637,-2.0230073195325637,3.84702863739846,2.9565314038896022,0.5879455193792235,5.018606712266488,0.4844570485734545
cmaes,85,1108,2,3.4796686327905384,-3.4796686327905384,3.84702863739846,2.9565314038896022,0.5879455193792235,5.018606712266488,0.4844570485734545
cmaes,85,1109,3,2.8822229301551694,-2.8822229301551694,3.84702863739846,2.9565314038896022,0.5879455193792235,5.018606712266488,0.4844570485734545
cmaes,85,1110,4,2.7007756484312826,-2.7007756484312826,3.84702863739846,2.9565314038896022,0.5879455193792235,5.018606712266488,0.4844570485734545
cmaes,85,1111,5,2.8369234037538926,-2.8369234037538926,3.84702863739846,2.9565314038896022,0.5879455193792235,5.018606712266488,0.4844570485734545
cmaes,85,1112,6,1.9096442842965557,-1.9096442842965557,3.84702863739846,2.9565314038896022,0.5879455193792235,5.018606712266488,0.4844570485734545
cmaes,85,1113,7,2.9240317810182934,-2.9240317810182934,3.84702863739846,2.9565314038896022,0.5879455193792235,5.018606712266488,0.4844570485734545
cmaes,85,1114,8,3.171319299990285,-3.171319299990285,3.84702863739846,2.9565314038896022,0.5879455193792235,5.018606712266488,0.4844570485734545
cmaes,85,1115,9,2.264193343109829,-2.264193343109829,3.84702863739846,2.9565314038896022,0.5879455193792235,5.018606712266488,0.4844570485734545
cmaes,85,1116,10,3.84702863739846,-3.84702863739846,3.84702863739846,2.9565314038896022,0.5879455193792235,5.018606712266488,0.4844570485734545
cmaes,85,1117,11,3.5696242625921686,-3.5696242625921686,3.84702863739846,2.9565314038896022,0.5879455193792235,5.018606712266488,0.4844570485734545
cmaes,85,1118,12,3.2474898355376505,-3.2474898355376505,3.84702863739846,2.9565314038896022,0.5879455193792235,5.018606712266488,0.4844570485734545
cmaes,86,1119,0,3.6696222011931763,-3.6696222011931763,3.6696222011931763,2.9972403517032546,0.6110996457564901,5.018606712266488,0.4897065083901356
cmaes,86,1120,1,2.4805060017150646,-2.4805060017150646,3.6696222011931763,2.9972403517032546,0.6110996457564901,5.018606712266488,0.4897065083901356
cmaes,86,1121,2,3.496104496471296,-3.496104496471296,3.6696222011931763,2.9972403517032546,0.6110996457564901,5.018606712266488,0.4897065083901356
cmaes,86,1122,3,2.920649582353802,-2.920649582353802,3.6696222011931763,2.9972403517032546,0.6110996457564901,5.018606712266488,0.4897065083901356
cmaes,86,1123,4,3.3618517758377466,-3.3618517758377466,3.6696222011931763,2.9972403517032546,0.6110996457564901,5.018606712266488,0.4897065083901356
cmaes,86,1124,5,1.977503388292245,-1.977503388292245,3.6696222011931763,2.9972403517032546,0.6110996457564901,5.018606712266488,0.4897065083901356
cmaes,86,1125,6,3.255496451737573,-3.255496451737573,3.6696222011931763,2.9972403517032546,0.6110996457564901,5.018606712266488,0.4897065083901356
cmaes,86,1126,7,2.1832600682351013,-2.1832600682351013,3.6696222011931763,2.9972403517032546,0.6110996457564901,5.018606712266488,0.4897065083901356
cmaes,86,1127,8,3.338810994255914,-3.338810994255914,3.6696222011931763,2.9972403517032546,0.6110996457564901,5.018606712266488,0.4897065083901356
cmaes,86,1128,9,3.1076614261252584,-3.1076614261252584,3.6696222011931763,2.9972403517032546,0.6110996457564901,5.018606712266488,0.4897065083901356
cmaes,86,1129,10,3.6373246010736784,-3.6373246010736784,3.6696222011931763,2.9972403517032546,0.6110996457564901,5.018606712266488,0.4897065083901356
cmaes,86,1130,11,1.9507003003328052,-1.9507003003328052,3.6696222011931763,2.9972403517032546,0.6110996457564901,5.018606712266488,0.4897065083901356
cmaes,86,1131,12,3.584633284518654,-3.584633284518654,3.6696222011931763,2.9972403517032546,0.6110996457564901,5.018606712266488,0.4897065083901356
cmaes,87,1132,0,2.4576278260240336,-2.4576278260240336,3.849871902869376,3.0612795261539714,0.44137031765130336,5.018606712266488,0.4884628282499585
cmaes,87,1133,1,2.9126621216478465,-2.9126621216478465,3.849871902869376,3.0612795261539714,0.44137031765130336,5.018606712266488,0.4884628282499585
cmaes,87,1134,2,3.849871902869376,-3.849871902869376,3.849871902869376,3.0612795261539714,0.44137031765130336,5.018606712266488,0.4884628282499585
cmaes,87,1135,3,3.173254493340136,-3.173254493340136,3.849871902869376,3.0612795261539714,0.44137031765130336,5.018606712266488,0.4884628282499585
cmaes,87,1136,4,2.9422636058421516,-2.9422636058421516,3.849871902869376,3.0612795261539714,0.44137031765130336,5.018606712266488,0.4884628282499585
cmaes,87,1137,5,3.055920950656947,-3.055920950656947,3.849871902869376,3.0612795261539714,0.44137031765130336,5.018606712266488,0.4884628282499585
cmaes,87,1138,6,2.991419596896533,-2.991419596896533,3.849871902869376,3.0612795261539714,0.44137031765130336,5.018606712266488,0.4884628282499585
cmaes,87,1139,7,3.623234836519445,-3.623234836519445,3.849871902869376,3.0612795261539714,0.44137031765130336,5.018606712266488,0.4884628282499585
cmaes,87,1140,8,2.4074362438931813,-2.4074362438931813,3.849871902869376,3.0612795261539714,0.44137031765130336,5.018606712266488,0.4884628282499585
cmaes,87,1141,9,3.761009730160056,-3.761009730160056,3.849871902869376,3.0612795261539714,0.44137031765130336,5.018606712266488,0.4884628282499585
cmaes,87,1142,10,2.5965039452958867,-2.5965039452958867,3.849871902869376,3.0612795261539714,0.44137031765130336,5.018606712266488,0.4884628282499585
cmaes,87,1143,11,2.8733094468392992,-2.8733094468392992,3.849871902869376,3.0612795261539714,0.44137031765130336,5.018606712266488,0.4884628282499585
cmaes,87,1144,12,3.1521191400167337,-3.1521191400167337,3.849871902869376,3.0612795261539714,0.44137031765130336,5.018606712266488,0.4884628282499585
cmaes,88,1145,0,2.33200672703315,-2.33200672703315,3.4127116439792253,2.789548324891349,0.39823897730083396,5.018606712266488,0.47764340154510243
cmaes,88,1146,1,2.2743667312194296,-2.2743667312194296,3.4127116439792253,2.789548324891349,0.39823897730083396,5.018606712266488,0.47764340154510243
cmaes,88,1147,2,2.1664413331596593,-2.1664413331596593,3.4127116439792253,2.789548324891349,0.39823897730083396,5.018606712266488,0.47764340154510243
cmaes,88,1148,3,2.9865152887108413,-2.9865152887108413,3.4127116439792253,2.789548324891349,0.39823897730083396,5.018606712266488,0.47764340154510243
cmaes,88,1149,4,2.9458292238411863,-2.9458292238411863,3.4127116439792253,2.789548324891349,0.39823897730083396,5.018606712266488,0.47764340154510243
cmaes,88,1150,5,2.929589487353075,-2.929589487353075,3.4127116439792253,2.789548324891349,0.39823897730083396,5.018606712266488,0.47764340154510243
cmaes,88,1151,6,3.101246697128013,-3.101246697128013,3.4127116439792253,2.789548324891349,0.39823897730083396,5.018606712266488,0.47764340154510243
cmaes,88,1152,7,3.1238276285511706,-3.1238276285511706,3.4127116439792253,2.789548324891349,0.39823897730083396,5.018606712266488,0.47764340154510243
cmaes,88,1153,8,2.7230734647915122,-2.7230734647915122,3.4127116439792253,2.789548324891349,0.39823897730083396,5.018606712266488,0.47764340154510243
cmaes,88,1154,9,2.3986250209755453,-2.3986250209755453,3.4127116439792253,2.789548324891349,0.39823897730083396,5.018606712266488,0.47764340154510243
cmaes,88,1155,10,2.5354960418591106,-2.5354960418591106,3.4127116439792253,2.789548324891349,0.39823897730083396,5.018606712266488,0.47764340154510243
cmaes,88,1156,11,3.334398934985614,-3.334398934985614,3.4127116439792253,2.789548324891349,0.39823897730083396,5.018606712266488,0.47764340154510243
cmaes,88,1157,12,3.4127116439792253,-3.4127116439792253,3.4127116439792253,2.789548324891349,0.39823897730083396,5.018606712266488,0.47764340154510243
cmaes,89,1158,0,2.8898864866269887,-2.8898864866269887,3.4407592160514713,2.8610217932633994,0.48321658757180674,5.018606712266488,0.47588299615554913
cmaes,89,1159,1,3.039789752855555,-3.039789752855555,3.4407592160514713,2.8610217932633994,0.48321658757180674,5.018606712266488,0.47588299615554913
cmaes,89,1160,2,2.3089950464196054,-2.3089950464196054,3.4407592160514713,2.8610217932633994,0.48321658757180674,5.018606712266488,0.47588299615554913
cmaes,89,1161,3,3.417415319041656,-3.417415319041656,3.4407592160514713,2.8610217932633994,0.48321658757180674,5.018606712266488,0.47588299615554913
cmaes,89,1162,4,2.0323333884590675,-2.0323333884590675,3.4407592160514713,2.8610217932633994,0.48321658757180674,5.018606712266488,0.47588299615554913
cmaes,89,1163,5,3.311047794059353,-3.311047794059353,3.4407592160514713,2.8610217932633994,0.48321658757180674,5.018606712266488,0.47588299615554913
cmaes,89,1164,6,2.4484174006053805,-2.4484174006053805,3.4407592160514713,2.8610217932633994,0.48321658757180674,5.018606712266488,0.47588299615554913
cmaes,89,1165,7,3.026099110595638,-3.026099110595638,3.4407592160514713,2.8610217932633994,0.48321658757180674,5.018606712266488,0.47588299615554913
cmaes,89,1166,8,3.4152061707091246,-3.4152061707091246,3.4407592160514713,2.8610217932633994,0.48321658757180674,5.018606712266488,0.47588299615554913
cmaes,89,1167,9,2.8176097310512227,-2.8176097310512227,3.4407592160514713,2.8610217932633994,0.48321658757180674,5.018606712266488,0.47588299615554913
cmaes,89,1168,10,2.985373421372606,-2.985373421372606,3.4407592160514713,2.8610217932633994,0.48321658757180674,5.018606712266488,0.47588299615554913
cmaes,89,1169,11,3.4407592160514713,-3.4407592160514713,3.4407592160514713,2.8610217932633994,0.48321658757180674,5.018606712266488,0.47588299615554913
cmaes,89,1170,12,2.0603504745765195,-2.0603504745765195,3.4407592160514713,2.8610217932633994,0.48321658757180674,5.018606712266488,0.47588299615554913
cmaes,90,1171,0,3.1090267350875034,-3.1090267350875034,3.852158445573959,3.102064240718918,0.4334324025061177,5.018606712266488,0.46661539504826927
cmaes,90,1172,1,2.659479255507722,-2.659479255507722,3.852158445573959,3.102064240718918,0.4334324025061177,5.018606712266488,0.46661539504826927
cmaes,90,1173,2,3.614450006727732,-3.614450006727732,3.852158445573959,3.102064240718918,0.4334324025061177,5.018606712266488,0.46661539504826927
cmaes,90,1174,3,2.4281701848185735,-2.4281701848185735,3.852158445573959,3.102064240718918,0.4334324025061177,5.018606712266488,0.46661539504826927
cmaes,90,1175,4,3.013001841007857,-3.013001841007857,3.852158445573959,3.102064240718918,0.4334324025061177,5.018606712266488,0.46661539504826927
cmaes,90,1176,5,3.104811792664771,-3.104811792664771,3.852158445573959,3.102064240718918,0.4334324025061177,5.018606712266488,0.46661539504826927
cmaes,90,1177,6,3.852158445573959,-3.852158445573959,3.852158445573959,3.102064240718918,0.4334324025061177,5.018606712266488,0.46661539504826927
cmaes,90,1178,7,2.6577568345438247,-2.6577568345438247,3.852158445573959,3.102064240718918,0.4334324025061177,5.018606712266488,0.46661539504826927
cmaes,90,1179,8,2.589030171201337,-2.589030171201337,3.852158445573959,3.102064240718918,0.4334324025061177,5.018606712266488,0.46661539504826927
cmaes,90,1180,9,3.7134125781566416,-3.7134125781566416,3.852158445573959,3.102064240718918,0.4334324025061177,5.018606712266488,0.46661539504826927
cmaes,90,1181,10,3.4437856948286116,-3.4437856948286116,3.852158445573959,3.102064240718918,0.4334324025061177,5.018606712266488,0.46661539504826927
cmaes,90,1182,11,3.016262075348746,-3.016262075348746,3.852158445573959,3.102064240718918,0.4334324025061177,5.018606712266488,0.46661539504826927
cmaes,90,1183,12,3.1254895138786583,-3.1254895138786583,3.852158445573959,3.102064240718918,0.4334324025061177,5.018606712266488,0.46661539504826927
cmaes,91,1184,0,3.5516417223094723,-3.5516417223094723,4.210117170275562,3.0892160092125858,0.6450335330130235,5.018606712266488,0.4717947720109524
cmaes,91,1185,1,3.331522576310482,-3.331522576310482,4.210117170275562,3.0892160092125858,0.6450335330130235,5.018606712266488,0.4717947720109524
cmaes,91,1186,2,3.2463787881985917,-3.2463787881985917,4.210117170275562,3.0892160092125858,0.6450335330130235,5.018606712266488,0.4717947720109524
cmaes,91,1187,3,3.5714608693572676,-3.5714608693572676,4.210117170275562,3.0892160092125858,0.6450335330130235,5.018606712266488,0.4717947720109524
cmaes,91,1188,4,2.2304521661536514,-2.2304521661536514,4.210117170275562,3.0892160092125858,0.6450335330130235,5.018606712266488,0.4717947720109524
cmaes,91,1189,5,3.3781801173917643,-3.3781801173917643,4.210117170275562,3.0892160092125858,0.6450335330130235,5.018606712266488,0.4717947720109524
cmaes,91,1190,6,2.29067811232188,-2.29067811232188,4.210117170275562,3.0892160092125858,0.6450335330130235,5.018606712266488,0.4717947720109524
cmaes,91,1191,7,3.2475045284305097,-3.2475045284305097,4.210117170275562,3.0892160092125858,0.6450335330130235,5.018606712266488,0.4717947720109524
cmaes,91,1192,8,3.5540912639502618,-3.5540912639502618,4.210117170275562,3.0892160092125858,0.6450335330130235,5.018606712266488,0.4717947720109524
cmaes,91,1193,9,2.2692943607578906,-2.2692943607578906,4.210117170275562,3.0892160092125858,0.6450335330130235,5.018606712266488,0.4717947720109524
cmaes,91,1194,10,1.9889999825729638,-1.9889999825729638,4.210117170275562,3.0892160092125858,0.6450335330130235,5.018606712266488,0.4717947720109524
cmaes,91,1195,11,3.289486461733325,-3.289486461733325,4.210117170275562,3.0892160092125858,0.6450335330130235,5.018606712266488,0.4717947720109524
cmaes,91,1196,12,4.210117170275562,-4.210117170275562,4.210117170275562,3.0892160092125858,0.6450335330130235,5.018606712266488,0.4717947720109524
cmaes,92,1197,0,3.44671141528018,-3.44671141528018,4.030244989542282,3.273417537421027,0.4510238390401715,5.018606712266488,0.47375832717899
cmaes,92,1198,1,2.4056263883332614,-2.4056263883332614,4.030244989542282,3.273417537421027,0.4510238390401715,5.018606712266488,0.47375832717899
cmaes,92,1199,2,4.030244989542282,-4.030244989542282,4.030244989542282,3.273417537421027,0.4510238390401715,5.018606712266488,0.47375832717899
cmaes,92,1200,3,3.405497236905209,-3.405497236905209,4.030244989542282,3.273417537421027,0.4510238390401715,5.018606712266488,0.47375832717899
cmaes,92,1201,4,3.747835522914338,-3.747835522914338,4.030244989542282,3.273417537421027,0.4510238390401715,5.018606712266488,0.47375832717899
cmaes,92,1202,5,3.249220829142626,-3.249220829142626,4.030244989542282,3.273417537421027,0.4510238390401715,5.018606712266488,0.47375832717899
cmaes,92,1203,6,3.6333450553517173,-3.6333450553517173,4.030244989542282,3.273417537421027,0.4510238390401715,5.018606712266488,0.47375832717899
cmaes,92,1204,7,2.7684394108981434,-2.7684394108981434,4.030244989542282,3.273417537421027,0.4510238390401715,5.018606712266488,0.47375832717899
cmaes,92,1205,8,2.8828943986263846,-2.8828943986263846,4.030244989542282,3.273417537421027,0.4510238390401715,5.018606712266488,0.47375832717899
cmaes,92,1206,9,2.662737133815921,-2.662737133815921,4.030244989542282,3.273417537421027,0.4510238390401715,5.018606712266488,0.47375832717899
cmaes,92,1207,10,3.3515992896793403,-3.3515992896793403,4.030244989542282,3.273417537421027,0.4510238390401715,5.018606712266488,0.47375832717899
cmaes,92,1208,11,3.3441482292106897,-3.3441482292106897,4.030244989542282,3.273417537421027,0.4510238390401715,5.018606712266488,0.47375832717899
cmaes,92,1209,12,3.626128086773255,-3.626128086773255,4.030244989542282,3.273417537421027,0.4510238390401715,5.018606712266488,0.47375832717899
cmaes,93,1210,0,3.9855610716300536,-3.9855610716300536,3.9855610716300536,2.9069221452382825,0.581665609587969,5.018606712266488,0.4724016537840177
cmaes,93,1211,1,2.296818419694746,-2.296818419694746,3.9855610716300536,2.9069221452382825,0.581665609587969,5.018606712266488,0.4724016537840177
cmaes,93,1212,2,2.841152972596903,-2.841152972596903,3.9855610716300536,2.9069221452382825,0.581665609587969,5.018606712266488,0.4724016537840177
cmaes,93,1213,3,3.593504365291092,-3.593504365291092,3.9855610716300536,2.9069221452382825,0.581665609587969,5.018606712266488,0.4724016537840177
cmaes,93,1214,4,2.373351442399578,-2.373351442399578,3.9855610716300536,2.9069221452382825,0.581665609587969,5.018606712266488,0.4724016537840177
cmaes,93,1215,5,3.406753243873379,-3.406753243873379,3.9855610716300536,2.9069221452382825,0.581665609587969,5.018606712266488,0.4724016537840177
cmaes,93,1216,6,3.423489244339476,-3.423489244339476,3.9855610716300536,2.9069221452382825,0.581665609587969,5.018606712266488,0.4724016537840177
cmaes,93,1217,7,2.6342561399099407,-2.6342561399099407,3.9855610716300536,2.9069221452382825,0.581665609587969,5.018606712266488,0.4724016537840177
cmaes,93,1218,8,3.3761854494336263,-3.3761854494336263,3.9855610716300536,2.9069221452382825,0.581665609587969,5.018606712266488,0.4724016537840177
cmaes,93,1219,9,2.9159619977182905,-2.9159619977182905,3.9855610716300536,2.9069221452382825,0.581665609587969,5.018606712266488,0.4724016537840177
cmaes,93,1220,10,2.0567495538730856,-2.0567495538730856,3.9855610716300536,2.9069221452382825,0.581665609587969,5.018606712266488,0.4724016537840177
cmaes,93,1221,11,2.70567163239087,-2.70567163239087,3.9855610716300536,2.9069221452382825,0.581665609587969,5.018606712266488,0.4724016537840177
cmaes,93,1222,12,2.1805323549466316,-2.1805323549466316,3.9855610716300536,2.9069221452382825,0.581665609587969,5.018606712266488,0.4724016537840177
cmaes,94,1223,0,3.472135208934948,-3.472135208934948,4.56216636295893,3.266320160943266,0.5594843849692779,5.018606712266488,0.4619809129959338
cmaes,94,1224,1,2.257379020925799,-2.257379020925799,4.56216636295893,3.266320160943266,0.5594843849692779,5.018606712266488,0.4619809129959338
cmaes,94,1225,2,3.3192041318781076,-3.3192041318781076,4.56216636295893,3.266320160943266,0.5594843849692779,5.018606712266488,0.4619809129959338
cmaes,94,1226,3,3.2694187412597633,-3.2694187412597633,4.56216636295893,3.266320160943266,0.5594843849692779,5.018606712266488,0.4619809129959338
cmaes,94,1227,4,3.507295940200173,-3.507295940200173,4.56216636295893,3.266320160943266,0.5594843849692779,5.018606712266488,0.4619809129959338
cmaes,94,1228,5,2.926995844180403,-2.926995844180403,4.56216636295893,3.266320160943266,0.5594843849692779,5.018606712266488,0.4619809129959338
cmaes,94,1229,6,2.5329981151942746,-2.5329981151942746,4.56216636295893,3.266320160943266,0.5594843849692779,5.018606712266488,0.4619809129959338
cmaes,94,1230,7,3.075715832709067,-3.075715832709067,4.56216636295893,3.266320160943266,0.5594843849692779,5.018606712266488,0.4619809129959338
cmaes,94,1231,8,3.371467587397965,-3.371467587397965,4.56216636295893,3.266320160943266,0.5594843849692779,5.018606712266488,0.4619809129959338
cmaes,94,1232,9,3.277587742967097,-3.277587742967097,4.56216636295893,3.266320160943266,0.5594843849692779,5.018606712266488,0.4619809129959338
cmaes,94,1233,10,2.942561638949286,-2.942561638949286,4.56216636295893,3.266320160943266,0.5594843849692779,5.018606712266488,0.4619809129959338
cmaes,94,1234,11,3.947235924706652,-3.947235924706652,4.56216636295893,3.266320160943266,0.5594843849692779,5.018606712266488,0.4619809129959338
cmaes,94,1235,12,4.56216636295893,-4.56216636295893,4.56216636295893,3.266320160943266,0.5594843849692779,5.018606712266488,0.4619809129959338
cmaes,95,1236,0,3.1524007337111217,-3.1524007337111217,3.9684021741121995,3.1435944331207213,0.5011919080375518,5.018606712266488,0.452221563141012
cmaes,95,1237,1,3.6395117361814915,-3.6395117361814915,3.9684021741121995,3.1435944331207213,0.5011919080375518,5.018606712266488,0.452221563141012
cmaes,95,1238,2,2.244601019068624,-2.244601019068624,3.9684021741121995,3.1435944331207213,0.5011919080375518,5.018606712266488,0.452221563141012
cmaes,95,1239,3,3.2806951505844317,-3.2806951505844317,3.9684021741121995,3.1435944331207213,0.5011919080375518,5.018606712266488,0.452221563141012
cmaes,95,1240,4,3.300243993576949,-3.300243993576949,3.9684021741121995,3.1435944331207213,0.5011919080375518,5.018606712266488,0.452221563141012
cmaes,95,1241,5,2.823959960512924,-2.823959960512924,3.9684021741121995,3.1435944331207213,0.5011919080375518,5.018606712266488,0.452221563141012
cmaes,95,1242,6,3.4245300682346755,-3.4245300682346755,3.9684021741121995,3.1435944331207213,0.5011919080375518,5.018606712266488,0.452221563141012
cmaes,95,1243,7,2.0740157291202204,-2.0740157291202204,3.9684021741121995,3.1435944331207213,0.5011919080375518,5.018606712266488,0.452221563141012
cmaes,95,1244,8,3.426484701725378,-3.426484701725378,3.9684021741121995,3.1435944331207213,0.5011919080375518,5.018606712266488,0.452221563141012
cmaes,95,1245,9,2.971188077193219,-2.971188077193219,3.9684021741121995,3.1435944331207213,0.5011919080375518,5.018606712266488,0.452221563141012
cmaes,95,1246,10,3.3681708203913394,-3.3681708203913394,3.9684021741121995,3.1435944331207213,0.5011919080375518,5.018606712266488,0.452221563141012
cmaes,95,1247,11,3.192523466156805,-3.192523466156805,3.9684021741121995,3.1435944331207213,0.5011919080375518,5.018606712266488,0.452221563141012
cmaes,95,1248,12,3.9684021741121995,-3.9684021741121995,3.9684021741121995,3.1435944331207213,0.5011919080375518,5.018606712266488,0.452221563141012
cmaes,96,1249,0,4.152320347590727,-4.152320347590727,4.152320347590727,2.8841592286301494,0.6029868507170596,5.018606712266488,0.4418031910578565
cmaes,96,1250,1,2.0390122460055635,-2.0390122460055635,4.152320347590727,2.8841592286301494,0.6029868507170596,5.018606712266488,0.4418031910578565
cmaes,96,1251,2,3.1125633072047125,-3.1125633072047125,4.152320347590727,2.8841592286301494,0.6029868507170596,5.018606712266488,0.4418031910578565
cmaes,96,1252,3,2.3946658120920907,-2.3946658120920907,4.152320347590727,2.8841592286301494,0.6029868507170596,5.018606712266488,0.4418031910578565
cmaes,96,1253,4,2.082937931486071,-2.082937931486071,4.152320347590727,2.8841592286301494,0.6029868507170596,5.018606712266488,0.4418031910578565
cmaes,96,1254,5,2.9976170128932162,-2.9976170128932162,4.152320347590727,2.8841592286301494,0.6029868507170596,5.018606712266488,0.4418031910578565
cmaes,96,1255,6,3.3277165311287926,-3.3277165311287926,4.152320347590727,2.8841592286301494,0.6029868507170596,5.018606712266488,0.4418031910578565
cmaes,96,1256,7,3.1169262351946876,-3.1169262351946876,4.152320347590727,2.8841592286301494,0.6029868507170596,5.018606712266488,0.4418031910578565
cmaes,96,1257,8,2.7300947472874677,-2.7300947472874677,4.152320347590727,2.8841592286301494,0.6029868507170596,5.018606712266488,0.4418031910578565
cmaes,96,1258,9,3.2795880517112015,-3.2795880517112015,4.152320347590727,2.8841592286301494,0.6029868507170596,5.018606712266488,0.4418031910578565
cmaes,96,1259,10,1.9482129499198033,-1.9482129499198033,4.152320347590727,2.8841592286301494,0.6029868507170596,5.018606712266488,0.4418031910578565
cmaes,96,1260,11,3.1203946358497885,-3.1203946358497885,4.152320347590727,2.8841592286301494,0.6029868507170596,5.018606712266488,0.4418031910578565
cmaes,96,1261,12,3.1920201638278196,-3.1920201638278196,4.152320347590727,2.8841592286301494,0.6029868507170596,5.018606712266488,0.4418031910578565
cmaes,97,1262,0,2.4161906129111648,-2.4161906129111648,3.920823369806153,2.8848097972766755,0.6020620154397166,5.018606712266488,0.44724821992828256
cmaes,97,1263,1,2.7198257242902684,-2.7198257242902684,3.920823369806153,2.8848097972766755,0.6020620154397166,5.018606712266488,0.44724821992828256
cmaes,97,1264,2,2.587491265936587,-2.587491265936587,3.920823369806153,2.8848097972766755,0.6020620154397166,5.018606712266488,0.44724821992828256
cmaes,97,1265,3,3.0901915427031295,-3.0901915427031295,3.920823369806153,2.8848097972766755,0.6020620154397166,5.018606712266488,0.44724821992828256
cmaes,97,1266,4,2.2317447279115123,-2.2317447279115123,3.920823369806153,2.8848097972766755,0.6020620154397166,5.018606712266488,0.44724821992828256
cmaes,97,1267,5,2.0455841496938816,-2.0455841496938816,3.920823369806153,2.8848097972766755,0.6020620154397166,5.018606712266488,0.44724821992828256
cmaes,97,1268,6,3.920823369806153,-3.920823369806153,3.920823369806153,2.8848097972766755,0.6020620154397166,5.018606712266488,0.44724821992828256
cmaes,97,1269,7,2.2780817847614103,-2.2780817847614103,3.920823369806153,2.8848097972766755,0.6020620154397166,5.018606712266488,0.44724821992828256
cmaes,97,1270,8,2.754367424128772,-2.754367424128772,3.920823369806153,2.8848097972766755,0.6020620154397166,5.018606712266488,0.44724821992828256
cmaes,97,1271,9,3.7367706665479816,-3.7367706665479816,3.920823369806153,2.8848097972766755,0.6020620154397166,5.018606712266488,0.44724821992828256
cmaes,97,1272,10,3.166439227826345,-3.166439227826345,3.920823369806153,2.8848097972766755,0.6020620154397166,5.018606712266488,0.44724821992828256
cmaes,97,1273,11,2.715373986311539,-2.715373986311539,3.920823369806153,2.8848097972766755,0.6020620154397166,5.018606712266488,0.44724821992828256
cmaes,97,1274,12,3.8396428817680386,-3.8396428817680386,3.920823369806153,2.8848097972766755,0.6020620154397166,5.018606712266488,0.44724821992828256
cmaes,98,1275,0,2.8188564919329697,-2.8188564919329697,3.9452256362385514,2.9809989082207107,0.6154755566176829,5.018606712266488,0.44544771220123236
cmaes,98,1276,1,2.5645491915094785,-2.5645491915094785,3.9452256362385514,2.9809989082207107,0.6154755566176829,5.018606712266488,0.44544771220123236
cmaes,98,1277,2,3.578838904017115,-3.578838904017115,3.9452256362385514,2.9809989082207107,0.6154755566176829,5.018606712266488,0.44544771220123236
cmaes,98,1278,3,2.419505851719917,-2.419505851719917,3.9452256362385514,2.9809989082207107,0.6154755566176829,5.018606712266488,0.44544771220123236
cmaes,98,1279,4,2.9960074886723564,-2.9960074886723564,3.9452256362385514,2.9809989082207107,0.6154755566176829,5.018606712266488,0.44544771220123236
cmaes,98,1280,5,2.1290687803096753,-2.1290687803096753,3.9452256362385514,2.9809989082207107,0.6154755566176829,5.018606712266488,0.44544771220123236
cmaes,98,1281,6,2.1404737570815198,-2.1404737570815198,3.9452256362385514,2.9809989082207107,0.6154755566176829,5.018606712266488,0.44544771220123236
cmaes,98,1282,7,3.9452256362385514,-3.9452256362385514,3.9452256362385514,2.9809989082207107,0.6154755566176829,5.018606712266488,0.44544771220123236
cmaes,98,1283,8,3.70390468280919,-3.70390468280919,3.9452256362385514,2.9809989082207107,0.6154755566176829,5.018606712266488,0.44544771220123236
cmaes,98,1284,9,2.2859161924000224,-2.2859161924000224,3.9452256362385514,2.9809989082207107,0.6154755566176829,5.018606712266488,0.44544771220123236
cmaes,98,1285,10,3.671783833244762,-3.671783833244762,3.9452256362385514,2.9809989082207107,0.6154755566176829,5.018606712266488,0.44544771220123236
cmaes,98,1286,11,3.072122443606216,-3.072122443606216,3.9452256362385514,2.9809989082207107,0.6154755566176829,5.018606712266488,0.44544771220123236
cmaes,98,1287,12,3.4267325533274673,-3.4267325533274673,3.9452256362385514,2.9809989082207107,0.6154755566176829,5.018606712266488,0.44544771220123236
cmaes,99,1288,0,2.8671304754288762,-2.8671304754288762,3.6136835875847533,2.9735620992233818,0.5351400739202521,5.018606712266488,0.4427664236216673
cmaes,99,1289,1,2.726503076794587,-2.726503076794587,3.6136835875847533,2.9735620992233818,0.5351400739202521,5.018606712266488,0.4427664236216673
cmaes,99,1290,2,3.6136835875847533,-3.6136835875847533,3.6136835875847533,2.9735620992233818,0.5351400739202521,5.018606712266488,0.4427664236216673
cmaes,99,1291,3,3.2252831811715543,-3.2252831811715543,3.6136835875847533,2.9735620992233818,0.5351400739202521,5.018606712266488,0.4427664236216673
cmaes,99,1292,4,2.200828191924797,-2.200828191924797,3.6136835875847533,2.9735620992233818,0.5351400739202521,5.018606712266488,0.4427664236216673
cmaes,99,1293,5,2.040274876103399,-2.040274876103399,3.6136835875847533,2.9735620992233818,0.5351400739202521,5.018606712266488,0.4427664236216673
cmaes,99,1294,6,2.6645172701037585,-2.6645172701037585,3.6136835875847533,2.9735620992233818,0.5351400739202521,5.018606712266488,0.4427664236216673
cmaes,99,1295,7,3.4371727316996914,-3.4371727316996914,3.6136835875847533,2.9735620992233818,0.5351400739202521,5.018606712266488,0.4427664236216673
cmaes,99,1296,8,3.5046155681580307,-3.5046155681580307,3.6136835875847533,2.9735620992233818,0.5351400739202521,5.018606712266488,0.4427664236216673
cmaes,99,1297,9,3.463875265044962,-3.463875265044962,3.6136835875847533,2.9735620992233818,0.5351400739202521,5.018606712266488,0.4427664236216673
cmaes,99,1298,10,3.429318716548733,-3.429318716548733,3.6136835875847533,2.9735620992233818,0.5351400739202521,5.018606712266488,0.4427664236216673
cmaes,99,1299,11,3.2711777311211914,-3.2711777311211914,3.6136835875847533,2.9735620992233818,0.5351400739202521,5.018606712266488,0.4427664236216673
cmaes,99,1300,12,2.211926618219632,-2.211926618219632,3.6136835875847533,2.9735620992233818,0.5351400739202521,5.018606712266488,0.4427664236216673
