optimizer,generation,episode,candidate,fitness,loss,generation_best_fitness,generation_mean_fitness,generation_std_fitness,best_so_far_fitness,sigma
cmaes,0,1,0,1.5690884832365977,-1.5690884832365977,1.599352785231441,1.5766023610289106,0.008836458041748598,1.599352785231441,0.4735528758230982
cmaes,0,2,1,1.592687166917925,-1.592687166917925,1.599352785231441,1.5766023610289106,0.008836458041748598,1.599352785231441,0.4735528758230982
cmaes,0,3,2,1.5717000428679884,-1.5717000428679884,1.599352785231441,1.5766023610289106,0.008836458041748598,1.599352785231441,0.4735528758230982
cmaes,0,4,3,1.5768403275898457,-1.5768403275898457,1.599352785231441,1.5766023610289106,0.008836458041748598,1.599352785231441,0.4735528758230982
cmaes,0,5,4,1.573217362114234,-1.573217362114234,1.599352785231441,1.5766023610289106,0.008836458041748598,1.599352785231441,0.4735528758230982
cmaes,0,6,5,1.5754057350597237,-1.5754057350597237,1.599352785231441,1.5766023610289106,0.008836458041748598,1.599352785231441,0.4735528758230982
cmaes,0,7,6,1.567790397771289,-1.567790397771289,1.599352785231441,1.5766023610289106,0.008836458041748598,1.599352785231441,0.4735528758230982
cmaes,0,8,7,1.5692420445496993,-1.5692420445496993,1.599352785231441,1.5766023610289106,0.008836458041748598,1.599352785231441,0.4735528758230982
cmaes,0,9,8,1.599352785231441,-1.599352785231441,1.599352785231441,1.5766023610289106,0.008836458041748598,1.599352785231441,0.4735528758230982
cmaes,0,10,9,1.5758290575045786,-1.5758290575045786,1.599352785231441,1.5766023610289106,0.008836458041748598,1.599352785231441,0.4735528758230982
cmaes,0,11,10,1.576528540958919,-1.576528540958919,1.599352785231441,1.5766023610289106,0.008836458041748598,1.599352785231441,0.4735528758230982
cmaes,0,12,11,1.5743277751587124,-1.5743277751587124,1.599352785231441,1.5766023610289106,0.008836458041748598,1.599352785231441,0.4735528758230982
cmaes,0,13,12,1.5738209744148846,-1.5738209744148846,1.599352785231441,1.5766023610289106,0.008836458041748598,1.599352785231441,0.4735528758230982
cmaes,1,14,0,1.663399311202373,-1.663399311202373,1.663399311202373,1.589651709125612,0.03480029019226301,1.663399311202373,0.44080484663144587
cmaes,1,15,1,1.5974053371049186,-1.5974053371049186,1.663399311202373,1.589651709125612,0.03480029019226301,1.663399311202373,0.44080484663144587
cmaes,1,16,2,1.6466255605610973,-1.6466255605610973,1.663399311202373,1.589651709125612,0.03480029019226301,1.663399311202373,0.44080484663144587
cmaes,1,17,3,1.5789609398485556,-1.5789609398485556,1.663399311202373,1.589651709125612,0.03480029019226301,1.663399311202373,0.44080484663144587
cmaes,1,18,4,1.5564339630559472,-1.5564339630559472,1.663399311202373,1.589651709125612,0.03480029019226301,1.663399311202373,0.44080484663144587
cmaes,1,19,5,1.6277896127610207,-1.6277896127610207,1.663399311202373,1.589651709125612,0.03480029019226301,1.663399311202373,0.44080484663144587
cmaes,1,20,6,1.5601701227329534,-1.5601701227329534,1.663399311202373,1.589651709125612,0.03480029019226301,1.663399311202373,0.44080484663144587
cmaes,1,21,7,1.5564797568831346,-1.5564797568831346,1.663399311202373,1.589651709125612,0.03480029019226301,1.663399311202373,0.44080484663144587
cmaes,1,22,8,1.5634783373488503,-1.5634783373488503,1.663399311202373,1.589651709125612,0.03480029019226301,1.663399311202373,0.44080484663144587
cmaes,1,23,9,1.5789276694712797,-1.5789276694712797,1.663399311202373,1.589651709125612,0.03480029019226301,1.663399311202373,0.44080484663144587
cmaes,1,24,10,1.6058530938589213,-1.6058530938589213,1.663399311202373,1.589651709125612,0.03480029019226301,1.663399311202373,0.44080484663144587
cmaes,1,25,11,1.571166729473711,-1.571166729473711,1.663399311202373,1.589651709125612,0.03480029019226301,1.663399311202373,0.44080484663144587
cmaes,1,26,12,1.5587817843301917,-1.5587817843301917,1.663399311202373,1.589651709125612,0.03480029019226301,1.663399311202373,0.44080484663144587
cmaes,2,27,0,1.6318355951200256,-1.6318355951200256,1.970341615618432,1.623403194821144,0.10933390680752776,1.970341615618432,0.41498272667775277
cmaes,2,28,1,1.970341615618432,-1.970341615618432,1.970341615618432,1.623403194821144,0.10933390680752776,1.970341615618432,0.41498272667775277
cmaes,2,29,2,1.5693389914168752,-1.5693389914168752,1.970341615618432,1.623403194821144,0.10933390680752776,1.970341615618432,0.41498272667775277
cmaes,2,30,3,1.5780868886469057,-1.5780868886469057,1.970341615618432,1.623403194821144,0.10933390680752776,1.970341615618432,0.41498272667775277
cmaes,2,31,4,1.6913949669576531,-1.6913949669576531,1.970341615618432,1.623403194821144,0.10933390680752776,1.970341615618432,0.41498272667775277
cmaes,2,32,5,1.5708644069323732,-1.5708644069323732,1.970341615618432,1.623403194821144,0.10933390680752776,1.970341615618432,0.41498272667775277
cmaes,2,33,6,1.563925845743844,-1.563925845743844,1.970341615618432,1.623403194821144,0.10933390680752776,1.970341615618432,0.41498272667775277
cmaes,2,34,7,1.5723108287048606,-1.5723108287048606,1.970341615618432,1.623403194821144,0.10933390680752776,1.970341615618432,0.41498272667775277
cmaes,2,35,8,1.5698204887751177,-1.5698204887751177,1.970341615618432,1.623403194821144,0.10933390680752776,1.970341615618432,0.41498272667775277
cmaes,2,36,9,1.5575791390033868,-1.5575791390033868,1.970341615618432,1.623403194821144,0.10933390680752776,1.970341615618432,0.41498272667775277
cmaes,2,37,10,1.5765365090667913,-1.5765365090667913,1.970341615618432,1.623403194821144,0.10933390680752776,1.970341615618432,0.41498272667775277
cmaes,2,38,11,1.6854356402975028,-1.6854356402975028,1.970341615618432,1.623403194821144,0.10933390680752776,1.970341615618432,0.41498272667775277
cmaes,2,39,12,1.5667706163911028,-1.5667706163911028,1.970341615618432,1.623403194821144,0.10933390680752776,1.970341615618432,0.41498272667775277
cmaes,3,40,0,1.5983769229257052,-1.5983769229257052,1.8824855572697197,1.6405728928900098,0.12149239804797846,1.970341615618432,0.4073002330414461
cmaes,3,41,1,1.7304780363420889,-1.7304780363420889,1.8824855572697197,1.6405728928900098,0.12149239804797846,1.970341615618432,0.4073002330414461
cmaes,3,42,2,1.5318796564667077,-1.5318796564667077,1.8824855572697197,1.6405728928900098,0.12149239804797846,1.970341615618432,0.4073002330414461
cmaes,3,43,3,1.5777525171268147,-1.5777525171268147,1.8824855572697197,1.6405728928900098,0.12149239804797846,1.970341615618432,0.4073002330414461
cmaes,3,44,4,1.56788361014697,-1.56788361014697,1.8824855572697197,1.6405728928900098,0.12149239804797846,1.970341615618432,0.4073002330414461
cmaes,3,45,5,1.8824855572697197,-1.8824855572697197,1.8824855572697197,1.6405728928900098,0.12149239804797846,1.970341615618432,0.4073002330414461
cmaes,3,46,6,1.5738613781449313,-1.5738613781449313,1.8824855572697197,1.6405728928900098,0.12149239804797846,1.970341615618432,0.4073002330414461
cmaes,3,47,7,1.5751918561761409,-1.5751918561761409,1.8824855572697197,1.6405728928900098,0.12149239804797846,1.970341615618432,0.4073002330414461
cmaes,3,48,8,1.750663517083978,-1.750663517083978,1.8824855572697197,1.6405728928900098,0.12149239804797846,1.970341615618432,0.4073002330414461
cmaes,3,49,9,1.53960659647233,-1.53960659647233,1.8824855572697197,1.6405728928900098,0.12149239804797846,1.970341615618432,0.4073002330414461
cmaes,3,50,10,1.559453667381661,-1.559453667381661,1.8824855572697197,1.6405728928900098,0.12149239804797846,1.970341615618432,0.4073002330414461
cmaes,3,51,11,1.8815368034464621,-1.8815368034464621,1.8824855572697197,1.6405728928900098,0.12149239804797846,1.970341615618432,0.4073002330414461
cmaes,3,52,12,1.5582774885866224,-1.5582774885866224,1.8824855572697197,1.6405728928900098,0.12149239804797846,1.970341615618432,0.4073002330414461
cmaes,4,53,0,1.548240304240363,-1.548240304240363,1.7553344872286893,1.578480610800489,0.06545625983174455,1.970341615618432,0.40327604638335324
cmaes,4,54,1,1.6060098681860975,-1.6060098681860975,1.7553344872286893,1.578480610800489,0.06545625983174455,1.970341615618432,0.40327604638335324
cmaes,4,55,2,1.5506347241252663,-1.5506347241252663,1.7553344872286893,1.578480610800489,0.06545625983174455,1.970341615618432,0.40327604638335324
cmaes,4,56,3,1.567684409546364,-1.567684409546364,1.7553344872286893,1.578480610800489,0.06545625983174455,1.970341615618432,0.40327604638335324
cmaes,4,57,4,1.5454706238410916,-1.5454706238410916,1.7553344872286893,1.578480610800489,0.06545625983174455,1.970341615618432,0.40327604638335324
cmaes,4,58,5,1.5500556674101138,-1.5500556674101138,1.7553344872286893,1.578480610800489,0.06545625983174455,1.970341615618432,0.40327604638335324
cmaes,4,59,6,1.5565086703378763,-1.5565086703378763,1.7553344872286893,1.578480610800489,0.06545625983174455,1.970341615618432,0.40327604638335324
cmaes,4,60,7,1.4543292280610007,-1.4543292280610007,1.7553344872286893,1.578480610800489,0.06545625983174455,1.970341615618432,0.40327604638335324
cmaes,4,61,8,1.7553344872286893,-1.7553344872286893,1.7553344872286893,1.578480610800489,0.06545625983174455,1.970341615618432,0.40327604638335324
cmaes,4,62,9,1.5737207004304272,-1.5737207004304272,1.7553344872286893,1.578480610800489,0.06545625983174455,1.970341615618432,0.40327604638335324
cmaes,4,63,10,1.634176576634343,-1.634176576634343,1.7553344872286893,1.578480610800489,0.06545625983174455,1.970341615618432,0.40327604638335324
cmaes,4,64,11,1.6079553590761775,-1.6079553590761775,1.7553344872286893,1.578480610800489,0.06545625983174455,1.970341615618432,0.40327604638335324
cmaes,4,65,12,1.5701273212885438,-1.5701273212885438,1.7553344872286893,1.578480610800489,0.06545625983174455,1.970341615618432,0.40327604638335324
cmaes,5,66,0,1.5716453794848815,-1.5716453794848815,1.9273023989327267,1.606128162519322,0.10136598018423588,1.970341615618432,0.40488808424263406
cmaes,5,67,1,1.5516858780366276,-1.5516858780366276,1.9273023989327267,1.606128162519322,0.10136598018423588,1.970341615618432,0.40488808424263406
cmaes,5,68,2,1.5655227112563956,-1.5655227112563956,1.9273023989327267,1.606128162519322,0.10136598018423588,1.970341615618432,0.40488808424263406
cmaes,5,69,3,1.537396615583367,-1.537396615583367,1.9273023989327267,1.606128162519322,0.10136598018423588,1.970341615618432,0.40488808424263406
cmaes,5,70,4,1.6684712854438677,-1.6684712854438677,1.9273023989327267,1.606128162519322,0.10136598018423588,1.970341615618432,0.40488808424263406
cmaes,5,71,5,1.5524033691687182,-1.5524033691687182,1.9273023989327267,1.606128162519322,0.10136598018423588,1.970341615618432,0.40488808424263406
cmaes,5,72,6,1.6696687540256905,-1.6696687540256905,1.9273023989327267,1.606128162519322,0.10136598018423588,1.970341615618432,0.40488808424263406
cmaes,5,73,7,1.5937905963250256,-1.5937905963250256,1.9273023989327267,1.606128162519322,0.10136598018423588,1.970341615618432,0.40488808424263406
cmaes,5,74,8,1.580756871634259,-1.580756871634259,1.9273023989327267,1.606128162519322,0.10136598018423588,1.970341615618432,0.40488808424263406
cmaes,5,75,9,1.5585996943576628,-1.5585996943576628,1.9273023989327267,1.606128162519322,0.10136598018423588,1.970341615618432,0.40488808424263406
cmaes,5,76,10,1.9273023989327267,-1.9273023989327267,1.9273023989327267,1.606128162519322,0.10136598018423588,1.970341615618432,0.40488808424263406
cmaes,5,77,11,1.551077754675223,-1.551077754675223,1.9273023989327267,1.606128162519322,0.10136598018423588,1.970341615618432,0.40488808424263406
cmaes,5,78,12,1.5513448038267403,-1.5513448038267403,1.9273023989327267,1.606128162519322,0.10136598018423588,1.970341615618432,0.40488808424263406
cmaes,6,79,0,1.5788401400417562,-1.5788401400417562,2.04656897035598,1.7353401466028933,0.16950953395752127,2.04656897035598,0.4076014790674593
cmaes,6,80,1,1.5820300847556954,-1.5820300847556954,2.04656897035598,1.7353401466028933,0.16950953395752127,2.04656897035598,0.4076014790674593
cmaes,6,81,2,1.7961822625768544,-1.7961822625768544,2.04656897035598,1.7353401466028933,0.16950953395752127,2.04656897035598,0.4076014790674593
cmaes,6,82,3,1.6696204873171439,-1.6696204873171439,2.04656897035598,1.7353401466028933,0.16950953395752127,2.04656897035598,0.4076014790674593
cmaes,6,83,4,1.5464744974340219,-1.5464744974340219,2.04656897035598,1.7353401466028933,0.16950953395752127,2.04656897035598,0.4076014790674593
cmaes,6,84,5,2.04656897035598,-2.04656897035598,2.04656897035598,1.7353401466028933,0.16950953395752127,2.04656897035598,0.4076014790674593
cmaes,6,85,6,1.9124503222169662,-1.9124503222169662,2.04656897035598,1.7353401466028933,0.16950953395752127,2.04656897035598,0.4076014790674593
cmaes,6,86,7,1.7335943149618216,-1.7335943149618216,2.04656897035598,1.7353401466028933,0.16950953395752127,2.04656897035598,0.4076014790674593
cmaes,6,87,8,1.5961038177380105,-1.5961038177380105,2.04656897035598,1.7353401466028933,0.16950953395752127,2.04656897035598,0.4076014790674593
cmaes,6,88,9,1.9663138928522665,-1.9663138928522665,2.04656897035598,1.7353401466028933,0.16950953395752127,2.04656897035598,0.4076014790674593
cmaes,6,89,10,1.9363589558747243,-1.9363589558747243,2.04656897035598,1.7353401466028933,0.16950953395752127,2.04656897035598,0.4076014790674593
cmaes,6,90,11,1.5625308704868568,-1.5625308704868568,2.04656897035598,1.7353401466028933,0.16950953395752127,2.04656897035598,0.4076014790674593
cmaes,6,91,12,1.6323532892255155,-1.6323532892255155,2.04656897035598,1.7353401466028933,0.16950953395752127,2.04656897035598,0.4076014790674593
cmaes,7,92,0,1.783202872631249,-1.783202872631249,2.5915203014730963,1.7508864651614653,0.26677187161088495,2.5915203014730963,0.4159751763149554
cmaes,7,93,1,1.5490282470327472,-1.5490282470327472,2.5915203014730963,1.7508864651614653,0.26677187161088495,2.5915203014730963,0.4159751763149554
cmaes,7,94,2,1.5384623981467216,-1.5384623981467216,2.5915203014730963,1.7508864651614653,0.26677187161088495,2.5915203014730963,0.4159751763149554
cmaes,7,95,3,1.8950001321513565,-1.8950001321513565,2.5915203014730963,1.7508864651614653,0.26677187161088495,2.5915203014730963,0.4159751763149554
cmaes,7,96,4,1.5872069820557777,-1.5872069820557777,2.5915203014730963,1.7508864651614653,0.26677187161088495,2.5915203014730963,0.4159751763149554
cmaes,7,97,5,1.7652657127310816,-1.7652657127310816,2.5915203014730963,1.7508864651614653,0.26677187161088495,2.5915203014730963,0.4159751763149554
cmaes,7,98,6,1.7491159720294485,-1.7491159720294485,2.5915203014730963,1.7508864651614653,0.26677187161088495,2.5915203014730963,0.4159751763149554
cmaes,7,99,7,1.6106562263439623,-1.6106562263439623,2.5915203014730963,1.7508864651614653,0.26677187161088495,2.5915203014730963,0.4159751763149554
cmaes,7,100,8,1.7732333248241128,-1.7732333248241128,2.5915203014730963,1.7508864651614653,0.26677187161088495,2.5915203014730963,0.4159751763149554
cmaes,7,101,9,1.7654555692091185,-1.7654555692091185,2.5915203014730963,1.7508864651614653,0.26677187161088495,2.5915203014730963,0.4159751763149554
cmaes,7,102,10,2.5915203014730963,-2.5915203014730963,2.5915203014730963,1.7508864651614653,0.26677187161088495,2.5915203014730963,0.4159751763149554
cmaes,7,103,11,1.539554581945288,-1.539554581945288,2.5915203014730963,1.7508864651614653,0.26677187161088495,2.5915203014730963,0.4159751763149554
cmaes,7,104,12,1.6138217265250854,-1.6138217265250854,2.5915203014730963,1.7508864651614653,0.26677187161088495,2.5915203014730963,0.4159751763149554
cmaes,8,105,0,1.9038788908339679,-1.9038788908339679,1.9126921856567358,1.6771090751690125,0.1371652184034598,2.5915203014730963,0.4288289357805273
cmaes,8,106,1,1.719625852613663,-1.719625852613663,1.9126921856567358,1.6771090751690125,0.1371652184034598,2.5915203014730963,0.4288289357805273
cmaes,8,107,2,1.5303772128942272,-1.5303772128942272,1.9126921856567358,1.6771090751690125,0.1371652184034598,2.5915203014730963,0.4288289357805273
cmaes,8,108,3,1.5765098059215519,-1.5765098059215519,1.9126921856567358,1.6771090751690125,0.1371652184034598,2.5915203014730963,0.4288289357805273
cmaes,8,109,4,1.5339227372273745,-1.5339227372273745,1.9126921856567358,1.6771090751690125,0.1371652184034598,2.5915203014730963,0.4288289357805273
cmaes,8,110,5,1.5857492778465754,-1.5857492778465754,1.9126921856567358,1.6771090751690125,0.1371652184034598,2.5915203014730963,0.4288289357805273
cmaes,8,111,6,1.7394814467731003,-1.7394814467731003,1.9126921856567358,1.6771090751690125,0.1371652184034598,2.5915203014730963,0.4288289357805273
cmaes,8,112,7,1.57560353496164,-1.57560353496164,1.9126921856567358,1.6771090751690125,0.1371652184034598,2.5915203014730963,0.4288289357805273
cmaes,8,113,8,1.5325816964167571,-1.5325816964167571,1.9126921856567358,1.6771090751690125,0.1371652184034598,2.5915203014730963,0.4288289357805273
cmaes,8,114,9,1.5898873828802513,-1.5898873828802513,1.9126921856567358,1.6771090751690125,0.1371652184034598,2.5915203014730963,0.4288289357805273
cmaes,8,115,10,1.9126921856567358,-1.9126921856567358,1.9126921856567358,1.6771090751690125,0.1371652184034598,2.5915203014730963,0.4288289357805273
cmaes,8,116,11,1.7699036036620686,-1.7699036036620686,1.9126921856567358,1.6771090751690125,0.1371652184034598,2.5915203014730963,0.4288289357805273
cmaes,8,117,12,1.8322043495092513,-1.8322043495092513,1.9126921856567358,1.6771090751690125,0.1371652184034598,2.5915203014730963,0.4288289357805273
cmaes,9,118,0,2.640150568464204,-2.640150568464204,2.640150568464204,1.7645389728144518,0.32282492214562525,2.640150568464204,0.4298638705125977
cmaes,9,119,1,1.5937763494636108,-1.5937763494636108,2.640150568464204,1.7645389728144518,0.32282492214562525,2.640150568464204,0.4298638705125977
cmaes,9,120,2,1.5402831498793677,-1.5402831498793677,2.640150568464204,1.7645389728144518,0.32282492214562525,2.640150568464204,0.4298638705125977
cmaes,9,121,3,1.5743746323317542,-1.5743746323317542,2.640150568464204,1.7645389728144518,0.32282492214562525,2.640150568464204,0.4298638705125977
cmaes,9,122,4,1.5508503490751886,-1.5508503490751886,2.640150568464204,1.7645389728144518,0.32282492214562525,2.640150568464204,0.4298638705125977
cmaes,9,123,5,2.241363335094755,-2.241363335094755,2.640150568464204,1.7645389728144518,0.32282492214562525,2.640150568464204,0.4298638705125977
cmaes,9,124,6,1.5309564137420593,-1.5309564137420593,2.640150568464204,1.7645389728144518,0.32282492214562525,2.640150568464204,0.4298638705125977
cmaes,9,125,7,1.5766609955259785,-1.5766609955259785,2.640150568464204,1.7645389728144518,0.32282492214562525,2.640150568464204,0.4298638705125977
cmaes,9,126,8,1.8660457095207346,-1.8660457095207346,2.640150568464204,1.7645389728144518,0.32282492214562525,2.640150568464204,0.4298638705125977
cmaes,9,127,9,1.629298586885141,-1.629298586885141,2.640150568464204,1.7645389728144518,0.32282492214562525,2.640150568464204,0.4298638705125977
cmaes,9,128,10,1.9390127731617453,-1.9390127731617453,2.640150568464204,1.7645389728144518,0.32282492214562525,2.640150568464204,0.4298638705125977
cmaes,9,129,11,1.7098435781047516,-1.7098435781047516,2.640150568464204,1.7645389728144518,0.32282492214562525,2.640150568464204,0.4298638705125977
cmaes,9,130,12,1.5463902053385818,-1.5463902053385818,2.640150568464204,1.7645389728144518,0.32282492214562525,2.640150568464204,0.4298638705125977
cmaes,10,131,0,1.8649614315824627,-1.8649614315824627,1.9076360756273734,1.663778882574667,0.1626348319751643,2.640150568464204,0.43149049985097343
cmaes,10,132,1,1.50525749087043,-1.50525749087043,1.9076360756273734,1.663778882574667,0.1626348319751643,2.640150568464204,0.43149049985097343
cmaes,10,133,2,1.831822582869879,-1.831822582869879,1.9076360756273734,1.663778882574667,0.1626348319751643,2.640150568464204,0.43149049985097343
cmaes,10,134,3,1.532502049287074,-1.532502049287074,1.9076360756273734,1.663778882574667,0.1626348319751643,2.640150568464204,0.43149049985097343
cmaes,10,135,4,1.5385423573655952,-1.5385423573655952,1.9076360756273734,1.663778882574667,0.1626348319751643,2.640150568464204,0.43149049985097343
cmaes,10,136,5,1.5319998560992243,-1.5319998560992243,1.9076360756273734,1.663778882574667,0.1626348319751643,2.640150568464204,0.43149049985097343
cmaes,10,137,6,1.556014488028677,-1.556014488028677,1.9076360756273734,1.663778882574667,0.1626348319751643,2.640150568464204,0.43149049985097343
cmaes,10,138,7,1.5349083335902467,-1.5349083335902467,1.9076360756273734,1.663778882574667,0.1626348319751643,2.640150568464204,0.43149049985097343
cmaes,10,139,8,1.5279147546720406,-1.5279147546720406,1.9076360756273734,1.663778882574667,0.1626348319751643,2.640150568464204,0.43149049985097343
cmaes,10,140,9,1.5627371958889513,-1.5627371958889513,1.9076360756273734,1.663778882574667,0.1626348319751643,2.640150568464204,0.43149049985097343
cmaes,10,141,10,1.9076360756273734,-1.9076360756273734,1.9076360756273734,1.663778882574667,0.1626348319751643,2.640150568464204,0.43149049985097343
cmaes,10,142,11,1.8526658399298406,-1.8526658399298406,1.9076360756273734,1.663778882574667,0.1626348319751643,2.640150568464204,0.43149049985097343
cmaes,10,143,12,1.882163017658876,-1.882163017658876,1.9076360756273734,1.663778882574667,0.1626348319751643,2.640150568464204,0.43149049985097343
cmaes,11,144,0,1.7074763639037576,-1.7074763639037576,4.300185244530784,2.0281523415415226,0.7553231137768456,4.300185244530784,0.4356657632155975
cmaes,11,145,1,1.7704742576904484,-1.7704742576904484,4.300185244530784,2.0281523415415226,0.7553231137768456,4.300185244530784,0.4356657632155975
cmaes,11,146,2,1.6026681129678326,-1.6026681129678326,4.300185244530784,2.0281523415415226,0.7553231137768456,4.300185244530784,0.4356657632155975
cmaes,11,147,3,1.6869135360972596,-1.6869135360972596,4.300185244530784,2.0281523415415226,0.7553231137768456,4.300185244530784,0.4356657632155975
cmaes,11,148,4,1.5516489362775603,-1.5516489362775603,4.300185244530784,2.0281523415415226,0.7553231137768456,4.300185244530784,0.4356657632155975
cmaes,11,149,5,2.0369903254192088,-2.0369903254192088,4.300185244530784,2.0281523415415226,0.7553231137768456,4.300185244530784,0.4356657632155975
cmaes,11,150,6,1.711546927660555,-1.711546927660555,4.300185244530784,2.0281523415415226,0.7553231137768456,4.300185244530784,0.4356657632155975
cmaes,11,151,7,1.8935217470742436,-1.8935217470742436,4.300185244530784,2.0281523415415226,0.7553231137768456,4.300185244530784,0.4356657632155975
cmaes,11,152,8,3.0299258428448543,-3.0299258428448543,4.300185244530784,2.0281523415415226,0.7553231137768456,4.300185244530784,0.4356657632155975
cmaes,11,153,9,1.538013543742115,-1.538013543742115,4.300185244530784,2.0281523415415226,0.7553231137768456,4.300185244530784,0.4356657632155975
cmaes,11,154,10,4.300185244530784,-4.300185244530784,4.300185244530784,2.0281523415415226,0.7553231137768456,4.300185244530784,0.4356657632155975
cmaes,11,155,11,1.9464947672020436,-1.9464947672020436,4.300185244530784,2.0281523415415226,0.7553231137768456,4.300185244530784,0.4356657632155975
cmaes,11,156,12,1.590120834629128,-1.590120834629128,4.300185244530784,2.0281523415415226,0.7553231137768456,4.300185244530784,0.4356657632155975
cmaes,12,157,0,1.5409484990196411,-1.5409484990196411,2.4897237950550846,1.738140443165207,0.30529563698361695,4.300185244530784,0.42545279474322567
cmaes,12,158,1,1.6489326909968143,-1.6489326909968143,2.4897237950550846,1.738140443165207,0.30529563698361695,4.300185244530784,0.42545279474322567
cmaes,12,159,2,1.5376630811587573,-1.5376630811587573,2.4897237950550846,1.738140443165207,0.30529563698361695,4.300185244530784,0.42545279474322567
cmaes,12,160,3,1.563607317619348,-1.563607317619348,2.4897237950550846,1.738140443165207,0.30529563698361695,4.300185244530784,0.42545279474322567
cmaes,12,161,4,1.5566056163953215,-1.5566056163953215,2.4897237950550846,1.738140443165207,0.30529563698361695,4.300185244530784,0.42545279474322567
cmaes,12,162,5,1.5383554159517445,-1.5383554159517445,2.4897237950550846,1.738140443165207,0.30529563698361695,4.300185244530784,0.42545279474322567
cmaes,12,163,6,1.8499309212328612,-1.8499309212328612,2.4897237950550846,1.738140443165207,0.30529563698361695,4.300185244530784,0.42545279474322567
cmaes,12,164,7,1.6790808147387994,-1.6790808147387994,2.4897237950550846,1.738140443165207,0.30529563698361695,4.300185244530784,0.42545279474322567
cmaes,12,165,8,1.51109817125592,-1.51109817125592,2.4897237950550846,1.738140443165207,0.30529563698361695,4.300185244530784,0.42545279474322567
cmaes,12,166,9,2.3301274181538467,-2.3301274181538467,2.4897237950550846,1.738140443165207,0.30529563698361695,4.300185244530784,0.42545279474322567
cmaes,12,167,10,1.7982487827290938,-1.7982487827290938,2.4897237950550846,1.738140443165207,0.30529563698361695,4.300185244530784,0.42545279474322567
cmaes,12,168,11,1.5515032368404604,-1.5515032368404604,2.4897237950550846,1.738140443165207,0.30529563698361695,4.300185244530784,0.42545279474322567
cmaes,12,169,12,2.4897237950550846,-2.4897237950550846,2.4897237950550846,1.738140443165207,0.30529563698361695,4.300185244530784,0.42545279474322567
cmaes,13,170,0,1.5608204657698994,-1.5608204657698994,2.382586550685057,1.7077090974370606,0.23519866513359952,4.300185244530784,0.408701122303178
cmaes,13,171,1,1.5430697282261863,-1.5430697282261863,2.382586550685057,1.7077090974370606,0.23519866513359952,4.300185244530784,0.408701122303178
cmaes,13,172,2,1.584942892022831,-1.584942892022831,2.382586550685057,1.7077090974370606,0.23519866513359952,4.300185244530784,0.408701122303178
cmaes,13,173,3,1.5336583782337616,-1.5336583782337616,2.382586550685057,1.7077090974370606,0.23519866513359952,4.300185244530784,0.408701122303178
cmaes,13,174,4,1.6108239893317968,-1.6108239893317968,2.382586550685057,1.7077090974370606,0.23519866513359952,4.300185244530784,0.408701122303178
cmaes,13,175,5,1.9316989098602564,-1.9316989098602564,2.382586550685057,1.7077090974370606,0.23519866513359952,4.300185244530784,0.408701122303178
cmaes,13,176,6,2.382586550685057,-2.382586550685057,2.382586550685057,1.7077090974370606,0.23519866513359952,4.300185244530784,0.408701122303178
cmaes,13,177,7,1.8681807085774707,-1.8681807085774707,2.382586550685057,1.7077090974370606,0.23519866513359952,4.300185244530784,0.408701122303178
cmaes,13,178,8,1.5931732651462922,-1.5931732651462922,2.382586550685057,1.7077090974370606,0.23519866513359952,4.300185244530784,0.408701122303178
cmaes,13,179,9,1.851074076157734,-1.851074076157734,2.382586550685057,1.7077090974370606,0.23519866513359952,4.300185244530784,0.408701122303178
cmaes,13,180,10,1.6144178650070875,-1.6144178650070875,2.382586550685057,1.7077090974370606,0.23519866513359952,4.300185244530784,0.408701122303178
cmaes,13,181,11,1.562734332334304,-1.562734332334304,2.382586550685057,1.7077090974370606,0.23519866513359952,4.300185244530784,0.408701122303178
cmaes,13,182,12,1.5630371053291072,-1.5630371053291072,2.382586550685057,1.7077090974370606,0.23519866513359952,4.300185244530784,0.408701122303178
cmaes,14,183,0,1.8448069481529512,-1.8448069481529512,3.61116733957478,1.8636899020758286,0.5320790339296624,4.300185244530784,0.39997435639128426
cmaes,14,184,1,1.5857916005242838,-1.5857916005242838,3.61116733957478,1.8636899020758286,0.5320790339296624,4.300185244530784,0.39997435639128426
cmaes,14,185,2,1.5501393591105261,-1.5501393591105261,3.61116733957478,1.8636899020758286,0.5320790339296624,4.300185244530784,0.39997435639128426
cmaes,14,186,3,1.5829912732919043,-1.5829912732919043,3.61116733957478,1.8636899020758286,0.5320790339296624,4.300185244530784,0.39997435639128426
cmaes,14,187,4,1.5509927281456815,-1.5509927281456815,3.61116733957478,1.8636899020758286,0.5320790339296624,4.300185244530784,0.39997435639128426
cmaes,14,188,5,3.61116733957478,-3.61116733957478,3.61116733957478,1.8636899020758286,0.5320790339296624,4.300185244530784,0.39997435639128426
cmaes,14,189,6,1.679625794487696,-1.679625794487696,3.61116733957478,1.8636899020758286,0.5320790339296624,4.300185244530784,0.39997435639128426
cmaes,14,190,7,1.6771203465351139,-1.6771203465351139,3.61116733957478,1.8636899020758286,0.5320790339296624,4.300185244530784,0.39997435639128426
cmaes,14,191,8,2.086838373402473,-2.086838373402473,3.61116733957478,1.8636899020758286,0.5320790339296624,4.300185244530784,0.39997435639128426
cmaes,14,192,9,1.5596231861191971,-1.5596231861191971,3.61116733957478,1.8636899020758286,0.5320790339296624,4.300185244530784,0.39997435639128426
cmaes,14,193,10,1.7635420322020463,-1.7635420322020463,3.61116733957478,1.8636899020758286,0.5320790339296624,4.300185244530784,0.39997435639128426
cmaes,14,194,11,1.7044811314515365,-1.7044811314515365,3.61116733957478,1.8636899020758286,0.5320790339296624,4.300185244530784,0.39997435639128426
cmaes,14,195,12,2.0308486139875823,-2.0308486139875823,3.61116733957478,1.8636899020758286,0.5320790339296624,4.300185244530784,0.39997435639128426
cmaes,15,196,0,2.18180355628402,-2.18180355628402,2.761427634017245,1.913286202195524,0.3540837237825788,4.300185244530784,0.3863030152718681
cmaes,15,197,1,2.162197104094772,-2.162197104094772,2.761427634017245,1.913286202195524,0.3540837237825788,4.300185244530784,0.3863030152718681
cmaes,15,198,2,1.5930766573999908,-1.5930766573999908,2.761427634017245,1.913286202195524,0.3540837237825788,4.300185244530784,0.3863030152718681
cmaes,15,199,3,1.8158616624513695,-1.8158616624513695,2.761427634017245,1.913286202195524,0.3540837237825788,4.300185244530784,0.3863030152718681
cmaes,15,200,4,2.761427634017245,-2.761427634017245,2.761427634017245,1.913286202195524,0.3540837237825788,4.300185244530784,0.3863030152718681
cmaes,15,201,5,1.5603806874653292,-1.5603806874653292,2.761427634017245,1.913286202195524,0.3540837237825788,4.300185244530784,0.3863030152718681
cmaes,15,202,6,1.5376450164684883,-1.5376450164684883,2.761427634017245,1.913286202195524,0.3540837237825788,4.300185244530784,0.3863030152718681
cmaes,15,203,7,1.8003549729426152,-1.8003549729426152,2.761427634017245,1.913286202195524,0.3540837237825788,4.300185244530784,0.3863030152718681
cmaes,15,204,8,2.0902442454215553,-2.0902442454215553,2.761427634017245,1.913286202195524,0.3540837237825788,4.300185244530784,0.3863030152718681
cmaes,15,205,9,1.5424166387376022,-1.5424166387376022,2.761427634017245,1.913286202195524,0.3540837237825788,4.300185244530784,0.3863030152718681
cmaes,15,206,10,2.3204481286278016,-2.3204481286278016,2.761427634017245,1.913286202195524,0.3540837237825788,4.300185244530784,0.3863030152718681
cmaes,15,207,11,1.741123903245036,-1.741123903245036,2.761427634017245,1.913286202195524,0.3540837237825788,4.300185244530784,0.3863030152718681
cmaes,15,208,12,1.7657404213859853,-1.7657404213859853,2.761427634017245,1.913286202195524,0.3540837237825788,4.300185244530784,0.3863030152718681
cmaes,16,209,0,2.7614714342993762,-2.7614714342993762,2.7614714342993762,1.9130146114097508,0.4001765669621783,4.300185244530784,0.3785800778799195
cmaes,16,210,1,1.5597221524200933,-1.5597221524200933,2.7614714342993762,1.9130146114097508,0.4001765669621783,4.300185244530784,0.3785800778799195
cmaes,16,211,2,1.8470254694490351,-1.8470254694490351,2.7614714342993762,1.9130146114097508,0.4001765669621783,4.300185244530784,0.3785800778799195
cmaes,16,212,3,2.3660216763825725,-2.3660216763825725,2.7614714342993762,1.9130146114097508,0.4001765669621783,4.300185244530784,0.3785800778799195
cmaes,16,213,4,1.6007528349652536,-1.6007528349652536,2.7614714342993762,1.9130146114097508,0.4001765669621783,4.300185244530784,0.3785800778799195
cmaes,16,214,5,2.4778941858294123,-2.4778941858294123,2.7614714342993762,1.9130146114097508,0.4001765669621783,4.300185244530784,0.3785800778799195
cmaes,16,215,6,1.5408119417635218,-1.5408119417635218,2.7614714342993762,1.9130146114097508,0.4001765669621783,4.300185244530784,0.3785800778799195
cmaes,16,216,7,2.109258509806846,-2.109258509806846,2.7614714342993762,1.9130146114097508,0.4001765669621783,4.300185244530784,0.3785800778799195
cmaes,16,217,8,1.6098258830604697,-1.6098258830604697,2.7614714342993762,1.9130146114097508,0.4001765669621783,4.300185244530784,0.3785800778799195
cmaes,16,218,9,1.6336398178427338,-1.6336398178427338,2.7614714342993762,1.9130146114097508,0.4001765669621783,4.300185244530784,0.3785800778799195
cmaes,16,219,10,2.165710583767365,-2.165710583767365,2.7614714342993762,1.9130146114097508,0.4001765669621783,4.300185244530784,0.3785800778799195
cmaes,16,220,11,1.5646425276950504,-1.5646425276950504,2.7614714342993762,1.9130146114097508,0.4001765669621783,4.300185244530784,0.3785800778799195
cmaes,16,221,12,1.6324129310450322,-1.6324129310450322,2.7614714342993762,1.9130146114097508,0.4001765669621783,4.300185244530784,0.3785800778799195
cmaes,17,222,0,1.6082866861461498,-1.6082866861461498,2.5037901786576366,1.895481114905981,0.29914009225615723,4.300185244530784,0.373184595423848
cmaes,17,223,1,1.6216572049608629,-1.6216572049608629,2.5037901786576366,1.895481114905981,0.29914009225615723,4.300185244530784,0.373184595423848
cmaes,17,224,2,1.5869417581864784,-1.5869417581864784,2.5037901786576366,1.895481114905981,0.29914009225615723,4.300185244530784,0.373184595423848
cmaes,17,225,3,1.5473373113128133,-1.5473373113128133,2.5037901786576366,1.895481114905981,0.29914009225615723,4.300185244530784,0.373184595423848
cmaes,17,226,4,1.9410200396259032,-1.9410200396259032,2.5037901786576366,1.895481114905981,0.29914009225615723,4.300185244530784,0.373184595423848
cmaes,17,227,5,2.5037901786576366,-2.5037901786576366,2.5037901786576366,1.895481114905981,0.29914009225615723,4.300185244530784,0.373184595423848
cmaes,17,228,6,2.074689879605251,-2.074689879605251,2.5037901786576366,1.895481114905981,0.29914009225615723,4.300185244530784,0.373184595423848
cmaes,17,229,7,1.597092167715341,-1.597092167715341,2.5037901786576366,1.895481114905981,0.29914009225615723,4.300185244530784,0.373184595423848
cmaes,17,230,8,1.947188862688759,-1.947188862688759,2.5037901786576366,1.895481114905981,0.29914009225615723,4.300185244530784,0.373184595423848
cmaes,17,231,9,2.0959459676093353,-2.0959459676093353,2.5037901786576366,1.895481114905981,0.29914009225615723,4.300185244530784,0.373184595423848
cmaes,17,232,10,2.2427823028649665,-2.2427823028649665,2.5037901786576366,1.895481114905981,0.29914009225615723,4.300185244530784,0.373184595423848
cmaes,17,233,11,1.683088912995056,-1.683088912995056,2.5037901786576366,1.895481114905981,0.29914009225615723,4.300185244530784,0.373184595423848
cmaes,17,234,12,2.1914332214091963,-2.1914332214091963,2.5037901786576366,1.895481114905981,0.29914009225615723,4.300185244530784,0.373184595423848
cmaes,18,235,0,1.5812430590252031,-1.5812430590252031,2.963898712651885,1.9346073068232406,0.38119747379847696,4.300185244530784,0.36727870555538406
cmaes,18,236,1,1.844854749351408,-1.844854749351408,2.963898712651885,1.9346073068232406,0.38119747379847696,4.300185244530784,0.36727870555538406
cmaes,18,237,2,1.7549508164195917,-1.7549508164195917,2.963898712651885,1.9346073068232406,0.38119747379847696,4.300185244530784,0.36727870555538406
cmaes,18,238,3,1.8010270850298526,-1.8010270850298526,2.963898712651885,1.9346073068232406,0.38119747379847696,4.300185244530784,0.36727870555538406
cmaes,18,239,4,1.8780342277536626,-1.8780342277536626,2.963898712651885,1.9346073068232406,0.38119747379847696,4.300185244530784,0.36727870555538406
cmaes,18,240,5,1.7515387390912298,-1.7515387390912298,2.963898712651885,1.9346073068232406,0.38119747379847696,4.300185244530784,0.36727870555538406
cmaes,18,241,6,1.6093074097196387,-1.6093074097196387,2.963898712651885,1.9346073068232406,0.38119747379847696,4.300185244530784,0.36727870555538406
cmaes,18,242,7,1.9450584443207748,-1.9450584443207748,2.963898712651885,1.9346073068232406,0.38119747379847696,4.300185244530784,0.36727870555538406
cmaes,18,243,8,2.04485693305938,-2.04485693305938,2.963898712651885,1.9346073068232406,0.38119747379847696,4.300185244530784,0.36727870555538406
cmaes,18,244,9,1.5351514377027586,-1.5351514377027586,2.963898712651885,1.9346073068232406,0.38119747379847696,4.300185244530784,0.36727870555538406
cmaes,18,245,10,2.5109508815991015,-2.5109508815991015,2.963898712651885,1.9346073068232406,0.38119747379847696,4.300185244530784,0.36727870555538406
cmaes,18,246,11,2.963898712651885,-2.963898712651885,2.963898712651885,1.9346073068232406,0.38119747379847696,4.300185244530784,0.36727870555538406
cmaes,18,247,12,1.929022492977637,-1.929022492977637,2.963898712651885,1.9346073068232406,0.38119747379847696,4.300185244530784,0.36727870555538406
cmaes,19,248,0,2.259930143482297,-2.259930143482297,2.866880846122071,2.163663985523871,0.45795537794927926,4.300185244530784,0.3709431299089276
cmaes,19,249,1,2.866880846122071,-2.866880846122071,2.866880846122071,2.163663985523871,0.45795537794927926,4.300185244530784,0.3709431299089276
cmaes,19,250,2,1.9144760891010326,-1.9144760891010326,2.866880846122071,2.163663985523871,0.45795537794927926,4.300185244530784,0.3709431299089276
cmaes,19,251,3,2.592062767454334,-2.592062767454334,2.866880846122071,2.163663985523871,0.45795537794927926,4.300185244530784,0.3709431299089276
cmaes,19,252,4,1.9319833875986385,-1.9319833875986385,2.866880846122071,2.163663985523871,0.45795537794927926,4.300185244530784,0.3709431299089276
cmaes,19,253,5,2.3120994617862873,-2.3120994617862873,2.866880846122071,2.163663985523871,0.45795537794927926,4.300185244530784,0.3709431299089276
cmaes,19,254,6,1.9999787343738529,-1.9999787343738529,2.866880846122071,2.163663985523871,0.45795537794927926,4.300185244530784,0.3709431299089276
cmaes,19,255,7,1.5430507071586128,-1.5430507071586128,2.866880846122071,2.163663985523871,0.45795537794927926,4.300185244530784,0.3709431299089276
cmaes,19,256,8,2.7127026899409623,-2.7127026899409623,2.866880846122071,2.163663985523871,0.45795537794927926,4.300185244530784,0.3709431299089276
cmaes,19,257,9,1.6061593405450387,-1.6061593405450387,2.866880846122071,2.163663985523871,0.45795537794927926,4.300185244530784,0.3709431299089276
cmaes,19,258,10,2.0875275366430497,-2.0875275366430497,2.866880846122071,2.163663985523871,0.45795537794927926,4.300185244530784,0.3709431299089276
cmaes,19,259,11,2.810288774035881,-2.810288774035881,2.866880846122071,2.163663985523871,0.45795537794927926,4.300185244530784,0.3709431299089276
cmaes,19,260,12,1.490491333568262,-1.490491333568262,2.866880846122071,2.163663985523871,0.45795537794927926,4.300185244530784,0.3709431299089276
cmaes,20,261,0,1.6071801947261706,-1.6071801947261706,3.9440349695378023,2.0021564589549152,0.6301326951406604,4.300185244530784,0.3715132411923921
cmaes,20,262,1,1.5882703293825022,-1.5882703293825022,3.9440349695378023,2.0021564589549152,0.6301326951406604,4.300185244530784,0.3715132411923921
cmaes,20,263,2,2.365221396348402,-2.365221396348402,3.9440349695378023,2.0021564589549152,0.6301326951406604,4.300185244530784,0.3715132411923921
cmaes,20,264,3,2.112839593511482,-2.112839593511482,3.9440349695378023,2.0021564589549152,0.6301326951406604,4.300185244530784,0.3715132411923921
cmaes,20,265,4,3.9440349695378023,-3.9440349695378023,3.9440349695378023,2.0021564589549152,0.6301326951406604,4.300185244530784,0.3715132411923921
cmaes,20,266,5,2.378813555212317,-2.378813555212317,3.9440349695378023,2.0021564589549152,0.6301326951406604,4.300185244530784,0.3715132411923921
cmaes,20,267,6,1.5247739088505967,-1.5247739088505967,3.9440349695378023,2.0021564589549152,0.6301326951406604,4.300185244530784,0.3715132411923921
cmaes,20,268,7,1.5443792976964998,-1.5443792976964998,3.9440349695378023,2.0021564589549152,0.6301326951406604,4.300185244530784,0.3715132411923921
cmaes,20,269,8,1.6974965545889988,-1.6974965545889988,3.9440349695378023,2.0021564589549152,0.6301326951406604,4.300185244530784,0.3715132411923921
cmaes,20,270,9,1.9500034657480587,-1.9500034657480587,3.9440349695378023,2.0021564589549152,0.6301326951406604,4.300185244530784,0.3715132411923921
cmaes,20,271,10,1.6260676936772707,-1.6260676936772707,3.9440349695378023,2.0021564589549152,0.6301326951406604,4.300185244530784,0.3715132411923921
cmaes,20,272,11,1.6808063197916832,-1.6808063197916832,3.9440349695378023,2.0021564589549152,0.6301326951406604,4.300185244530784,0.3715132411923921
cmaes,20,273,12,2.0081466873421197,-2.0081466873421197,3.9440349695378023,2.0021564589549152,0.6301326951406604,4.300185244530784,0.3715132411923921
cmaes,21,274,0,1.8206796668488492,-1.8206796668488492,2.570268219981441,1.8974242418208445,0.3605299537374998,4.300185244530784,0.36949145695452085
cmaes,21,275,1,1.5988862761373508,-1.5988862761373508,2.570268219981441,1.8974242418208445,0.3605299537374998,4.300185244530784,0.36949145695452085
cmaes,21,276,2,2.2858045430186658,-2.2858045430186658,2.570268219981441,1.8974242418208445,0.3605299537374998,4.300185244530784,0.36949145695452085
cmaes,21,277,3,1.9284163212840018,-1.9284163212840018,2.570268219981441,1.8974242418208445,0.3605299537374998,4.300185244530784,0.36949145695452085
cmaes,21,278,4,2.1480080201921874,-2.1480080201921874,2.570268219981441,1.8974242418208445,0.3605299537374998,4.300185244530784,0.36949145695452085
cmaes,21,279,5,1.5315755921988168,-1.5315755921988168,2.570268219981441,1.8974242418208445,0.3605299537374998,4.300185244530784,0.36949145695452085
cmaes,21,280,6,2.570268219981441,-2.570268219981441,2.570268219981441,1.8974242418208445,0.3605299537374998,4.300185244530784,0.36949145695452085
cmaes,21,281,7,1.571807782865601,-1.571807782865601,2.570268219981441,1.8974242418208445,0.3605299537374998,4.300185244530784,0.36949145695452085
cmaes,21,282,8,1.7387329317340947,-1.7387329317340947,2.570268219981441,1.8974242418208445,0.3605299537374998,4.300185244530784,0.36949145695452085
cmaes,21,283,9,1.5435305570974502,-1.5435305570974502,2.570268219981441,1.8974242418208445,0.3605299537374998,4.300185244530784,0.36949145695452085
cmaes,21,284,10,2.519161053309923,-2.519161053309923,2.570268219981441,1.8974242418208445,0.3605299537374998,4.300185244530784,0.36949145695452085
cmaes,21,285,11,1.5093796051844939,-1.5093796051844939,2.570268219981441,1.8974242418208445,0.3605299537374998,4.300185244530784,0.36949145695452085
cmaes,21,286,12,1.9002645738181017,-1.9002645738181017,2.570268219981441,1.8974242418208445,0.3605299537374998,4.300185244530784,0.36949145695452085
cmaes,22,287,0,2.4946197883932624,-2.4946197883932624,3.2737836505157216,2.15144797357169,0.4913601685158951,4.300185244530784,0.3604701025252979
cmaes,22,288,1,2.4786924615314194,-2.4786924615314194,3.2737836505157216,2.15144797357169,0.4913601685158951,4.300185244530784,0.3604701025252979
cmaes,22,289,2,2.214199432260532,-2.214199432260532,3.2737836505157216,2.15144797357169,0.4913601685158951,4.300185244530784,0.3604701025252979
cmaes,22,290,3,2.450833428756214,-2.450833428756214,3.2737836505157216,2.15144797357169,0.4913601685158951,4.300185244530784,0.3604701025252979
cmaes,22,291,4,1.8009781325726963,-1.8009781325726963,3.2737836505157216,2.15144797357169,0.4913601685158951,4.300185244530784,0.3604701025252979
cmaes,22,292,5,1.8282282094609565,-1.8282282094609565,3.2737836505157216,2.15144797357169,0.4913601685158951,4.300185244530784,0.3604701025252979
cmaes,22,293,6,2.3359366549964364,-2.3359366549964364,3.2737836505157216,2.15144797357169,0.4913601685158951,4.300185244530784,0.3604701025252979
cmaes,22,294,7,1.543854694138593,-1.543854694138593,3.2737836505157216,2.15144797357169,0.4913601685158951,4.300185244530784,0.3604701025252979
cmaes,22,295,8,1.5709273130382717,-1.5709273130382717,3.2737836505157216,2.15144797357169,0.4913601685158951,4.300185244530784,0.3604701025252979
cmaes,22,296,9,2.579259145858173,-2.579259145858173,3.2737836505157216,2.15144797357169,0.4913601685158951,4.300185244530784,0.3604701025252979
cmaes,22,297,10,3.2737836505157216,-3.2737836505157216,3.2737836505157216,2.15144797357169,0.4913601685158951,4.300185244530784,0.3604701025252979
cmaes,22,298,11,1.688846553663589,-1.688846553663589,3.2737836505157216,2.15144797357169,0.4913601685158951,4.300185244530784,0.3604701025252979
cmaes,22,299,12,1.7086641912461054,-1.7086641912461054,3.2737836505157216,2.15144797357169,0.4913601685158951,4.300185244530784,0.3604701025252979
cmaes,23,300,0,2.7579173262607455,-2.7579173262607455,3.054890396750472,2.171594153461332,0.3649073376446745,4.300185244530784,0.3556866124186352
cmaes,23,301,1,2.165339689443433,-2.165339689443433,3.054890396750472,2.171594153461332,0.3649073376446745,4.300185244530784,0.3556866124186352
cmaes,23,302,2,2.1221207136979507,-2.1221207136979507,3.054890396750472,2.171594153461332,0.3649073376446745,4.300185244530784,0.3556866124186352
cmaes,23,303,3,2.116396328090229,-2.116396328090229,3.054890396750472,2.171594153461332,0.3649073376446745,4.300185244530784,0.3556866124186352
cmaes,23,304,4,1.9604137904831866,-1.9604137904831866,3.054890396750472,2.171594153461332,0.3649073376446745,4.300185244530784,0.3556866124186352
cmaes,23,305,5,1.6458298180038795,-1.6458298180038795,3.054890396750472,2.171594153461332,0.3649073376446745,4.300185244530784,0.3556866124186352
cmaes,23,306,6,1.7926671714324793,-1.7926671714324793,3.054890396750472,2.171594153461332,0.3649073376446745,4.300185244530784,0.3556866124186352
cmaes,23,307,7,2.003212847775079,-2.003212847775079,3.054890396750472,2.171594153461332,0.3649073376446745,4.300185244530784,0.3556866124186352
cmaes,23,308,8,2.1795391039339362,-2.1795391039339362,3.054890396750472,2.171594153461332,0.3649073376446745,4.300185244530784,0.3556866124186352
cmaes,23,309,9,1.9161849891264644,-1.9161849891264644,3.054890396750472,2.171594153461332,0.3649073376446745,4.300185244530784,0.3556866124186352
cmaes,23,310,10,2.3770520207982826,-2.3770520207982826,3.054890396750472,2.171594153461332,0.3649073376446745,4.300185244530784,0.3556866124186352
cmaes,23,311,11,2.139159799201172,-2.139159799201172,3.054890396750472,2.171594153461332,0.3649073376446745,4.300185244530784,0.3556866124186352
cmaes,23,312,12,3.054890396750472,-3.054890396750472,3.054890396750472,2.171594153461332,0.3649073376446745,4.300185244530784,0.3556866124186352
cmaes,24,313,0,2.1259855106486745,-2.1259855106486745,2.9993569258057473,2.098501105334422,0.5306840518491082,4.300185244530784,0.36668600603653817
cmaes,24,314,1,1.8540996863997916,-1.8540996863997916,2.9993569258057473,2.098501105334422,0.5306840518491082,4.300185244530784,0.36668600603653817
cmaes,24,315,2,1.876216187500415,-1.876216187500415,2.9993569258057473,2.098501105334422,0.5306840518491082,4.300185244530784,0.36668600603653817
cmaes,24,316,3,1.5325608713437346,-1.5325608713437346,2.9993569258057473,2.098501105334422,0.5306840518491082,4.300185244530784,0.36668600603653817
cmaes,24,317,4,2.960697109737591,-2.960697109737591,2.9993569258057473,2.098501105334422,0.5306840518491082,4.300185244530784,0.36668600603653817
cmaes,24,318,5,2.8700348350099354,-2.8700348350099354,2.9993569258057473,2.098501105334422,0.5306840518491082,4.300185244530784,0.36668600603653817
cmaes,24,319,6,2.9993569258057473,-2.9993569258057473,2.9993569258057473,2.098501105334422,0.5306840518491082,4.300185244530784,0.36668600603653817
cmaes,24,320,7,1.5261855871514713,-1.5261855871514713,2.9993569258057473,2.098501105334422,0.5306840518491082,4.300185244530784,0.36668600603653817
cmaes,24,321,8,1.6423697049604133,-1.6423697049604133,2.9993569258057473,2.098501105334422,0.5306840518491082,4.300185244530784,0.36668600603653817
cmaes,24,322,9,1.8727371324436068,-1.8727371324436068,2.9993569258057473,2.098501105334422,0.5306840518491082,4.300185244530784,0.36668600603653817
cmaes,24,323,10,2.5386296854749797,-2.5386296854749797,2.9993569258057473,2.098501105334422,0.5306840518491082,4.300185244530784,0.36668600603653817
cmaes,24,324,11,1.591481519510111,-1.591481519510111,2.9993569258057473,2.098501105334422,0.5306840518491082,4.300185244530784,0.36668600603653817
cmaes,24,325,12,1.890159613361013,-1.890159613361013,2.9993569258057473,2.098501105334422,0.5306840518491082,4.300185244530784,0.36668600603653817
cmaes,25,326,0,1.8823153369227816,-1.8823153369227816,4.213387482315735,2.4741734683886247,0.7344590726758365,4.300185244530784,0.3782386555505309
cmaes,25,327,1,2.0532904413248665,-2.0532904413248665,4.213387482315735,2.4741734683886247,0.7344590726758365,4.300185244530784,0.3782386555505309
cmaes,25,328,2,2.600906389348761,-2.600906389348761,4.213387482315735,2.4741734683886247,0.7344590726758365,4.300185244530784,0.3782386555505309
cmaes,25,329,3,2.969599750949572,-2.969599750949572,4.213387482315735,2.4741734683886247,0.7344590726758365,4.300185244530784,0.3782386555505309
cmaes,25,330,4,4.213387482315735,-4.213387482315735,4.213387482315735,2.4741734683886247,0.7344590726758365,4.300185244530784,0.3782386555505309
cmaes,25,331,5,1.6790096289813283,-1.6790096289813283,4.213387482315735,2.4741734683886247,0.7344590726758365,4.300185244530784,0.3782386555505309
cmaes,25,332,6,1.898124140753586,-1.898124140753586,4.213387482315735,2.4741734683886247,0.7344590726758365,4.300185244530784,0.3782386555505309
cmaes,25,333,7,2.3039021342346855,-2.3039021342346855,4.213387482315735,2.4741734683886247,0.7344590726758365,4.300185244530784,0.3782386555505309
cmaes,25,334,8,2.6111029550547147,-2.6111029550547147,4.213387482315735,2.4741734683886247,0.7344590726758365,4.300185244530784,0.3782386555505309
cmaes,25,335,9,3.5061231082493602,-3.5061231082493602,4.213387482315735,2.4741734683886247,0.7344590726758365,4.300185244530784,0.3782386555505309
cmaes,25,336,10,2.876850631870797,-2.876850631870797,4.213387482315735,2.4741734683886247,0.7344590726758365,4.300185244530784,0.3782386555505309
cmaes,25,337,11,1.7161272453799488,-1.7161272453799488,4.213387482315735,2.4741734683886247,0.7344590726758365,4.300185244530784,0.3782386555505309
cmaes,25,338,12,1.8535158436659818,-1.8535158436659818,4.213387482315735,2.4741734683886247,0.7344590726758365,4.300185244530784,0.3782386555505309
cmaes,26,339,0,2.2377643494778687,-2.2377643494778687,3.6985829636210035,2.206600876995654,0.6770765248731405,4.300185244530784,0.3788553181407707
cmaes,26,340,1,2.283285272326387,-2.283285272326387,3.6985829636210035,2.206600876995654,0.6770765248731405,4.300185244530784,0.3788553181407707
cmaes,26,341,2,1.9477959019397169,-1.9477959019397169,3.6985829636210035,2.206600876995654,0.6770765248731405,4.300185244530784,0.3788553181407707
cmaes,26,342,3,1.529354946801126,-1.529354946801126,3.6985829636210035,2.206600876995654,0.6770765248731405,4.300185244530784,0.3788553181407707
cmaes,26,343,4,1.6568190385097037,-1.6568190385097037,3.6985829636210035,2.206600876995654,0.6770765248731405,4.300185244530784,0.3788553181407707
cmaes,26,344,5,1.4744750608298758,-1.4744750608298758,3.6985829636210035,2.206600876995654,0.6770765248731405,4.300185244530784,0.3788553181407707
cmaes,26,345,6,2.054121309934955,-2.054121309934955,3.6985829636210035,2.206600876995654,0.6770765248731405,4.300185244530784,0.3788553181407707
cmaes,26,346,7,1.5226358299374918,-1.5226358299374918,3.6985829636210035,2.206600876995654,0.6770765248731405,4.300185244530784,0.3788553181407707
cmaes,26,347,8,3.6985829636210035,-3.6985829636210035,3.6985829636210035,2.206600876995654,0.6770765248731405,4.300185244530784,0.3788553181407707
cmaes,26,348,9,3.329670728709687,-3.329670728709687,3.6985829636210035,2.206600876995654,0.6770765248731405,4.300185244530784,0.3788553181407707
cmaes,26,349,10,1.7040434457998088,-1.7040434457998088,3.6985829636210035,2.206600876995654,0.6770765248731405,4.300185244530784,0.3788553181407707
cmaes,26,350,11,2.694746465519891,-2.694746465519891,3.6985829636210035,2.206600876995654,0.6770765248731405,4.300185244530784,0.3788553181407707
cmaes,26,351,12,2.552516087535987,-2.552516087535987,3.6985829636210035,2.206600876995654,0.6770765248731405,4.300185244530784,0.3788553181407707
cmaes,27,352,0,2.3108268120709705,-2.3108268120709705,3.59180591404525,2.247517047010065,0.5740186003712416,4.300185244530784,0.3732963357842891
cmaes,27,353,1,1.5985320590086878,-1.5985320590086878,3.59180591404525,2.247517047010065,0.5740186003712416,4.300185244530784,0.3732963357842891
cmaes,27,354,2,2.3698230985406163,-2.3698230985406163,3.59180591404525,2.247517047010065,0.5740186003712416,4.300185244530784,0.3732963357842891
cmaes,27,355,3,2.679589588319043,-2.679589588319043,3.59180591404525,2.247517047010065,0.5740186003712416,4.300185244530784,0.3732963357842891
cmaes,27,356,4,1.695829084578717,-1.695829084578717,3.59180591404525,2.247517047010065,0.5740186003712416,4.300185244530784,0.3732963357842891
cmaes,27,357,5,1.9080091452448193,-1.9080091452448193,3.59180591404525,2.247517047010065,0.5740186003712416,4.300185244530784,0.3732963357842891
cmaes,27,358,6,1.9477426717010125,-1.9477426717010125,3.59180591404525,2.247517047010065,0.5740186003712416,4.300185244530784,0.3732963357842891
cmaes,27,359,7,1.6558603166931143,-1.6558603166931143,3.59180591404525,2.247517047010065,0.5740186003712416,4.300185244530784,0.3732963357842891
cmaes,27,360,8,2.190100678652683,-2.190100678652683,3.59180591404525,2.247517047010065,0.5740186003712416,4.300185244530784,0.3732963357842891
cmaes,27,361,9,3.131748000723127,-3.131748000723127,3.59180591404525,2.247517047010065,0.5740186003712416,4.300185244530784,0.3732963357842891
cmaes,27,362,10,2.3344648939537755,-2.3344648939537755,3.59180591404525,2.247517047010065,0.5740186003712416,4.300185244530784,0.3732963357842891
cmaes,27,363,11,1.8033893475990252,-1.8033893475990252,3.59180591404525,2.247517047010065,0.5740186003712416,4.300185244530784,0.3732963357842891
cmaes,27,364,12,3.59180591404525,-3.59180591404525,3.59180591404525,2.247517047010065,0.5740186003712416,4.300185244530784,0.3732963357842891
cmaes,28,365,0,2.397418091062391,-2.397418091062391,3.5049969262432,2.62169474022122,0.6459156319629107,4.300185244530784,0.36993678175748806
cmaes,28,366,1,1.7817390630022152,-1.7817390630022152,3.5049969262432,2.62169474022122,0.6459156319629107,4.300185244530784,0.36993678175748806
cmaes,28,367,2,2.3383188128960897,-2.3383188128960897,3.5049969262432,2.62169474022122,0.6459156319629107,4.300185244530784,0.36993678175748806
cmaes,28,368,3,2.0919202071939784,-2.0919202071939784,3.5049969262432,2.62169474022122,0.6459156319629107,4.300185244530784,0.36993678175748806
cmaes,28,369,4,3.3181390889061646,-3.3181390889061646,3.5049969262432,2.62169474022122,0.6459156319629107,4.300185244530784,0.36993678175748806
cmaes,28,370,5,2.9632684798760724,-2.9632684798760724,3.5049969262432,2.62169474022122,0.6459156319629107,4.300185244530784,0.36993678175748806
cmaes,28,371,6,2.1948613589920796,-2.1948613589920796,3.5049969262432,2.62169474022122,0.6459156319629107,4.300185244530784,0.36993678175748806
cmaes,28,372,7,3.1891963578192524,-3.1891963578192524,3.5049969262432,2.62169474022122,0.6459156319629107,4.300185244530784,0.36993678175748806
cmaes,28,373,8,1.5931430276848875,-1.5931430276848875,3.5049969262432,2.62169474022122,0.6459156319629107,4.300185244530784,0.36993678175748806
cmaes,28,374,9,3.471210483354146,-3.471210483354146,3.5049969262432,2.62169474022122,0.6459156319629107,4.300185244530784,0.36993678175748806
cmaes,28,375,10,3.1850884840526783,-3.1850884840526783,3.5049969262432,2.62169474022122,0.6459156319629107,4.300185244530784,0.36993678175748806
cmaes,28,376,11,2.0527312417927037,-2.0527312417927037,3.5049969262432,2.62169474022122,0.6459156319629107,4.300185244530784,0.36993678175748806
cmaes,28,377,12,3.5049969262432,-3.5049969262432,3.5049969262432,2.62169474022122,0.6459156319629107,4.300185244530784,0.36993678175748806
cmaes,29,378,0,2.7185966460363393,-2.7185966460363393,3.6300542884316975,2.3325415950527066,0.5727120227805392,4.300185244530784,0.36522732742156
cmaes,29,379,1,1.580796919432571,-1.580796919432571,3.6300542884316975,2.3325415950527066,0.5727120227805392,4.300185244530784,0.36522732742156
cmaes,29,380,2,1.6823708366451355,-1.6823708366451355,3.6300542884316975,2.3325415950527066,0.5727120227805392,4.300185244530784,0.36522732742156
cmaes,29,381,3,2.372227705703571,-2.372227705703571,3.6300542884316975,2.3325415950527066,0.5727120227805392,4.300185244530784,0.36522732742156
cmaes,29,382,4,2.6305311837533263,-2.6305311837533263,3.6300542884316975,2.3325415950527066,0.5727120227805392,4.300185244530784,0.36522732742156
cmaes,29,383,5,2.1492043463505204,-2.1492043463505204,3.6300542884316975,2.3325415950527066,0.5727120227805392,4.300185244530784,0.36522732742156
cmaes,29,384,6,3.132504599933661,-3.132504599933661,3.6300542884316975,2.3325415950527066,0.5727120227805392,4.300185244530784,0.36522732742156
cmaes,29,385,7,2.1748625130684744,-2.1748625130684744,3.6300542884316975,2.3325415950527066,0.5727120227805392,4.300185244530784,0.36522732742156
cmaes,29,386,8,2.549551140258762,-2.549551140258762,3.6300542884316975,2.3325415950527066,0.5727120227805392,4.300185244530784,0.36522732742156
cmaes,29,387,9,1.8259219797946433,-1.8259219797946433,3.6300542884316975,2.3325415950527066,0.5727120227805392,4.300185244530784,0.36522732742156
cmaes,29,388,10,1.796740768337392,-1.796740768337392,3.6300542884316975,2.3325415950527066,0.5727120227805392,4.300185244530784,0.36522732742156
cmaes,29,389,11,2.079677807939091,-2.079677807939091,3.6300542884316975,2.3325415950527066,0.5727120227805392,4.300185244530784,0.36522732742156
cmaes,29,390,12,3.6300542884316975,-3.6300542884316975,3.6300542884316975,2.3325415950527066,0.5727120227805392,4.300185244530784,0.36522732742156
cmaes,30,391,0,2.2404209414540928,-2.2404209414540928,2.9351979277737166,2.091151052307288,0.41851189597852523,4.300185244530784,0.35722537588808784
cmaes,30,392,1,2.3538573889220915,-2.3538573889220915,2.9351979277737166,2.091151052307288,0.41851189597852523,4.300185244530784,0.35722537588808784
cmaes,30,393,2,2.344169294954433,-2.344169294954433,2.9351979277737166,2.091151052307288,0.41851189597852523,4.300185244530784,0.35722537588808784
cmaes,30,394,3,1.6626304941916326,-1.6626304941916326,2.9351979277737166,2.091151052307288,0.41851189597852523,4.300185244530784,0.35722537588808784
cmaes,30,395,4,1.6114918405334842,-1.6114918405334842,2.9351979277737166,2.091151052307288,0.41851189597852523,4.300185244530784,0.35722537588808784
cmaes,30,396,5,2.9351979277737166,-2.9351979277737166,2.9351979277737166,2.091151052307288,0.41851189597852523,4.300185244530784,0.35722537588808784
cmaes,30,397,6,1.8250269231830987,-1.8250269231830987,2.9351979277737166,2.091151052307288,0.41851189597852523,4.300185244530784,0.35722537588808784
cmaes,30,398,7,2.3896049598280538,-2.3896049598280538,2.9351979277737166,2.091151052307288,0.41851189597852523,4.300185244530784,0.35722537588808784
cmaes,30,399,8,1.6037872870844212,-1.6037872870844212,2.9351979277737166,2.091151052307288,0.41851189597852523,4.300185244530784,0.35722537588808784
cmaes,30,400,9,1.6858730140692855,-1.6858730140692855,2.9351979277737166,2.091151052307288,0.41851189597852523,4.300185244530784,0.35722537588808784
cmaes,30,401,10,1.7443883919797627,-1.7443883919797627,2.9351979277737166,2.091151052307288,0.41851189597852523,4.300185244530784,0.35722537588808784
cmaes,30,402,11,2.6490951639650184,-2.6490951639650184,2.9351979277737166,2.091151052307288,0.41851189597852523,4.300185244530784,0.35722537588808784
cmaes,30,403,12,2.1394200520556477,-2.1394200520556477,2.9351979277737166,2.091151052307288,0.41851189597852523,4.300185244530784,0.35722537588808784
cmaes,31,404,0,2.160516025439365,-2.160516025439365,4.09529269047562,2.4292934555490984,0.6038218383382894,4.300185244530784,0.3511647518405763
cmaes,31,405,1,1.9613003733401533,-1.9613003733401533,4.09529269047562,2.4292934555490984,0.6038218383382894,4.300185244530784,0.3511647518405763
cmaes,31,406,2,4.09529269047562,-4.09529269047562,4.09529269047562,2.4292934555490984,0.6038218383382894,4.300185244530784,0.3511647518405763
cmaes,31,407,3,2.047476481104744,-2.047476481104744,4.09529269047562,2.4292934555490984,0.6038218383382894,4.300185244530784,0.3511647518405763
cmaes,31,408,4,2.1529201714982413,-2.1529201714982413,4.09529269047562,2.4292934555490984,0.6038218383382894,4.300185244530784,0.3511647518405763
cmaes,31,409,5,2.3260809677396335,-2.3260809677396335,4.09529269047562,2.4292934555490984,0.6038218383382894,4.300185244530784,0.3511647518405763
cmaes,31,410,6,2.31551101922137,-2.31551101922137,4.09529269047562,2.4292934555490984,0.6038218383382894,4.300185244530784,0.3511647518405763
cmaes,31,411,7,2.977016388092359,-2.977016388092359,4.09529269047562,2.4292934555490984,0.6038218383382894,4.300185244530784,0.3511647518405763
cmaes,31,412,8,1.8313676624529516,-1.8313676624529516,4.09529269047562,2.4292934555490984,0.6038218383382894,4.300185244530784,0.3511647518405763
cmaes,31,413,9,1.7752526916895752,-1.7752526916895752,4.09529269047562,2.4292934555490984,0.6038218383382894,4.300185244530784,0.3511647518405763
cmaes,31,414,10,2.417118645645049,-2.417118645645049,4.09529269047562,2.4292934555490984,0.6038218383382894,4.300185244530784,0.3511647518405763
cmaes,31,415,11,2.5130650961976575,-2.5130650961976575,4.09529269047562,2.4292934555490984,0.6038218383382894,4.300185244530784,0.3511647518405763
cmaes,31,416,12,3.007896709241554,-3.007896709241554,4.09529269047562,2.4292934555490984,0.6038218383382894,4.300185244530784,0.3511647518405763
cmaes,32,417,0,2.34997202128533,-2.34997202128533,3.5472798325243557,2.1250454300312853,0.49880487346515745,4.300185244530784,0.35094400642199014
cmaes,32,418,1,2.367361218498863,-2.367361218498863,3.5472798325243557,2.1250454300312853,0.49880487346515745,4.300185244530784,0.35094400642199014
cmaes,32,419,2,1.9930013599990468,-1.9930013599990468,3.5472798325243557,2.1250454300312853,0.49880487346515745,4.300185244530784,0.35094400642199014
cmaes,32,420,3,3.5472798325243557,-3.5472798325243557,3.5472798325243557,2.1250454300312853,0.49880487346515745,4.300185244530784,0.35094400642199014
cmaes,32,421,4,1.6298014206195464,-1.6298014206195464,3.5472798325243557,2.1250454300312853,0.49880487346515745,4.300185244530784,0.35094400642199014
cmaes,32,422,5,1.661789405551249,-1.661789405551249,3.5472798325243557,2.1250454300312853,0.49880487346515745,4.300185244530784,0.35094400642199014
cmaes,32,423,6,1.9981984200042247,-1.9981984200042247,3.5472798325243557,2.1250454300312853,0.49880487346515745,4.300185244530784,0.35094400642199014
cmaes,32,424,7,1.6150276840505502,-1.6150276840505502,3.5472798325243557,2.1250454300312853,0.49880487346515745,4.300185244530784,0.35094400642199014
cmaes,32,425,8,2.0771395229604694,-2.0771395229604694,3.5472798325243557,2.1250454300312853,0.49880487346515745,4.300185244530784,0.35094400642199014
cmaes,32,426,9,2.2449896771835562,-2.2449896771835562,3.5472798325243557,2.1250454300312853,0.49880487346515745,4.300185244530784,0.35094400642199014
cmaes,32,427,10,2.0618701791178258,-2.0618701791178258,3.5472798325243557,2.1250454300312853,0.49880487346515745,4.300185244530784,0.35094400642199014
cmaes,32,428,11,1.6435848333147862,-1.6435848333147862,3.5472798325243557,2.1250454300312853,0.49880487346515745,4.300185244530784,0.35094400642199014
cmaes,32,429,12,2.435575015296907,-2.435575015296907,3.5472798325243557,2.1250454300312853,0.49880487346515745,4.300185244530784,0.35094400642199014
cmaes,33,430,0,3.008416927644733,-3.008416927644733,3.7511227250466974,2.428792296795417,0.5528970211915025,4.300185244530784,0.3623116993988642
cmaes,33,431,1,2.490886355329807,-2.490886355329807,3.7511227250466974,2.428792296795417,0.5528970211915025,4.300185244530784,0.3623116993988642
cmaes,33,432,2,1.7391556658806413,-1.7391556658806413,3.7511227250466974,2.428792296795417,0.5528970211915025,4.300185244530784,0.3623116993988642
cmaes,33,433,3,2.0260374922948183,-2.0260374922948183,3.7511227250466974,2.428792296795417,0.5528970211915025,4.300185244530784,0.3623116993988642
cmaes,33,434,4,3.7511227250466974,-3.7511227250466974,3.7511227250466974,2.428792296795417,0.5528970211915025,4.300185244530784,0.3623116993988642
cmaes,33,435,5,1.6302138581542454,-1.6302138581542454,3.7511227250466974,2.428792296795417,0.5528970211915025,4.300185244530784,0.3623116993988642
cmaes,33,436,6,2.454485322795402,-2.454485322795402,3.7511227250466974,2.428792296795417,0.5528970211915025,4.300185244530784,0.3623116993988642
cmaes,33,437,7,2.152110759414335,-2.152110759414335,3.7511227250466974,2.428792296795417,0.5528970211915025,4.300185244530784,0.3623116993988642
cmaes,33,438,8,2.642486382029164,-2.642486382029164,3.7511227250466974,2.428792296795417,0.5528970211915025,4.300185244530784,0.3623116993988642
cmaes,33,439,9,2.600971299111523,-2.600971299111523,3.7511227250466974,2.428792296795417,0.5528970211915025,4.300185244530784,0.3623116993988642
cmaes,33,440,10,2.095618191843125,-2.095618191843125,3.7511227250466974,2.428792296795417,0.5528970211915025,4.300185244530784,0.3623116993988642
cmaes,33,441,11,2.9029514193223673,-2.9029514193223673,3.7511227250466974,2.428792296795417,0.5528970211915025,4.300185244530784,0.3623116993988642
cmaes,33,442,12,2.07984345947356,-2.07984345947356,3.7511227250466974,2.428792296795417,0.5528970211915025,4.300185244530784,0.3623116993988642
cmaes,34,443,0,3.191946346095923,-3.191946346095923,4.28892182388524,2.5695951960809484,0.6492887931083904,4.300185244530784,0.36605685029235147
cmaes,34,444,1,1.5922606643795243,-1.5922606643795243,4.28892182388524,2.5695951960809484,0.6492887931083904,4.300185244530784,0.36605685029235147
cmaes,34,445,2,1.9392502800293898,-1.9392502800293898,4.28892182388524,2.5695951960809484,0.6492887931083904,4.300185244530784,0.36605685029235147
cmaes,34,446,3,2.0675169389074703,-2.0675169389074703,4.28892182388524,2.5695951960809484,0.6492887931083904,4.300185244530784,0.36605685029235147
cmaes,34,447,4,2.6621875671971393,-2.6621875671971393,4.28892182388524,2.5695951960809484,0.6492887931083904,4.300185244530784,0.36605685029235147
cmaes,34,448,5,2.887596483752165,-2.887596483752165,4.28892182388524,2.5695951960809484,0.6492887931083904,4.300185244530784,0.36605685029235147
cmaes,34,449,6,4.28892182388524,-4.28892182388524,4.28892182388524,2.5695951960809484,0.6492887931083904,4.300185244530784,0.36605685029235147
cmaes,34,450,7,2.420590549726867,-2.420590549726867,4.28892182388524,2.5695951960809484,0.6492887931083904,4.300185244530784,0.36605685029235147
cmaes,34,451,8,2.209431204666106,-2.209431204666106,4.28892182388524,2.5695951960809484,0.6492887931083904,4.300185244530784,0.36605685029235147
cmaes,34,452,9,2.7458867714188555,-2.7458867714188555,4.28892182388524,2.5695951960809484,0.6492887931083904,4.300185244530784,0.36605685029235147
cmaes,34,453,10,2.106859445110168,-2.106859445110168,4.28892182388524,2.5695951960809484,0.6492887931083904,4.300185244530784,0.36605685029235147
cmaes,34,454,11,2.7296333142550817,-2.7296333142550817,4.28892182388524,2.5695951960809484,0.6492887931083904,4.300185244530784,0.36605685029235147
cmaes,34,455,12,2.5626561596283945,-2.5626561596283945,4.28892182388524,2.5695951960809484,0.6492887931083904,4.300185244530784,0.36605685029235147
cmaes,35,456,0,2.2977565036784133,-2.2977565036784133,2.4771701596999196,2.077692239051287,0.21498689257688,4.300185244530784,0.3629312152425351
cmaes,35,457,1,1.9769595719729876,-1.9769595719729876,2.4771701596999196,2.077692239051287,0.21498689257688,4.300185244530784,0.3629312152425351
cmaes,35,458,2,2.3630533211715536,-2.3630533211715536,2.4771701596999196,2.077692239051287,0.21498689257688,4.300185244530784,0.3629312152425351
cmaes,35,459,3,1.86072205616652,-1.86072205616652,2.4771701596999196,2.077692239051287,0.21498689257688,4.300185244530784,0.3629312152425351
cmaes,35,460,4,2.1509153103944647,-2.1509153103944647,2.4771701596999196,2.077692239051287,0.21498689257688,4.300185244530784,0.3629312152425351
cmaes,35,461,5,1.956922626812146,-1.956922626812146,2.4771701596999196,2.077692239051287,0.21498689257688,4.300185244530784,0.3629312152425351
cmaes,35,462,6,1.9426306820505248,-1.9426306820505248,2.4771701596999196,2.077692239051287,0.21498689257688,4.300185244530784,0.3629312152425351
cmaes,35,463,7,2.3054527719826647,-2.3054527719826647,2.4771701596999196,2.077692239051287,0.21498689257688,4.300185244530784,0.3629312152425351
cmaes,35,464,8,2.1001766673004862,-2.1001766673004862,2.4771701596999196,2.077692239051287,0.21498689257688,4.300185244530784,0.3629312152425351
cmaes,35,465,9,2.4771701596999196,-2.4771701596999196,2.4771701596999196,2.077692239051287,0.21498689257688,4.300185244530784,0.3629312152425351
cmaes,35,466,10,1.860815673847253,-1.860815673847253,2.4771701596999196,2.077692239051287,0.21498689257688,4.300185244530784,0.3629312152425351
cmaes,35,467,11,1.75703205476235,-1.75703205476235,2.4771701596999196,2.077692239051287,0.21498689257688,4.300185244530784,0.3629312152425351
cmaes,35,468,12,1.9603917078274478,-1.9603917078274478,2.4771701596999196,2.077692239051287,0.21498689257688,4.300185244530784,0.3629312152425351
cmaes,36,469,0,2.0384576684221756,-2.0384576684221756,3.1072848125933965,2.2609251643431585,0.3456287883594368,4.300185244530784,0.36131266559399905
cmaes,36,470,1,2.702612570131995,-2.702612570131995,3.1072848125933965,2.2609251643431585,0.3456287883594368,4.300185244530784,0.36131266559399905
cmaes,36,471,2,2.1267082291437984,-2.1267082291437984,3.1072848125933965,2.2609251643431585,0.3456287883594368,4.300185244530784,0.36131266559399905
cmaes,36,472,3,2.554264691962645,-2.554264691962645,3.1072848125933965,2.2609251643431585,0.3456287883594368,4.300185244530784,0.36131266559399905
cmaes,36,473,4,1.9236764593918243,-1.9236764593918243,3.1072848125933965,2.2609251643431585,0.3456287883594368,4.300185244530784,0.36131266559399905
cmaes,36,474,5,2.1571261679441687,-2.1571261679441687,3.1072848125933965,2.2609251643431585,0.3456287883594368,4.300185244530784,0.36131266559399905
cmaes,36,475,6,1.988667770979003,-1.988667770979003,3.1072848125933965,2.2609251643431585,0.3456287883594368,4.300185244530784,0.36131266559399905
cmaes,36,476,7,1.9574097300122082,-1.9574097300122082,3.1072848125933965,2.2609251643431585,0.3456287883594368,4.300185244530784,0.36131266559399905
cmaes,36,477,8,3.1072848125933965,-3.1072848125933965,3.1072848125933965,2.2609251643431585,0.3456287883594368,4.300185244530784,0.36131266559399905
cmaes,36,478,9,1.9355521174899764,-1.9355521174899764,3.1072848125933965,2.2609251643431585,0.3456287883594368,4.300185244530784,0.36131266559399905
cmaes,36,479,10,2.0611932620817766,-2.0611932620817766,3.1072848125933965,2.2609251643431585,0.3456287883594368,4.300185244530784,0.36131266559399905
cmaes,36,480,11,2.3953345350642823,-2.3953345350642823,3.1072848125933965,2.2609251643431585,0.3456287883594368,4.300185244530784,0.36131266559399905
cmaes,36,481,12,2.443739121243814,-2.443739121243814,3.1072848125933965,2.2609251643431585,0.3456287883594368,4.300185244530784,0.36131266559399905
cmaes,37,482,0,2.1278227112109938,-2.1278227112109938,3.048006246768095,2.0663571679548864,0.3615831293837581,4.300185244530784,0.3547574514277184
cmaes,37,483,1,2.182554262195151,-2.182554262195151,3.048006246768095,2.0663571679548864,0.3615831293837581,4.300185244530784,0.3547574514277184
cmaes,37,484,2,2.0661933308452314,-2.0661933308452314,3.048006246768095,2.0663571679548864,0.3615831293837581,4.300185244530784,0.3547574514277184
cmaes,37,485,3,1.6069069588840177,-1.6069069588840177,3.048006246768095,2.0663571679548864,0.3615831293837581,4.300185244530784,0.3547574514277184
cmaes,37,486,4,2.1185126413517876,-2.1185126413517876,3.048006246768095,2.0663571679548864,0.3615831293837581,4.300185244530784,0.3547574514277184
cmaes,37,487,5,2.020527072344759,-2.020527072344759,3.048006246768095,2.0663571679548864,0.3615831293837581,4.300185244530784,0.3547574514277184
cmaes,37,488,6,1.644578448814657,-1.644578448814657,3.048006246768095,2.0663571679548864,0.3615831293837581,4.300185244530784,0.3547574514277184
cmaes,37,489,7,3.048006246768095,-3.048006246768095,3.048006246768095,2.0663571679548864,0.3615831293837581,4.300185244530784,0.3547574514277184
cmaes,37,490,8,1.7450952131598028,-1.7450952131598028,3.048006246768095,2.0663571679548864,0.3615831293837581,4.300185244530784,0.3547574514277184
cmaes,37,491,9,2.0026243715243983,-2.0026243715243983,3.048006246768095,2.0663571679548864,0.3615831293837581,4.300185244530784,0.3547574514277184
cmaes,37,492,10,2.3923387243970895,-2.3923387243970895,3.048006246768095,2.0663571679548864,0.3615831293837581,4.300185244530784,0.3547574514277184
cmaes,37,493,11,2.161134899881093,-2.161134899881093,3.048006246768095,2.0663571679548864,0.3615831293837581,4.300185244530784,0.3547574514277184
cmaes,37,494,12,1.74634830203644,-1.74634830203644,3.048006246768095,2.0663571679548864,0.3615831293837581,4.300185244530784,0.3547574514277184
cmaes,38,495,0,2.6915047613544294,-2.6915047613544294,2.7488902005351683,2.223071623978647,0.39583413903489795,4.300185244530784,0.34870504261528584
cmaes,38,496,1,2.740711803667224,-2.740711803667224,2.7488902005351683,2.223071623978647,0.39583413903489795,4.300185244530784,0.34870504261528584
cmaes,38,497,2,1.658092524287208,-1.658092524287208,2.7488902005351683,2.223071623978647,0.39583413903489795,4.300185244530784,0.34870504261528584
cmaes,38,498,3,1.9058239838342346,-1.9058239838342346,2.7488902005351683,2.223071623978647,0.39583413903489795,4.300185244530784,0.34870504261528584
cmaes,38,499,4,2.3404053670288296,-2.3404053670288296,2.7488902005351683,2.223071623978647,0.39583413903489795,4.300185244530784,0.34870504261528584
cmaes,38,500,5,2.3403683863208147,-2.3403683863208147,2.7488902005351683,2.223071623978647,0.39583413903489795,4.300185244530784,0.34870504261528584
cmaes,38,501,6,2.000635892038149,-2.000635892038149,2.7488902005351683,2.223071623978647,0.39583413903489795,4.300185244530784,0.34870504261528584
cmaes,38,502,7,2.546409637491938,-2.546409637491938,2.7488902005351683,2.223071623978647,0.39583413903489795,4.300185244530784,0.34870504261528584
cmaes,38,503,8,1.7913784277828313,-1.7913784277828313,2.7488902005351683,2.223071623978647,0.39583413903489795,4.300185244530784,0.34870504261528584
cmaes,38,504,9,1.7357689158006364,-1.7357689158006364,2.7488902005351683,2.223071623978647,0.39583413903489795,4.300185244530784,0.34870504261528584
cmaes,38,505,10,2.7488902005351683,-2.7488902005351683,2.7488902005351683,2.223071623978647,0.39583413903489795,4.300185244530784,0.34870504261528584
cmaes,38,506,11,2.5512154968078966,-2.5512154968078966,2.7488902005351683,2.223071623978647,0.39583413903489795,4.300185244530784,0.34870504261528584
cmaes,38,507,12,1.8487257147730531,-1.8487257147730531,2.7488902005351683,2.223071623978647,0.39583413903489795,4.300185244530784,0.34870504261528584
cmaes,39,508,0,2.4955131317974426,-2.4955131317974426,2.737488288456573,2.034464674511768,0.40814030689057085,4.300185244530784,0.3477738011166922
cmaes,39,509,1,1.581159373410165,-1.581159373410165,2.737488288456573,2.034464674511768,0.40814030689057085,4.300185244530784,0.3477738011166922
cmaes,39,510,2,1.6086873367205943,-1.6086873367205943,2.737488288456573,2.034464674511768,0.40814030689057085,4.300185244530784,0.3477738011166922
cmaes,39,511,3,1.9641173677228017,-1.9641173677228017,2.737488288456573,2.034464674511768,0.40814030689057085,4.300185244530784,0.3477738011166922
cmaes,39,512,4,1.6079164655767493,-1.6079164655767493,2.737488288456573,2.034464674511768,0.40814030689057085,4.300185244530784,0.3477738011166922
cmaes,39,513,5,2.174143410666455,-2.174143410666455,2.737488288456573,2.034464674511768,0.40814030689057085,4.300185244530784,0.3477738011166922
cmaes,39,514,6,2.0488556022336173,-2.0488556022336173,2.737488288456573,2.034464674511768,0.40814030689057085,4.300185244530784,0.3477738011166922
cmaes,39,515,7,1.9439521101688029,-1.9439521101688029,2.737488288456573,2.034464674511768,0.40814030689057085,4.300185244530784,0.3477738011166922
cmaes,39,516,8,1.5397040482472286,-1.5397040482472286,2.737488288456573,2.034464674511768,0.40814030689057085,4.300185244530784,0.3477738011166922
cmaes,39,517,9,1.692228526180743,-1.692228526180743,2.737488288456573,2.034464674511768,0.40814030689057085,4.300185244530784,0.3477738011166922
cmaes,39,518,10,2.457237513063776,-2.457237513063776,2.737488288456573,2.034464674511768,0.40814030689057085,4.300185244530784,0.3477738011166922
cmaes,39,519,11,2.597037594408039,-2.597037594408039,2.737488288456573,2.034464674511768,0.40814030689057085,4.300185244530784,0.3477738011166922
cmaes,39,520,12,2.737488288456573,-2.737488288456573,2.737488288456573,2.034464674511768,0.40814030689057085,4.300185244530784,0.3477738011166922
cmaes,40,521,0,2.2961205771443636,-2.2961205771443636,3.438832589434115,2.416982395958276,0.5303126621897101,4.300185244530784,0.34474482313766125
cmaes,40,522,1,3.3849638156099453,-3.3849638156099453,3.438832589434115,2.416982395958276,0.5303126621897101,4.300185244530784,0.34474482313766125
cmaes,40,523,2,1.7240025312419724,-1.7240025312419724,3.438832589434115,2.416982395958276,0.5303126621897101,4.300185244530784,0.34474482313766125
cmaes,40,524,3,2.368759149016474,-2.368759149016474,3.438832589434115,2.416982395958276,0.5303126621897101,4.300185244530784,0.34474482313766125
cmaes,40,525,4,2.333976243039234,-2.333976243039234,3.438832589434115,2.416982395958276,0.5303126621897101,4.300185244530784,0.34474482313766125
cmaes,40,526,5,2.2534071630500176,-2.2534071630500176,3.438832589434115,2.416982395958276,0.5303126621897101,4.300185244530784,0.34474482313766125
cmaes,40,527,6,3.438832589434115,-3.438832589434115,3.438832589434115,2.416982395958276,0.5303126621897101,4.300185244530784,0.34474482313766125
cmaes,40,528,7,2.356525590491195,-2.356525590491195,3.438832589434115,2.416982395958276,0.5303126621897101,4.300185244530784,0.34474482313766125
cmaes,40,529,8,2.28555676895117,-2.28555676895117,3.438832589434115,2.416982395958276,0.5303126621897101,4.300185244530784,0.34474482313766125
cmaes,40,530,9,1.8598025386867312,-1.8598025386867312,3.438832589434115,2.416982395958276,0.5303126621897101,4.300185244530784,0.34474482313766125
cmaes,40,531,10,1.9909530985723238,-1.9909530985723238,3.438832589434115,2.416982395958276,0.5303126621897101,4.300185244530784,0.34474482313766125
cmaes,40,532,11,2.0217297005355785,-2.0217297005355785,3.438832589434115,2.416982395958276,0.5303126621897101,4.300185244530784,0.34474482313766125
cmaes,40,533,12,3.106141381684469,-3.106141381684469,3.438832589434115,2.416982395958276,0.5303126621897101,4.300185244530784,0.34474482313766125
cmaes,41,534,0,2.756753060997218,-2.756753060997218,3.3879771921563004,2.4147227554111277,0.4942411628722137,4.300185244530784,0.3314638251852626
cmaes,41,535,1,2.340925220983881,-2.340925220983881,3.3879771921563004,2.4147227554111277,0.4942411628722137,4.300185244530784,0.3314638251852626
cmaes,41,536,2,2.233083893248442,-2.233083893248442,3.3879771921563004,2.4147227554111277,0.4942411628722137,4.300185244530784,0.3314638251852626
cmaes,41,537,3,2.6414366149042916,-2.6414366149042916,3.3879771921563004,2.4147227554111277,0.4942411628722137,4.300185244530784,0.3314638251852626
cmaes,41,538,4,3.3879771921563004,-3.3879771921563004,3.3879771921563004,2.4147227554111277,0.4942411628722137,4.300185244530784,0.3314638251852626
cmaes,41,539,5,3.012179120969757,-3.012179120969757,3.3879771921563004,2.4147227554111277,0.4942411628722137,4.300185244530784,0.3314638251852626
cmaes,41,540,6,2.7310159708777064,-2.7310159708777064,3.3879771921563004,2.4147227554111277,0.4942411628722137,4.300185244530784,0.3314638251852626
cmaes,41,541,7,1.5181759070154937,-1.5181759070154937,3.3879771921563004,2.4147227554111277,0.4942411628722137,4.300185244530784,0.3314638251852626
cmaes,41,542,8,1.8278489355216543,-1.8278489355216543,3.3879771921563004,2.4147227554111277,0.4942411628722137,4.300185244530784,0.3314638251852626
cmaes,41,543,9,1.8431086398657222,-1.8431086398657222,3.3879771921563004,2.4147227554111277,0.4942411628722137,4.300185244530784,0.3314638251852626
cmaes,41,544,10,2.221383779418382,-2.221383779418382,3.3879771921563004,2.4147227554111277,0.4942411628722137,4.300185244530784,0.3314638251852626
cmaes,41,545,11,2.279020957701211,-2.279020957701211,3.3879771921563004,2.4147227554111277,0.4942411628722137,4.300185244530784,0.3314638251852626
cmaes,41,546,12,2.5984865266846082,-2.5984865266846082,3.3879771921563004,2.4147227554111277,0.4942411628722137,4.300185244530784,0.3314638251852626
cmaes,42,547,0,1.9767975744768564,-1.9767975744768564,3.479178388974242,2.3819902829530806,0.5903676677543856,4.300185244530784,0.32905537405645346
cmaes,42,548,1,2.0245642811315503,-2.0245642811315503,3.479178388974242,2.3819902829530806,0.5903676677543856,4.300185244530784,0.32905537405645346
cmaes,42,549,2,1.6076449448276153,-1.6076449448276153,3.479178388974242,2.3819902829530806,0.5903676677543856,4.300185244530784,0.32905537405645346
cmaes,42,550,3,2.8737433285858858,-2.8737433285858858,3.479178388974242,2.3819902829530806,0.5903676677543856,4.300185244530784,0.32905537405645346
cmaes,42,551,4,1.9528947747310061,-1.9528947747310061,3.479178388974242,2.3819902829530806,0.5903676677543856,4.300185244530784,0.32905537405645346
cmaes,42,552,5,2.0092974987171677,-2.0092974987171677,3.479178388974242,2.3819902829530806,0.5903676677543856,4.300185244530784,0.32905537405645346
cmaes,42,553,6,2.4246352223919647,-2.4246352223919647,3.479178388974242,2.3819902829530806,0.5903676677543856,4.300185244530784,0.32905537405645346
cmaes,42,554,7,2.0743509599144927,-2.0743509599144927,3.479178388974242,2.3819902829530806,0.5903676677543856,4.300185244530784,0.32905537405645346
cmaes,42,555,8,2.957443998352575,-2.957443998352575,3.479178388974242,2.3819902829530806,0.5903676677543856,4.300185244530784,0.32905537405645346
cmaes,42,556,9,2.9556670658938025,-2.9556670658938025,3.479178388974242,2.3819902829530806,0.5903676677543856,4.300185244530784,0.32905537405645346
cmaes,42,557,10,3.479178388974242,-3.479178388974242,3.479178388974242,2.3819902829530806,0.5903676677543856,4.300185244530784,0.32905537405645346
cmaes,42,558,11,1.5715254694838843,-1.5715254694838843,3.479178388974242,2.3819902829530806,0.5903676677543856,4.300185244530784,0.32905537405645346
cmaes,42,559,12,3.05813017090901,-3.05813017090901,3.479178388974242,2.3819902829530806,0.5903676677543856,4.300185244530784,0.32905537405645346
cmaes,43,560,0,1.7992371148903423,-1.7992371148903423,2.888898655461485,2.306277608550306,0.41082589781798723,4.300185244530784,0.3299175837490882
cmaes,43,561,1,1.8703899085180653,-1.8703899085180653,2.888898655461485,2.306277608550306,0.41082589781798723,4.300185244530784,0.3299175837490882
cmaes,43,562,2,2.2932057323854957,-2.2932057323854957,2.888898655461485,2.306277608550306,0.41082589781798723,4.300185244530784,0.3299175837490882
cmaes,43,563,3,2.1411813180517707,-2.1411813180517707,2.888898655461485,2.306277608550306,0.41082589781798723,4.300185244530784,0.3299175837490882
cmaes,43,564,4,2.7249528756460872,-2.7249528756460872,2.888898655461485,2.306277608550306,0.41082589781798723,4.300185244530784,0.3299175837490882
cmaes,43,565,5,2.6657852572019816,-2.6657852572019816,2.888898655461485,2.306277608550306,0.41082589781798723,4.300185244530784,0.3299175837490882
cmaes,43,566,6,2.2469683228972546,-2.2469683228972546,2.888898655461485,2.306277608550306,0.41082589781798723,4.300185244530784,0.3299175837490882
cmaes,43,567,7,2.46830397185721,-2.46830397185721,2.888898655461485,2.306277608550306,0.41082589781798723,4.300185244530784,0.3299175837490882
cmaes,43,568,8,2.888898655461485,-2.888898655461485,2.888898655461485,2.306277608550306,0.41082589781798723,4.300185244530784,0.3299175837490882
cmaes,43,569,9,1.5718512877754927,-1.5718512877754927,2.888898655461485,2.306277608550306,0.41082589781798723,4.300185244530784,0.3299175837490882
cmaes,43,570,10,1.8872834104178764,-1.8872834104178764,2.888898655461485,2.306277608550306,0.41082589781798723,4.300185244530784,0.3299175837490882
cmaes,43,571,11,2.7437887978961197,-2.7437887978961197,2.888898655461485,2.306277608550306,0.41082589781798723,4.300185244530784,0.3299175837490882
cmaes,43,572,12,2.679762258154795,-2.679762258154795,2.888898655461485,2.306277608550306,0.41082589781798723,4.300185244530784,0.3299175837490882
cmaes,44,573,0,2.2445887923827272,-2.2445887923827272,2.6678349559221926,2.109925744616398,0.2790256272940353,4.300185244530784,0.3336523597566499
cmaes,44,574,1,2.0433225013093597,-2.0433225013093597,2.6678349559221926,2.109925744616398,0.2790256272940353,4.300185244530784,0.3336523597566499
cmaes,44,575,2,2.0949920403589557,-2.0949920403589557,2.6678349559221926,2.109925744616398,0.2790256272940353,4.300185244530784,0.3336523597566499
cmaes,44,576,3,2.0184499496750026,-2.0184499496750026,2.6678349559221926,2.109925744616398,0.2790256272940353,4.300185244530784,0.3336523597566499
cmaes,44,577,4,1.5637318618409286,-1.5637318618409286,2.6678349559221926,2.109925744616398,0.2790256272940353,4.300185244530784,0.3336523597566499
cmaes,44,578,5,2.0760588277700505,-2.0760588277700505,2.6678349559221926,2.109925744616398,0.2790256272940353,4.300185244530784,0.3336523597566499
cmaes,44,579,6,2.1843351743984294,-2.1843351743984294,2.6678349559221926,2.109925744616398,0.2790256272940353,4.300185244530784,0.3336523597566499
cmaes,44,580,7,1.9458174842496532,-1.9458174842496532,2.6678349559221926,2.109925744616398,0.2790256272940353,4.300185244530784,0.3336523597566499
cmaes,44,581,8,2.631424733918993,-2.631424733918993,2.6678349559221926,2.109925744616398,0.2790256272940353,4.300185244530784,0.3336523597566499
cmaes,44,582,9,2.0866380526158057,-2.0866380526158057,2.6678349559221926,2.109925744616398,0.2790256272940353,4.300185244530784,0.3336523597566499
cmaes,44,583,10,1.887480285863106,-1.887480285863106,2.6678349559221926,2.109925744616398,0.2790256272940353,4.300185244530784,0.3336523597566499
cmaes,44,584,11,2.6678349559221926,-2.6678349559221926,2.6678349559221926,2.109925744616398,0.2790256272940353,4.300185244530784,0.3336523597566499
cmaes,44,585,12,1.9843600197079645,-1.9843600197079645,2.6678349559221926,2.109925744616398,0.2790256272940353,4.300185244530784,0.3336523597566499
cmaes,45,586,0,1.6443669430992571,-1.6443669430992571,3.1207682574953517,2.016662011026146,0.48699652507594166,4.300185244530784,0.33083367148662185
cmaes,45,587,1,1.6109906341450564,-1.6109906341450564,3.1207682574953517,2.016662011026146,0.48699652507594166,4.300185244530784,0.33083367148662185
cmaes,45,588,2,1.616506385206244,-1.616506385206244,3.1207682574953517,2.016662011026146,0.48699652507594166,4.300185244530784,0.33083367148662185
cmaes,45,589,3,1.975051995706687,-1.975051995706687,3.1207682574953517,2.016662011026146,0.48699652507594166,4.300185244530784,0.33083367148662185
cmaes,45,590,4,1.6948399269722059,-1.6948399269722059,3.1207682574953517,2.016662011026146,0.48699652507594166,4.300185244530784,0.33083367148662185
cmaes,45,591,5,1.6031923008990587,-1.6031923008990587,3.1207682574953517,2.016662011026146,0.48699652507594166,4.300185244530784,0.33083367148662185
cmaes,45,592,6,1.7414895299046282,-1.7414895299046282,3.1207682574953517,2.016662011026146,0.48699652507594166,4.300185244530784,0.33083367148662185
cmaes,45,593,7,2.4404214223062484,-2.4404214223062484,3.1207682574953517,2.016662011026146,0.48699652507594166,4.300185244530784,0.33083367148662185
cmaes,45,594,8,1.580426896158855,-1.580426896158855,3.1207682574953517,2.016662011026146,0.48699652507594166,4.300185244530784,0.33083367148662185
cmaes,45,595,9,2.129995900963931,-2.129995900963931,3.1207682574953517,2.016662011026146,0.48699652507594166,4.300185244530784,0.33083367148662185
cmaes,45,596,10,2.7943808870720193,-2.7943808870720193,3.1207682574953517,2.016662011026146,0.48699652507594166,4.300185244530784,0.33083367148662185
cmaes,45,597,11,3.1207682574953517,-3.1207682574953517,3.1207682574953517,2.016662011026146,0.48699652507594166,4.300185244530784,0.33083367148662185
cmaes,45,598,12,2.2641750634103532,-2.2641750634103532,3.1207682574953517,2.016662011026146,0.48699652507594166,4.300185244530784,0.33083367148662185
cmaes,46,599,0,1.966531158456853,-1.966531158456853,2.625100291911415,2.1975409934750654,0.25333009217226365,4.300185244530784,0.3295774750580885
cmaes,46,600,1,2.0280513263836677,-2.0280513263836677,2.625100291911415,2.1975409934750654,0.25333009217226365,4.300185244530784,0.3295774750580885
cmaes,46,601,2,2.625100291911415,-2.625100291911415,2.625100291911415,2.1975409934750654,0.25333009217226365,4.300185244530784,0.3295774750580885
cmaes,46,602,3,2.0437347071867187,-2.0437347071867187,2.625100291911415,2.1975409934750654,0.25333009217226365,4.300185244530784,0.3295774750580885
cmaes,46,603,4,2.286440199652043,-2.286440199652043,2.625100291911415,2.1975409934750654,0.25333009217226365,4.300185244530784,0.3295774750580885
cmaes,46,604,5,2.4856678969522554,-2.4856678969522554,2.625100291911415,2.1975409934750654,0.25333009217226365,4.300185244530784,0.3295774750580885
cmaes,46,605,6,1.8122457282272615,-1.8122457282272615,2.625100291911415,2.1975409934750654,0.25333009217226365,4.300185244530784,0.3295774750580885
cmaes,46,606,7,2.3900019388898404,-2.3900019388898404,2.625100291911415,2.1975409934750654,0.25333009217226365,4.300185244530784,0.3295774750580885
cmaes,46,607,8,2.355753239888605,-2.355753239888605,2.625100291911415,2.1975409934750654,0.25333009217226365,4.300185244530784,0.3295774750580885
cmaes,46,608,9,1.9603849637076705,-1.9603849637076705,2.625100291911415,2.1975409934750654,0.25333009217226365,4.300185244530784,0.3295774750580885
cmaes,46,609,10,1.9912247393235332,-1.9912247393235332,2.625100291911415,2.1975409934750654,0.25333009217226365,4.300185244530784,0.3295774750580885
cmaes,46,610,11,2.0669795150467096,-2.0669795150467096,2.625100291911415,2.1975409934750654,0.25333009217226365,4.300185244530784,0.3295774750580885
cmaes,46,611,12,2.5559172095492677,-2.5559172095492677,2.625100291911415,2.1975409934750654,0.25333009217226365,4.300185244530784,0.3295774750580885
cmaes,47,612,0,4.155134812842458,-4.155134812842458,4.155134812842458,2.4078352022319915,0.6449027699867039,4.300185244530784,0.33211243651832295
cmaes,47,613,1,2.4545973759417725,-2.4545973759417725,4.155134812842458,2.4078352022319915,0.6449027699867039,4.300185244530784,0.33211243651832295
cmaes,47,614,2,2.2923782861677777,-2.2923782861677777,4.155134812842458,2.4078352022319915,0.6449027699867039,4.300185244530784,0.33211243651832295
cmaes,47,615,3,2.9647690492060494,-2.9647690492060494,4.155134812842458,2.4078352022319915,0.6449027699867039,4.300185244530784,0.33211243651832295
cmaes,47,616,4,1.6866337048780946,-1.6866337048780946,4.155134812842458,2.4078352022319915,0.6449027699867039,4.300185244530784,0.33211243651832295
cmaes,47,617,5,2.739617904796077,-2.739617904796077,4.155134812842458,2.4078352022319915,0.6449027699867039,4.300185244530784,0.33211243651832295
cmaes,47,618,6,2.4368393383845826,-2.4368393383845826,4.155134812842458,2.4078352022319915,0.6449027699867039,4.300185244530784,0.33211243651832295
cmaes,47,619,7,2.2351313756195013,-2.2351313756195013,4.155134812842458,2.4078352022319915,0.6449027699867039,4.300185244530784,0.33211243651832295
cmaes,47,620,8,2.25054585919604,-2.25054585919604,4.155134812842458,2.4078352022319915,0.6449027699867039,4.300185244530784,0.33211243651832295
cmaes,47,621,9,2.2452592653285097,-2.2452592653285097,4.155134812842458,2.4078352022319915,0.6449027699867039,4.300185244530784,0.33211243651832295
cmaes,47,622,10,1.6018990701840292,-1.6018990701840292,4.155134812842458,2.4078352022319915,0.6449027699867039,4.300185244530784,0.33211243651832295
cmaes,47,623,11,2.6195850750517184,-2.6195850750517184,4.155134812842458,2.4078352022319915,0.6449027699867039,4.300185244530784,0.33211243651832295
cmaes,47,624,12,1.6194665114192723,-1.6194665114192723,4.155134812842458,2.4078352022319915,0.6449027699867039,4.300185244530784,0.33211243651832295
cmaes,48,625,0,1.6750947942445389,-1.6750947942445389,2.9651841758527873,2.082447550200877,0.4262960348665479,4.300185244530784,0.33617909109036676
cmaes,48,626,1,2.611482231689409,-2.611482231689409,2.9651841758527873,2.082447550200877,0.4262960348665479,4.300185244530784,0.33617909109036676
cmaes,48,627,2,2.9651841758527873,-2.9651841758527873,2.9651841758527873,2.082447550200877,0.4262960348665479,4.300185244530784,0.33617909109036676
cmaes,48,628,3,2.720199194975835,-2.720199194975835,2.9651841758527873,2.082447550200877,0.4262960348665479,4.300185244530784,0.33617909109036676
cmaes,48,629,4,2.237514986481184,-2.237514986481184,2.9651841758527873,2.082447550200877,0.4262960348665479,4.300185244530784,0.33617909109036676
cmaes,48,630,5,1.6673932201976005,-1.6673932201976005,2.9651841758527873,2.082447550200877,0.4262960348665479,4.300185244530784,0.33617909109036676
cmaes,48,631,6,1.9926371500869209,-1.9926371500869209,2.9651841758527873,2.082447550200877,0.4262960348665479,4.300185244530784,0.33617909109036676
cmaes,48,632,7,1.6118894692341144,-1.6118894692341144,2.9651841758527873,2.082447550200877,0.4262960348665479,4.300185244530784,0.33617909109036676
cmaes,48,633,8,2.1167063719992334,-2.1167063719992334,2.9651841758527873,2.082447550200877,0.4262960348665479,4.300185244530784,0.33617909109036676
cmaes,48,634,9,1.9773418157121985,-1.9773418157121985,2.9651841758527873,2.082447550200877,0.4262960348665479,4.300185244530784,0.33617909109036676
cmaes,48,635,10,1.8612490083180588,-1.8612490083180588,2.9651841758527873,2.082447550200877,0.4262960348665479,4.300185244530784,0.33617909109036676
cmaes,48,636,11,2.0449597209833326,-2.0449597209833326,2.9651841758527873,2.082447550200877,0.4262960348665479,4.300185244530784,0.33617909109036676
cmaes,48,637,12,1.5901660128361896,-1.5901660128361896,2.9651841758527873,2.082447550200877,0.4262960348665479,4.300185244530784,0.33617909109036676
cmaes,49,638,0,2.177658994307883,-2.177658994307883,3.389189668882212,2.2706526593170673,0.5122701731246073,4.300185244530784,0.35236625374374253
cmaes,49,639,1,1.6979774204378386,-1.6979774204378386,3.389189668882212,2.2706526593170673,0.5122701731246073,4.300185244530784,0.35236625374374253
cmaes,49,640,2,2.3241127366372334,-2.3241127366372334,3.389189668882212,2.2706526593170673,0.5122701731246073,4.300185244530784,0.35236625374374253
cmaes,49,641,3,1.8263643292749412,-1.8263643292749412,3.389189668882212,2.2706526593170673,0.5122701731246073,4.300185244530784,0.35236625374374253
cmaes,49,642,4,3.0645620517856402,-3.0645620517856402,3.389189668882212,2.2706526593170673,0.5122701731246073,4.300185244530784,0.35236625374374253
cmaes,49,643,5,2.077866028915956,-2.077866028915956,3.389189668882212,2.2706526593170673,0.5122701731246073,4.300185244530784,0.35236625374374253
cmaes,49,644,6,2.3184855305435854,-2.3184855305435854,3.389189668882212,2.2706526593170673,0.5122701731246073,4.300185244530784,0.35236625374374253
cmaes,49,645,7,2.044610413082369,-2.044610413082369,3.389189668882212,2.2706526593170673,0.5122701731246073,4.300185244530784,0.35236625374374253
cmaes,49,646,8,1.6986258528191387,-1.6986258528191387,3.389189668882212,2.2706526593170673,0.5122701731246073,4.300185244530784,0.35236625374374253
cmaes,49,647,9,2.913247342770254,-2.913247342770254,3.389189668882212,2.2706526593170673,0.5122701731246073,4.300185244530784,0.35236625374374253
cmaes,49,648,10,3.389189668882212,-3.389189668882212,3.389189668882212,2.2706526593170673,0.5122701731246073,4.300185244530784,0.35236625374374253
cmaes,49,649,11,1.928848125589348,-1.928848125589348,3.389189668882212,2.2706526593170673,0.5122701731246073,4.300185244530784,0.35236625374374253
cmaes,49,650,12,2.056936076075472,-2.056936076075472,3.389189668882212,2.2706526593170673,0.5122701731246073,4.300185244530784,0.35236625374374253
cmaes,50,651,0,2.317531297016938,-2.317531297016938,2.84601177586246,2.130078903238698,0.4075903008344464,4.300185244530784,0.37026767083117085
cmaes,50,652,1,2.0294831954906676,-2.0294831954906676,2.84601177586246,2.130078903238698,0.4075903008344464,4.300185244530784,0.37026767083117085
cmaes,50,653,2,2.26632504956144,-2.26632504956144,2.84601177586246,2.130078903238698,0.4075903008344464,4.300185244530784,0.37026767083117085
cmaes,50,654,3,2.0240711548441204,-2.0240711548441204,2.84601177586246,2.130078903238698,0.4075903008344464,4.300185244530784,0.37026767083117085
cmaes,50,655,4,1.8615610158862597,-1.8615610158862597,2.84601177586246,2.130078903238698,0.4075903008344464,4.300185244530784,0.37026767083117085
cmaes,50,656,5,2.84601177586246,-2.84601177586246,2.84601177586246,2.130078903238698,0.4075903008344464,4.300185244530784,0.37026767083117085
cmaes,50,657,6,1.8780508701061027,-1.8780508701061027,2.84601177586246,2.130078903238698,0.4075903008344464,4.300185244530784,0.37026767083117085
cmaes,50,658,7,1.7139065181992605,-1.7139065181992605,2.84601177586246,2.130078903238698,0.4075903008344464,4.300185244530784,0.37026767083117085
cmaes,50,659,8,2.237656306700546,-2.237656306700546,2.84601177586246,2.130078903238698,0.4075903008344464,4.300185244530784,0.37026767083117085
cmaes,50,660,9,1.5834050554325323,-1.5834050554325323,2.84601177586246,2.130078903238698,0.4075903008344464,4.300185244530784,0.37026767083117085
cmaes,50,661,10,2.6489264292086494,-2.6489264292086494,2.84601177586246,2.130078903238698,0.4075903008344464,4.300185244530784,0.37026767083117085
cmaes,50,662,11,2.7265721597416244,-2.7265721597416244,2.84601177586246,2.130078903238698,0.4075903008344464,4.300185244530784,0.37026767083117085
cmaes,50,663,12,1.5575249140524736,-1.5575249140524736,2.84601177586246,2.130078903238698,0.4075903008344464,4.300185244530784,0.37026767083117085
cmaes,51,664,0,3.5416416447126977,-3.5416416447126977,3.5416416447126977,2.337365923200069,0.6577972000256535,4.300185244530784,0.3842973965900777
cmaes,51,665,1,2.6322809481490177,-2.6322809481490177,3.5416416447126977,2.337365923200069,0.6577972000256535,4.300185244530784,0.3842973965900777
cmaes,51,666,2,2.344327627690646,-2.344327627690646,3.5416416447126977,2.337365923200069,0.6577972000256535,4.300185244530784,0.3842973965900777
cmaes,51,667,3,3.1773868605095186,-3.1773868605095186,3.5416416447126977,2.337365923200069,0.6577972000256535,4.300185244530784,0.3842973965900777
cmaes,51,668,4,1.847263380079589,-1.847263380079589,3.5416416447126977,2.337365923200069,0.6577972000256535,4.300185244530784,0.3842973965900777
cmaes,51,669,5,1.8210771604433331,-1.8210771604433331,3.5416416447126977,2.337365923200069,0.6577972000256535,4.300185244530784,0.3842973965900777
cmaes,51,670,6,1.7012568801781234,-1.7012568801781234,3.5416416447126977,2.337365923200069,0.6577972000256535,4.300185244530784,0.3842973965900777
cmaes,51,671,7,2.534239888393999,-2.534239888393999,3.5416416447126977,2.337365923200069,0.6577972000256535,4.300185244530784,0.3842973965900777
cmaes,51,672,8,2.4845512741448874,-2.4845512741448874,3.5416416447126977,2.337365923200069,0.6577972000256535,4.300185244530784,0.3842973965900777
cmaes,51,673,9,1.4777653280855916,-1.4777653280855916,3.5416416447126977,2.337365923200069,0.6577972000256535,4.300185244530784,0.3842973965900777
cmaes,51,674,10,1.922906123989837,-1.922906123989837,3.5416416447126977,2.337365923200069,0.6577972000256535,4.300185244530784,0.3842973965900777
cmaes,51,675,11,1.5920399839093575,-1.5920399839093575,3.5416416447126977,2.337365923200069,0.6577972000256535,4.300185244530784,0.3842973965900777
cmaes,51,676,12,3.309019901314296,-3.309019901314296,3.5416416447126977,2.337365923200069,0.6577972000256535,4.300185244530784,0.3842973965900777
cmaes,52,677,0,2.9069286399742365,-2.9069286399742365,2.9069286399742365,2.245717894932088,0.3637229460817666,4.300185244530784,0.39696464459209946
cmaes,52,678,1,1.663621148276919,-1.663621148276919,2.9069286399742365,2.245717894932088,0.3637229460817666,4.300185244530784,0.39696464459209946
cmaes,52,679,2,2.6112543083394613,-2.6112543083394613,2.9069286399742365,2.245717894932088,0.3637229460817666,4.300185244530784,0.39696464459209946
cmaes,52,680,3,2.3514900936431014,-2.3514900936431014,2.9069286399742365,2.245717894932088,0.3637229460817666,4.300185244530784,0.39696464459209946
cmaes,52,681,4,2.250935310279456,-2.250935310279456,2.9069286399742365,2.245717894932088,0.3637229460817666,4.300185244530784,0.39696464459209946
cmaes,52,682,5,2.282388131723055,-2.282388131723055,2.9069286399742365,2.245717894932088,0.3637229460817666,4.300185244530784,0.39696464459209946
cmaes,52,683,6,1.556025941965474,-1.556025941965474,2.9069286399742365,2.245717894932088,0.3637229460817666,4.300185244530784,0.39696464459209946
cmaes,52,684,7,2.232829435348793,-2.232829435348793,2.9069286399742365,2.245717894932088,0.3637229460817666,4.300185244530784,0.39696464459209946
cmaes,52,685,8,2.0804619942332647,-2.0804619942332647,2.9069286399742365,2.245717894932088,0.3637229460817666,4.300185244530784,0.39696464459209946
cmaes,52,686,9,2.7501244670803593,-2.7501244670803593,2.9069286399742365,2.245717894932088,0.3637229460817666,4.300185244530784,0.39696464459209946
cmaes,52,687,10,2.0479698547640206,-2.0479698547640206,2.9069286399742365,2.245717894932088,0.3637229460817666,4.300185244530784,0.39696464459209946
cmaes,52,688,11,2.2451287085825564,-2.2451287085825564,2.9069286399742365,2.245717894932088,0.3637229460817666,4.300185244530784,0.39696464459209946
cmaes,52,689,12,2.2151745999064523,-2.2151745999064523,2.9069286399742365,2.245717894932088,0.3637229460817666,4.300185244530784,0.39696464459209946
cmaes,53,690,0,2.5060197046650448,-2.5060197046650448,3.1948926204391612,2.4478866492099156,0.46240675860692376,4.300185244530784,0.4054998091869381
cmaes,53,691,1,2.267764542429403,-2.267764542429403,3.1948926204391612,2.4478866492099156,0.46240675860692376,4.300185244530784,0.4054998091869381
cmaes,53,692,2,2.5478126206256206,-2.5478126206256206,3.1948926204391612,2.4478866492099156,0.46240675860692376,4.300185244530784,0.4054998091869381
cmaes,53,693,3,1.7273027663287481,-1.7273027663287481,3.1948926204391612,2.4478866492099156,0.46240675860692376,4.300185244530784,0.4054998091869381
cmaes,53,694,4,1.8849492360642053,-1.8849492360642053,3.1948926204391612,2.4478866492099156,0.46240675860692376,4.300185244530784,0.4054998091869381
cmaes,53,695,5,1.844381217280325,-1.844381217280325,3.1948926204391612,2.4478866492099156,0.46240675860692376,4.300185244530784,0.4054998091869381
cmaes,53,696,6,3.1403171758762944,-3.1403171758762944,3.1948926204391612,2.4478866492099156,0.46240675860692376,4.300185244530784,0.4054998091869381
cmaes,53,697,7,2.9320142818443307,-2.9320142818443307,3.1948926204391612,2.4478866492099156,0.46240675860692376,4.300185244530784,0.4054998091869381
cmaes,53,698,8,2.5155101605596366,-2.5155101605596366,3.1948926204391612,2.4478866492099156,0.46240675860692376,4.300185244530784,0.4054998091869381
cmaes,53,699,9,2.2945120840225637,-2.2945120840225637,3.1948926204391612,2.4478866492099156,0.46240675860692376,4.300185244530784,0.4054998091869381
cmaes,53,700,10,2.1436731076857494,-2.1436731076857494,3.1948926204391612,2.4478866492099156,0.46240675860692376,4.300185244530784,0.4054998091869381
cmaes,53,701,11,2.823376921907819,-2.823376921907819,3.1948926204391612,2.4478866492099156,0.46240675860692376,4.300185244530784,0.4054998091869381
cmaes,53,702,12,3.1948926204391612,-3.1948926204391612,3.1948926204391612,2.4478866492099156,0.46240675860692376,4.300185244530784,0.4054998091869381
cmaes,54,703,0,2.075486888581338,-2.075486888581338,3.291361663905673,2.3259067920149663,0.523712762671374,4.300185244530784,0.41707916866455597
cmaes,54,704,1,1.7544017802081104,-1.7544017802081104,3.291361663905673,2.3259067920149663,0.523712762671374,4.300185244530784,0.41707916866455597
cmaes,54,705,2,2.991324562194858,-2.991324562194858,3.291361663905673,2.3259067920149663,0.523712762671374,4.300185244530784,0.41707916866455597
cmaes,54,706,3,2.213442255178067,-2.213442255178067,3.291361663905673,2.3259067920149663,0.523712762671374,4.300185244530784,0.41707916866455597
cmaes,54,707,4,2.560927295522949,-2.560927295522949,3.291361663905673,2.3259067920149663,0.523712762671374,4.300185244530784,0.41707916866455597
cmaes,54,708,5,2.6102197219925896,-2.6102197219925896,3.291361663905673,2.3259067920149663,0.523712762671374,4.300185244530784,0.41707916866455597
cmaes,54,709,6,3.080058842484334,-3.080058842484334,3.291361663905673,2.3259067920149663,0.523712762671374,4.300185244530784,0.41707916866455597
cmaes,54,710,7,3.291361663905673,-3.291361663905673,3.291361663905673,2.3259067920149663,0.523712762671374,4.300185244530784,0.41707916866455597
cmaes,54,711,8,2.2040781817298396,-2.2040781817298396,3.291361663905673,2.3259067920149663,0.523712762671374,4.300185244530784,0.41707916866455597
cmaes,54,712,9,1.7581189209116745,-1.7581189209116745,3.291361663905673,2.3259067920149663,0.523712762671374,4.300185244530784,0.41707916866455597
cmaes,54,713,10,1.5785577842416652,-1.5785577842416652,3.291361663905673,2.3259067920149663,0.523712762671374,4.300185244530784,0.41707916866455597
cmaes,54,714,11,1.9075835182780752,-1.9075835182780752,3.291361663905673,2.3259067920149663,0.523712762671374,4.300185244530784,0.41707916866455597
cmaes,54,715,12,2.2112268809653908,-2.2112268809653908,3.291361663905673,2.3259067920149663,0.523712762671374,4.300185244530784,0.41707916866455597
cmaes,55,716,0,3.004843462147013,-3.004843462147013,3.1954255873284927,2.3257074426494997,0.5424406668308426,4.300185244530784,0.41555496663223046
cmaes,55,717,1,3.1954255873284927,-3.1954255873284927,3.1954255873284927,2.3257074426494997,0.5424406668308426,4.300185244530784,0.41555496663223046
cmaes,55,718,2,1.5803663856851375,-1.5803663856851375,3.1954255873284927,2.3257074426494997,0.5424406668308426,4.300185244530784,0.41555496663223046
cmaes,55,719,3,1.5333092779806543,-1.5333092779806543,3.1954255873284927,2.3257074426494997,0.5424406668308426,4.300185244530784,0.41555496663223046
cmaes,55,720,4,2.154252481237474,-2.154252481237474,3.1954255873284927,2.3257074426494997,0.5424406668308426,4.300185244530784,0.41555496663223046
cmaes,55,721,5,1.6335770678337151,-1.6335770678337151,3.1954255873284927,2.3257074426494997,0.5424406668308426,4.300185244530784,0.41555496663223046
cmaes,55,722,6,2.6589104222246736,-2.6589104222246736,3.1954255873284927,2.3257074426494997,0.5424406668308426,4.300185244530784,0.41555496663223046
cmaes,55,723,7,2.139228773140813,-2.139228773140813,3.1954255873284927,2.3257074426494997,0.5424406668308426,4.300185244530784,0.41555496663223046
cmaes,55,724,8,2.8690549985742213,-2.8690549985742213,3.1954255873284927,2.3257074426494997,0.5424406668308426,4.300185244530784,0.41555496663223046
cmaes,55,725,9,2.3633032364871314,-2.3633032364871314,3.1954255873284927,2.3257074426494997,0.5424406668308426,4.300185244530784,0.41555496663223046
cmaes,55,726,10,1.8951614216249015,-1.8951614216249015,3.1954255873284927,2.3257074426494997,0.5424406668308426,4.300185244530784,0.41555496663223046
cmaes,55,727,11,2.8618630468085375,-2.8618630468085375,3.1954255873284927,2.3257074426494997,0.5424406668308426,4.300185244530784,0.41555496663223046
cmaes,55,728,12,2.344900593370732,-2.344900593370732,3.1954255873284927,2.3257074426494997,0.5424406668308426,4.300185244530784,0.41555496663223046
cmaes,56,729,0,2.3119049081059444,-2.3119049081059444,3.3081626024830304,2.6006930816465514,0.4075869362355521,4.300185244530784,0.4131668266204747
cmaes,56,730,1,1.670054050586365,-1.670054050586365,3.3081626024830304,2.6006930816465514,0.4075869362355521,4.300185244530784,0.4131668266204747
cmaes,56,731,2,2.420518132116855,-2.420518132116855,3.3081626024830304,2.6006930816465514,0.4075869362355521,4.300185244530784,0.4131668266204747
cmaes,56,732,3,3.11110821684251,-3.11110821684251,3.3081626024830304,2.6006930816465514,0.4075869362355521,4.300185244530784,0.4131668266204747
cmaes,56,733,4,2.7886730759777447,-2.7886730759777447,3.3081626024830304,2.6006930816465514,0.4075869362355521,4.300185244530784,0.4131668266204747
cmaes,56,734,5,2.739335598656423,-2.739335598656423,3.3081626024830304,2.6006930816465514,0.4075869362355521,4.300185244530784,0.4131668266204747
cmaes,56,735,6,2.8486357113655747,-2.8486357113655747,3.3081626024830304,2.6006930816465514,0.4075869362355521,4.300185244530784,0.4131668266204747
cmaes,56,736,7,2.334911655700738,-2.334911655700738,3.3081626024830304,2.6006930816465514,0.4075869362355521,4.300185244530784,0.4131668266204747
cmaes,56,737,8,2.8965031236091066,-2.8965031236091066,3.3081626024830304,2.6006930816465514,0.4075869362355521,4.300185244530784,0.4131668266204747
cmaes,56,738,9,2.489348081312315,-2.489348081312315,3.3081626024830304,2.6006930816465514,0.4075869362355521,4.300185244530784,0.4131668266204747
cmaes,56,739,10,2.6468734653923596,-2.6468734653923596,3.3081626024830304,2.6006930816465514,0.4075869362355521,4.300185244530784,0.4131668266204747
cmaes,56,740,11,2.2429814392561993,-2.2429814392561993,3.3081626024830304,2.6006930816465514,0.4075869362355521,4.300185244530784,0.4131668266204747
cmaes,56,741,12,3.3081626024830304,-3.3081626024830304,3.3081626024830304,2.6006930816465514,0.4075869362355521,4.300185244530784,0.4131668266204747
cmaes,57,742,0,1.6917698393555063,-1.6917698393555063,2.958348087108138,2.1573240487947767,0.45879591757850935,4.300185244530784,0.42195817962395826
cmaes,57,743,1,1.5093691688463662,-1.5093691688463662,2.958348087108138,2.1573240487947767,0.45879591757850935,4.300185244530784,0.42195817962395826
cmaes,57,744,2,2.658910444288201,-2.658910444288201,2.958348087108138,2.1573240487947767,0.45879591757850935,4.300185244530784,0.42195817962395826
cmaes,57,745,3,1.7059160964372317,-1.7059160964372317,2.958348087108138,2.1573240487947767,0.45879591757850935,4.300185244530784,0.42195817962395826
cmaes,57,746,4,2.3448890369925675,-2.3448890369925675,2.958348087108138,2.1573240487947767,0.45879591757850935,4.300185244530784,0.42195817962395826
cmaes,57,747,5,2.958348087108138,-2.958348087108138,2.958348087108138,2.1573240487947767,0.45879591757850935,4.300185244530784,0.42195817962395826
cmaes,57,748,6,1.6056722514864161,-1.6056722514864161,2.958348087108138,2.1573240487947767,0.45879591757850935,4.300185244530784,0.42195817962395826
cmaes,57,749,7,1.8698273037572797,-1.8698273037572797,2.958348087108138,2.1573240487947767,0.45879591757850935,4.300185244530784,0.42195817962395826
cmaes,57,750,8,2.87753828911194,-2.87753828911194,2.958348087108138,2.1573240487947767,0.45879591757850935,4.300185244530784,0.42195817962395826
cmaes,57,751,9,2.3471582728876355,-2.3471582728876355,2.958348087108138,2.1573240487947767,0.45879591757850935,4.300185244530784,0.42195817962395826
cmaes,57,752,10,2.0896038323643324,-2.0896038323643324,2.958348087108138,2.1573240487947767,0.45879591757850935,4.300185244530784,0.42195817962395826
cmaes,57,753,11,2.290025945640483,-2.290025945640483,2.958348087108138,2.1573240487947767,0.45879591757850935,4.300185244530784,0.42195817962395826
cmaes,57,754,12,2.0961840660559963,-2.0961840660559963,2.958348087108138,2.1573240487947767,0.45879591757850935,4.300185244530784,0.42195817962395826
cmaes,58,755,0,2.2619824025194384,-2.2619824025194384,3.617075874252673,2.3825959821769094,0.5092245339244361,4.300185244530784,0.43223485914438836
cmaes,58,756,1,2.2227963406732623,-2.2227963406732623,3.617075874252673,2.3825959821769094,0.5092245339244361,4.300185244530784,0.43223485914438836
cmaes,58,757,2,2.40330328518464,-2.40330328518464,3.617075874252673,2.3825959821769094,0.5092245339244361,4.300185244530784,0.43223485914438836
cmaes,58,758,3,1.7202277041793028,-1.7202277041793028,3.617075874252673,2.3825959821769094,0.5092245339244361,4.300185244530784,0.43223485914438836
cmaes,58,759,4,2.0198833814130874,-2.0198833814130874,3.617075874252673,2.3825959821769094,0.5092245339244361,4.300185244530784,0.43223485914438836
cmaes,58,760,5,2.483347602547725,-2.483347602547725,3.617075874252673,2.3825959821769094,0.5092245339244361,4.300185244530784,0.43223485914438836
cmaes,58,761,6,2.4526676722843246,-2.4526676722843246,3.617075874252673,2.3825959821769094,0.5092245339244361,4.300185244530784,0.43223485914438836
cmaes,58,762,7,2.245589410947406,-2.245589410947406,3.617075874252673,2.3825959821769094,0.5092245339244361,4.300185244530784,0.43223485914438836
cmaes,58,763,8,2.1721466300465533,-2.1721466300465533,3.617075874252673,2.3825959821769094,0.5092245339244361,4.300185244530784,0.43223485914438836
cmaes,58,764,9,3.617075874252673,-3.617075874252673,3.617075874252673,2.3825959821769094,0.5092245339244361,4.300185244530784,0.43223485914438836
cmaes,58,765,10,3.2374237421060443,-3.2374237421060443,3.617075874252673,2.3825959821769094,0.5092245339244361,4.300185244530784,0.43223485914438836
cmaes,58,766,11,1.729309091210194,-1.729309091210194,3.617075874252673,2.3825959821769094,0.5092245339244361,4.300185244530784,0.43223485914438836
cmaes,58,767,12,2.4079946309351663,-2.4079946309351663,3.617075874252673,2.3825959821769094,0.5092245339244361,4.300185244530784,0.43223485914438836
cmaes,59,768,0,1.6715737211148554,-1.6715737211148554,3.8934254160660076,2.4635132570501104,0.7609638992921351,4.300185244530784,0.43830698931362855
cmaes,59,769,1,1.8856119289220863,-1.8856119289220863,3.8934254160660076,2.4635132570501104,0.7609638992921351,4.300185244530784,0.43830698931362855
cmaes,59,770,2,1.629042618098472,-1.629042618098472,3.8934254160660076,2.4635132570501104,0.7609638992921351,4.300185244530784,0.43830698931362855
cmaes,59,771,3,2.940127769571961,-2.940127769571961,3.8934254160660076,2.4635132570501104,0.7609638992921351,4.300185244530784,0.43830698931362855
cmaes,59,772,4,3.048955360128284,-3.048955360128284,3.8934254160660076,2.4635132570501104,0.7609638992921351,4.300185244530784,0.43830698931362855
cmaes,59,773,5,2.4657577407007683,-2.4657577407007683,3.8934254160660076,2.4635132570501104,0.7609638992921351,4.300185244530784,0.43830698931362855
cmaes,59,774,6,3.8934254160660076,-3.8934254160660076,3.8934254160660076,2.4635132570501104,0.7609638992921351,4.300185244530784,0.43830698931362855
cmaes,59,775,7,2.6818449976755003,-2.6818449976755003,3.8934254160660076,2.4635132570501104,0.7609638992921351,4.300185244530784,0.43830698931362855
cmaes,59,776,8,2.2130799955024054,-2.2130799955024054,3.8934254160660076,2.4635132570501104,0.7609638992921351,4.300185244530784,0.43830698931362855
cmaes,59,777,9,1.536399127455661,-1.536399127455661,3.8934254160660076,2.4635132570501104,0.7609638992921351,4.300185244530784,0.43830698931362855
cmaes,59,778,10,1.604554189311442,-1.604554189311442,3.8934254160660076,2.4635132570501104,0.7609638992921351,4.300185244530784,0.43830698931362855
cmaes,59,779,11,2.791601773242504,-2.791601773242504,3.8934254160660076,2.4635132570501104,0.7609638992921351,4.300185244530784,0.43830698931362855
cmaes,59,780,12,3.6636977038614864,-3.6636977038614864,3.8934254160660076,2.4635132570501104,0.7609638992921351,4.300185244530784,0.43830698931362855
cmaes,60,781,0,3.163105432842791,-3.163105432842791,3.261238361470311,2.4446881911649894,0.44901673317326923,4.300185244530784,0.44272985813706517
cmaes,60,782,1,2.6364101052776365,-2.6364101052776365,3.261238361470311,2.4446881911649894,0.44901673317326923,4.300185244530784,0.44272985813706517
cmaes,60,783,2,2.1802309268317175,-2.1802309268317175,3.261238361470311,2.4446881911649894,0.44901673317326923,4.300185244530784,0.44272985813706517
cmaes,60,784,3,3.261238361470311,-3.261238361470311,3.261238361470311,2.4446881911649894,0.44901673317326923,4.300185244530784,0.44272985813706517
cmaes,60,785,4,2.3765618495997862,-2.3765618495997862,3.261238361470311,2.4446881911649894,0.44901673317326923,4.300185244530784,0.44272985813706517
cmaes,60,786,5,2.088245821279077,-2.088245821279077,3.261238361470311,2.4446881911649894,0.44901673317326923,4.300185244530784,0.44272985813706517
cmaes,60,787,6,2.1253529446588573,-2.1253529446588573,3.261238361470311,2.4446881911649894,0.44901673317326923,4.300185244530784,0.44272985813706517
cmaes,60,788,7,2.4424043574325545,-2.4424043574325545,3.261238361470311,2.4446881911649894,0.44901673317326923,4.300185244530784,0.44272985813706517
cmaes,60,789,8,1.7510513986143879,-1.7510513986143879,3.261238361470311,2.4446881911649894,0.44901673317326923,4.300185244530784,0.44272985813706517
cmaes,60,790,9,2.1391412865806787,-2.1391412865806787,3.261238361470311,2.4446881911649894,0.44901673317326923,4.300185244530784,0.44272985813706517
cmaes,60,791,10,2.360178708700757,-2.360178708700757,3.261238361470311,2.4446881911649894,0.44901673317326923,4.300185244530784,0.44272985813706517
cmaes,60,792,11,2.1549370473899514,-2.1549370473899514,3.261238361470311,2.4446881911649894,0.44901673317326923,4.300185244530784,0.44272985813706517
cmaes,60,793,12,3.1020882444663544,-3.1020882444663544,3.261238361470311,2.4446881911649894,0.44901673317326923,4.300185244530784,0.44272985813706517
cmaes,61,794,0,1.7222017617569536,-1.7222017617569536,3.1012061587392847,2.110755798103648,0.40531549429835223,4.300185244530784,0.44328571145134926
cmaes,61,795,1,2.430477485960867,-2.430477485960867,3.1012061587392847,2.110755798103648,0.40531549429835223,4.300185244530784,0.44328571145134926
cmaes,61,796,2,1.9947188695241873,-1.9947188695241873,3.1012061587392847,2.110755798103648,0.40531549429835223,4.300185244530784,0.44328571145134926
cmaes,61,797,3,2.0576844791431195,-2.0576844791431195,3.1012061587392847,2.110755798103648,0.40531549429835223,4.300185244530784,0.44328571145134926
cmaes,61,798,4,2.190075967337331,-2.190075967337331,3.1012061587392847,2.110755798103648,0.40531549429835223,4.300185244530784,0.44328571145134926
cmaes,61,799,5,1.5974243290549215,-1.5974243290549215,3.1012061587392847,2.110755798103648,0.40531549429835223,4.300185244530784,0.44328571145134926
cmaes,61,800,6,1.89740272925116,-1.89740272925116,3.1012061587392847,2.110755798103648,0.40531549429835223,4.300185244530784,0.44328571145134926
cmaes,61,801,7,1.838647568788579,-1.838647568788579,3.1012061587392847,2.110755798103648,0.40531549429835223,4.300185244530784,0.44328571145134926
cmaes,61,802,8,3.1012061587392847,-3.1012061587392847,3.1012061587392847,2.110755798103648,0.40531549429835223,4.300185244530784,0.44328571145134926
cmaes,61,803,9,2.459966549077647,-2.459966549077647,3.1012061587392847,2.110755798103648,0.40531549429835223,4.300185244530784,0.44328571145134926
cmaes,61,804,10,1.5583830595244585,-1.5583830595244585,3.1012061587392847,2.110755798103648,0.40531549429835223,4.300185244530784,0.44328571145134926
cmaes,61,805,11,2.2845064397330948,-2.2845064397330948,3.1012061587392847,2.110755798103648,0.40531549429835223,4.300185244530784,0.44328571145134926
cmaes,61,806,12,2.3071299774558245,-2.3071299774558245,3.1012061587392847,2.110755798103648,0.40531549429835223,4.300185244530784,0.44328571145134926
cmaes,62,807,0,2.419779828365223,-2.419779828365223,3.883826653326657,2.3842454307989853,0.5756887254563654,4.300185244530784,0.4440265444015707
cmaes,62,808,1,1.8493635308474976,-1.8493635308474976,3.883826653326657,2.3842454307989853,0.5756887254563654,4.300185244530784,0.4440265444015707
cmaes,62,809,2,2.2509677239347075,-2.2509677239347075,3.883826653326657,2.3842454307989853,0.5756887254563654,4.300185244530784,0.4440265444015707
cmaes,62,810,3,1.9476096892181045,-1.9476096892181045,3.883826653326657,2.3842454307989853,0.5756887254563654,4.300185244530784,0.4440265444015707
cmaes,62,811,4,3.242892632592695,-3.242892632592695,3.883826653326657,2.3842454307989853,0.5756887254563654,4.300185244530784,0.4440265444015707
cmaes,62,812,5,2.609401265303904,-2.609401265303904,3.883826653326657,2.3842454307989853,0.5756887254563654,4.300185244530784,0.4440265444015707
cmaes,62,813,6,2.181014251572018,-2.181014251572018,3.883826653326657,2.3842454307989853,0.5756887254563654,4.300185244530784,0.4440265444015707
cmaes,62,814,7,2.445515223203314,-2.445515223203314,3.883826653326657,2.3842454307989853,0.5756887254563654,4.300185244530784,0.4440265444015707
cmaes,62,815,8,2.3788746031880197,-2.3788746031880197,3.883826653326657,2.3842454307989853,0.5756887254563654,4.300185244530784,0.4440265444015707
cmaes,62,816,9,2.0595227289303972,-2.0595227289303972,3.883826653326657,2.3842454307989853,0.5756887254563654,4.300185244530784,0.4440265444015707
cmaes,62,817,10,1.660166044441196,-1.660166044441196,3.883826653326657,2.3842454307989853,0.5756887254563654,4.300185244530784,0.4440265444015707
cmaes,62,818,11,3.883826653326657,-3.883826653326657,3.883826653326657,2.3842454307989853,0.5756887254563654,4.300185244530784,0.4440265444015707
cmaes,62,819,12,2.066256425463073,-2.066256425463073,3.883826653326657,2.3842454307989853,0.5756887254563654,4.300185244530784,0.4440265444015707
cmaes,63,820,0,2.3692593772547483,-2.3692593772547483,2.9460899321759233,2.4340876182452074,0.36936406061835036,4.300185244530784,0.4481080087291728
cmaes,63,821,1,2.4762396080186893,-2.4762396080186893,2.9460899321759233,2.4340876182452074,0.36936406061835036,4.300185244530784,0.4481080087291728
cmaes,63,822,2,2.1390358262380658,-2.1390358262380658,2.9460899321759233,2.4340876182452074,0.36936406061835036,4.300185244530784,0.4481080087291728
cmaes,63,823,3,1.999706154973493,-1.999706154973493,2.9460899321759233,2.4340876182452074,0.36936406061835036,4.300185244530784,0.4481080087291728
cmaes,63,824,4,1.6745252429257456,-1.6745252429257456,2.9460899321759233,2.4340876182452074,0.36936406061835036,4.300185244530784,0.4481080087291728
cmaes,63,825,5,2.7535608492077652,-2.7535608492077652,2.9460899321759233,2.4340876182452074,0.36936406061835036,4.300185244530784,0.4481080087291728
cmaes,63,826,6,2.7651159601654807,-2.7651159601654807,2.9460899321759233,2.4340876182452074,0.36936406061835036,4.300185244530784,0.4481080087291728
cmaes,63,827,7,2.9359874054945103,-2.9359874054945103,2.9460899321759233,2.4340876182452074,0.36936406061835036,4.300185244530784,0.4481080087291728
cmaes,63,828,8,2.676844336126334,-2.676844336126334,2.9460899321759233,2.4340876182452074,0.36936406061835036,4.300185244530784,0.4481080087291728
cmaes,63,829,9,2.5233146682258045,-2.5233146682258045,2.9460899321759233,2.4340876182452074,0.36936406061835036,4.300185244530784,0.4481080087291728
cmaes,63,830,10,2.1423807757747455,-2.1423807757747455,2.9460899321759233,2.4340876182452074,0.36936406061835036,4.300185244530784,0.4481080087291728
cmaes,63,831,11,2.9460899321759233,-2.9460899321759233,2.9460899321759233,2.4340876182452074,0.36936406061835036,4.300185244530784,0.4481080087291728
cmaes,63,832,12,2.241078900606391,-2.241078900606391,2.9460899321759233,2.4340876182452074,0.36936406061835036,4.300185244530784,0.4481080087291728
cmaes,64,833,0,2.228154685648172,-2.228154685648172,3.0198993975268746,2.1588317730157414,0.3823072105079007,4.300185244530784,0.4489130114536679
cmaes,64,834,1,1.9689567269394201,-1.9689567269394201,3.0198993975268746,2.1588317730157414,0.3823072105079007,4.300185244530784,0.4489130114536679
cmaes,64,835,2,2.425302962350212,-2.425302962350212,3.0198993975268746,2.1588317730157414,0.3823072105079007,4.300185244530784,0.4489130114536679
cmaes,64,836,3,1.9130876074058127,-1.9130876074058127,3.0198993975268746,2.1588317730157414,0.3823072105079007,4.300185244530784,0.4489130114536679
cmaes,64,837,4,1.9023541438112241,-1.9023541438112241,3.0198993975268746,2.1588317730157414,0.3823072105079007,4.300185244530784,0.4489130114536679
cmaes,64,838,5,2.186919316276954,-2.186919316276954,3.0198993975268746,2.1588317730157414,0.3823072105079007,4.300185244530784,0.4489130114536679
cmaes,64,839,6,1.7007840840357014,-1.7007840840357014,3.0198993975268746,2.1588317730157414,0.3823072105079007,4.300185244530784,0.4489130114536679
cmaes,64,840,7,1.523128341736004,-1.523128341736004,3.0198993975268746,2.1588317730157414,0.3823072105079007,4.300185244530784,0.4489130114536679
cmaes,64,841,8,2.0833244385880842,-2.0833244385880842,3.0198993975268746,2.1588317730157414,0.3823072105079007,4.300185244530784,0.4489130114536679
cmaes,64,842,9,3.0198993975268746,-3.0198993975268746,3.0198993975268746,2.1588317730157414,0.3823072105079007,4.300185244530784,0.4489130114536679
cmaes,64,843,10,2.1903079409195247,-2.1903079409195247,3.0198993975268746,2.1588317730157414,0.3823072105079007,4.300185244530784,0.4489130114536679
cmaes,64,844,11,2.2202434887839595,-2.2202434887839595,3.0198993975268746,2.1588317730157414,0.3823072105079007,4.300185244530784,0.4489130114536679
cmaes,64,845,12,2.702349915182695,-2.702349915182695,3.0198993975268746,2.1588317730157414,0.3823072105079007,4.300185244530784,0.4489130114536679
cmaes,65,846,0,2.8694323376034636,-2.8694323376034636,3.929706729273919,2.536404564806086,0.6181251302275985,4.300185244530784,0.45070711907406374
cmaes,65,847,1,2.187809048256196,-2.187809048256196,3.929706729273919,2.536404564806086,0.6181251302275985,4.300185244530784,0.45070711907406374
cmaes,65,848,2,2.405535349260654,-2.405535349260654,3.929706729273919,2.536404564806086,0.6181251302275985,4.300185244530784,0.45070711907406374
cmaes,65,849,3,2.567659187622665,-2.567659187622665,3.929706729273919,2.536404564806086,0.6181251302275985,4.300185244530784,0.45070711907406374
cmaes,65,850,4,1.6401010955565163,-1.6401010955565163,3.929706729273919,2.536404564806086,0.6181251302275985,4.300185244530784,0.45070711907406374
cmaes,65,851,5,3.271428321387084,-3.271428321387084,3.929706729273919,2.536404564806086,0.6181251302275985,4.300185244530784,0.45070711907406374
cmaes,65,852,6,1.6999227996277941,-1.6999227996277941,3.929706729273919,2.536404564806086,0.6181251302275985,4.300185244530784,0.45070711907406374
cmaes,65,853,7,3.929706729273919,-3.929706729273919,3.929706729273919,2.536404564806086,0.6181251302275985,4.300185244530784,0.45070711907406374
cmaes,65,854,8,2.1561125684051845,-2.1561125684051845,3.929706729273919,2.536404564806086,0.6181251302275985,4.300185244530784,0.45070711907406374
cmaes,65,855,9,2.4080287162536202,-2.4080287162536202,3.929706729273919,2.536404564806086,0.6181251302275985,4.300185244530784,0.45070711907406374
cmaes,65,856,10,2.4268114484024186,-2.4268114484024186,3.929706729273919,2.536404564806086,0.6181251302275985,4.300185244530784,0.45070711907406374
cmaes,65,857,11,3.206194300039949,-3.206194300039949,3.929706729273919,2.536404564806086,0.6181251302275985,4.300185244530784,0.45070711907406374
cmaes,65,858,12,2.2045174407896484,-2.2045174407896484,3.929706729273919,2.536404564806086,0.6181251302275985,4.300185244530784,0.45070711907406374
cmaes,66,859,0,3.145072997547939,-3.145072997547939,3.78311097162747,2.4311655026017878,0.6151079382170018,4.300185244530784,0.4674515799250556
cmaes,66,860,1,1.874851971820778,-1.874851971820778,3.78311097162747,2.4311655026017878,0.6151079382170018,4.300185244530784,0.4674515799250556
cmaes,66,861,2,1.8622191649071163,-1.8622191649071163,3.78311097162747,2.4311655026017878,0.6151079382170018,4.300185244530784,0.4674515799250556
cmaes,66,862,3,3.78311097162747,-3.78311097162747,3.78311097162747,2.4311655026017878,0.6151079382170018,4.300185244530784,0.4674515799250556
cmaes,66,863,4,2.653216941932557,-2.653216941932557,3.78311097162747,2.4311655026017878,0.6151079382170018,4.300185244530784,0.4674515799250556
cmaes,66,864,5,2.5917047764864893,-2.5917047764864893,3.78311097162747,2.4311655026017878,0.6151079382170018,4.300185244530784,0.4674515799250556
cmaes,66,865,6,2.3425587104502337,-2.3425587104502337,3.78311097162747,2.4311655026017878,0.6151079382170018,4.300185244530784,0.4674515799250556
cmaes,66,866,7,2.19629642797991,-2.19629642797991,3.78311097162747,2.4311655026017878,0.6151079382170018,4.300185244530784,0.4674515799250556
cmaes,66,867,8,1.8296262220173158,-1.8296262220173158,3.78311097162747,2.4311655026017878,0.6151079382170018,4.300185244530784,0.4674515799250556
cmaes,66,868,9,1.903413039990905,-1.903413039990905,3.78311097162747,2.4311655026017878,0.6151079382170018,4.300185244530784,0.4674515799250556
cmaes,66,869,10,2.9706001190996383,-2.9706001190996383,3.78311097162747,2.4311655026017878,0.6151079382170018,4.300185244530784,0.4674515799250556
cmaes,66,870,11,2.856557823018101,-2.856557823018101,3.78311097162747,2.4311655026017878,0.6151079382170018,4.300185244530784,0.4674515799250556
cmaes,66,871,12,1.5959223669447888,-1.5959223669447888,3.78311097162747,2.4311655026017878,0.6151079382170018,4.300185244530784,0.4674515799250556
cmaes,67,872,0,2.5496629465436276,-2.5496629465436276,3.103063577946633,2.414388668228633,0.46928808016273627,4.300185244530784,0.47587888267295286
cmaes,67,873,1,1.4361904441703977,-1.4361904441703977,3.103063577946633,2.414388668228633,0.46928808016273627,4.300185244530784,0.47587888267295286
cmaes,67,874,2,2.1821698232056224,-2.1821698232056224,3.103063577946633,2.414388668228633,0.46928808016273627,4.300185244530784,0.47587888267295286
cmaes,67,875,3,2.589586385374057,-2.589586385374057,3.103063577946633,2.414388668228633,0.46928808016273627,4.300185244530784,0.47587888267295286
cmaes,67,876,4,2.8223766407397903,-2.8223766407397903,3.103063577946633,2.414388668228633,0.46928808016273627,4.300185244530784,0.47587888267295286
cmaes,67,877,5,2.9801117673385584,-2.9801117673385584,3.103063577946633,2.414388668228633,0.46928808016273627,4.300185244530784,0.47587888267295286
cmaes,67,878,6,1.7939894782211752,-1.7939894782211752,3.103063577946633,2.414388668228633,0.46928808016273627,4.300185244530784,0.47587888267295286
cmaes,67,879,7,1.9497986955284454,-1.9497986955284454,3.103063577946633,2.414388668228633,0.46928808016273627,4.300185244530784,0.47587888267295286
cmaes,67,880,8,2.5175012044714182,-2.5175012044714182,3.103063577946633,2.414388668228633,0.46928808016273627,4.300185244530784,0.47587888267295286
cmaes,67,881,9,2.110002411096377,-2.110002411096377,3.103063577946633,2.414388668228633,0.46928808016273627,4.300185244530784,0.47587888267295286
cmaes,67,882,10,2.6515071073223218,-2.6515071073223218,3.103063577946633,2.414388668228633,0.46928808016273627,4.300185244530784,0.47587888267295286
cmaes,67,883,11,2.701092205013811,-2.701092205013811,3.103063577946633,2.414388668228633,0.46928808016273627,4.300185244530784,0.47587888267295286
cmaes,67,884,12,3.103063577946633,-3.103063577946633,3.103063577946633,2.414388668228633,0.46928808016273627,4.300185244530784,0.47587888267295286
cmaes,68,885,0,2.7261214074355156,-2.7261214074355156,3.2071671265910635,2.282133639489447,0.5281429374560296,4.300185244530784,0.48444913067407164
cmaes,68,886,1,2.290887673643176,-2.290887673643176,3.2071671265910635,2.282133639489447,0.5281429374560296,4.300185244530784,0.48444913067407164
cmaes,68,887,2,2.2426918495750026,-2.2426918495750026,3.2071671265910635,2.282133639489447,0.5281429374560296,4.300185244530784,0.48444913067407164
cmaes,68,888,3,2.99378549568725,-2.99378549568725,3.2071671265910635,2.282133639489447,0.5281429374560296,4.300185244530784,0.48444913067407164
cmaes,68,889,4,3.083847264621939,-3.083847264621939,3.2071671265910635,2.282133639489447,0.5281429374560296,4.300185244530784,0.48444913067407164
cmaes,68,890,5,3.2071671265910635,-3.2071671265910635,3.2071671265910635,2.282133639489447,0.5281429374560296,4.300185244530784,0.48444913067407164
cmaes,68,891,6,1.6679972647211208,-1.6679972647211208,3.2071671265910635,2.282133639489447,0.5281429374560296,4.300185244530784,0.48444913067407164
cmaes,68,892,7,1.7864374910806184,-1.7864374910806184,3.2071671265910635,2.282133639489447,0.5281429374560296,4.300185244530784,0.48444913067407164
cmaes,68,893,8,2.2190726442203834,-2.2190726442203834,3.2071671265910635,2.282133639489447,0.5281429374560296,4.300185244530784,0.48444913067407164
cmaes,68,894,9,1.6325127201608234,-1.6325127201608234,3.2071671265910635,2.282133639489447,0.5281429374560296,4.300185244530784,0.48444913067407164
cmaes,68,895,10,1.9195808872610383,-1.9195808872610383,3.2071671265910635,2.282133639489447,0.5281429374560296,4.300185244530784,0.48444913067407164
cmaes,68,896,11,1.8487893107105988,-1.8487893107105988,3.2071671265910635,2.282133639489447,0.5281429374560296,4.300185244530784,0.48444913067407164
cmaes,68,897,12,2.048846177654284,-2.048846177654284,3.2071671265910635,2.282133639489447,0.5281429374560296,4.300185244530784,0.48444913067407164
cmaes,69,898,0,2.729586707543163,-2.729586707543163,2.979560339259237,2.2459656944194397,0.3750815703397013,4.300185244530784,0.49072803105078144
cmaes,69,899,1,1.7616513017035353,-1.7616513017035353,2.979560339259237,2.2459656944194397,0.3750815703397013,4.300185244530784,0.49072803105078144
cmaes,69,900,2,2.162169744914103,-2.162169744914103,2.979560339259237,2.2459656944194397,0.3750815703397013,4.300185244530784,0.49072803105078144
cmaes,69,901,3,1.810104262837784,-1.810104262837784,2.979560339259237,2.2459656944194397,0.3750815703397013,4.300185244530784,0.49072803105078144
cmaes,69,902,4,2.979560339259237,-2.979560339259237,2.979560339259237,2.2459656944194397,0.3750815703397013,4.300185244530784,0.49072803105078144
cmaes,69,903,5,2.4662750124921606,-2.4662750124921606,2.979560339259237,2.2459656944194397,0.3750815703397013,4.300185244530784,0.49072803105078144
cmaes,69,904,6,2.091480229872547,-2.091480229872547,2.979560339259237,2.2459656944194397,0.3750815703397013,4.300185244530784,0.49072803105078144
cmaes,69,905,7,2.07794640201922,-2.07794640201922,2.979560339259237,2.2459656944194397,0.3750815703397013,4.300185244530784,0.49072803105078144
cmaes,69,906,8,2.6699716695704954,-2.6699716695704954,2.979560339259237,2.2459656944194397,0.3750815703397013,4.300185244530784,0.49072803105078144
cmaes,69,907,9,2.177493857420859,-2.177493857420859,2.979560339259237,2.2459656944194397,0.3750815703397013,4.300185244530784,0.49072803105078144
cmaes,69,908,10,2.3035184577805863,-2.3035184577805863,2.979560339259237,2.2459656944194397,0.3750815703397013,4.300185244530784,0.49072803105078144
cmaes,69,909,11,2.299761506143191,-2.299761506143191,2.979560339259237,2.2459656944194397,0.3750815703397013,4.300185244530784,0.49072803105078144
cmaes,69,910,12,1.6680345358958362,-1.6680345358958362,2.979560339259237,2.2459656944194397,0.3750815703397013,4.300185244530784,0.49072803105078144
cmaes,70,911,0,1.5512053785215927,-1.5512053785215927,3.4943854291914938,2.120896311011946,0.4978642518845672,4.300185244530784,0.49390210733994583
cmaes,70,912,1,3.4943854291914938,-3.4943854291914938,3.4943854291914938,2.120896311011946,0.4978642518845672,4.300185244530784,0.49390210733994583
cmaes,70,913,2,2.5263826532770457,-2.5263826532770457,3.4943854291914938,2.120896311011946,0.4978642518845672,4.300185244530784,0.49390210733994583
cmaes,70,914,3,1.4512217492863806,-1.4512217492863806,3.4943854291914938,2.120896311011946,0.4978642518845672,4.300185244530784,0.49390210733994583
cmaes,70,915,4,1.9363463103736323,-1.9363463103736323,3.4943854291914938,2.120896311011946,0.4978642518845672,4.300185244530784,0.49390210733994583
cmaes,70,916,5,2.1641989904140564,-2.1641989904140564,3.4943854291914938,2.120896311011946,0.4978642518845672,4.300185244530784,0.49390210733994583
cmaes,70,917,6,1.9041606515400542,-1.9041606515400542,3.4943854291914938,2.120896311011946,0.4978642518845672,4.300185244530784,0.49390210733994583
cmaes,70,918,7,2.0581378046733874,-2.0581378046733874,3.4943854291914938,2.120896311011946,0.4978642518845672,4.300185244530784,0.49390210733994583
cmaes,70,919,8,1.7646157734112076,-1.7646157734112076,3.4943854291914938,2.120896311011946,0.4978642518845672,4.300185244530784,0.49390210733994583
cmaes,70,920,9,2.052930580340395,-2.052930580340395,3.4943854291914938,2.120896311011946,0.4978642518845672,4.300185244530784,0.49390210733994583
cmaes,70,921,10,2.4666021792381114,-2.4666021792381114,3.4943854291914938,2.120896311011946,0.4978642518845672,4.300185244530784,0.49390210733994583
cmaes,70,922,11,1.9280134581337847,-1.9280134581337847,3.4943854291914938,2.120896311011946,0.4978642518845672,4.300185244530784,0.49390210733994583
cmaes,70,923,12,2.2734510847541616,-2.2734510847541616,3.4943854291914938,2.120896311011946,0.4978642518845672,4.300185244530784,0.49390210733994583
cmaes,71,924,0,1.8212103268013375,-1.8212103268013375,2.8265043290838316,2.1894769019247713,0.3183312978819284,4.300185244530784,0.49747634758408993
cmaes,71,925,1,1.9028191162183525,-1.9028191162183525,2.8265043290838316,2.1894769019247713,0.3183312978819284,4.300185244530784,0.49747634758408993
cmaes,71,926,2,2.164832701365008,-2.164832701365008,2.8265043290838316,2.1894769019247713,0.3183312978819284,4.300185244530784,0.49747634758408993
cmaes,71,927,3,2.6723548596437956,-2.6723548596437956,2.8265043290838316,2.1894769019247713,0.3183312978819284,4.300185244530784,0.49747634758408993
cmaes,71,928,4,1.839837269986133,-1.839837269986133,2.8265043290838316,2.1894769019247713,0.3183312978819284,4.300185244530784,0.49747634758408993
cmaes,71,929,5,2.178010882932253,-2.178010882932253,2.8265043290838316,2.1894769019247713,0.3183312978819284,4.300185244530784,0.49747634758408993
cmaes,71,930,6,2.4908342766594704,-2.4908342766594704,2.8265043290838316,2.1894769019247713,0.3183312978819284,4.300185244530784,0.49747634758408993
cmaes,71,931,7,1.7489411841274725,-1.7489411841274725,2.8265043290838316,2.1894769019247713,0.3183312978819284,4.300185244530784,0.49747634758408993
cmaes,71,932,8,2.0959564862907034,-2.0959564862907034,2.8265043290838316,2.1894769019247713,0.3183312978819284,4.300185244530784,0.49747634758408993
cmaes,71,933,9,2.08816813010836,-2.08816813010836,2.8265043290838316,2.1894769019247713,0.3183312978819284,4.300185244530784,0.49747634758408993
cmaes,71,934,10,2.8265043290838316,-2.8265043290838316,2.8265043290838316,2.1894769019247713,0.3183312978819284,4.300185244530784,0.49747634758408993
cmaes,71,935,11,2.291916331320512,-2.291916331320512,2.8265043290838316,2.1894769019247713,0.3183312978819284,4.300185244530784,0.49747634758408993
cmaes,71,936,12,2.341813830484799,-2.341813830484799,2.8265043290838316,2.1894769019247713,0.3183312978819284,4.300185244530784,0.49747634758408993
cmaes,72,937,0,2.2907872217154357,-2.2907872217154357,3.808047970287216,2.1630856948890798,0.6518329009794032,4.300185244530784,0.48184821203004913
cmaes,72,938,1,1.8601788880322954,-1.8601788880322954,3.808047970287216,2.1630856948890798,0.6518329009794032,4.300185244530784,0.48184821203004913
cmaes,72,939,2,1.6772530748711534,-1.6772530748711534,3.808047970287216,2.1630856948890798,0.6518329009794032,4.300185244530784,0.48184821203004913
cmaes,72,940,3,2.045409716803966,-2.045409716803966,3.808047970287216,2.1630856948890798,0.6518329009794032,4.300185244530784,0.48184821203004913
cmaes,72,941,4,1.689375078831199,-1.689375078831199,3.808047970287216,2.1630856948890798,0.6518329009794032,4.300185244530784,0.48184821203004913
cmaes,72,942,5,1.6326524399075264,-1.6326524399075264,3.808047970287216,2.1630856948890798,0.6518329009794032,4.300185244530784,0.48184821203004913
cmaes,72,943,6,3.0165200453688743,-3.0165200453688743,3.808047970287216,2.1630856948890798,0.6518329009794032,4.300185244530784,0.48184821203004913
cmaes,72,944,7,1.530494664179131,-1.530494664179131,3.808047970287216,2.1630856948890798,0.6518329009794032,4.300185244530784,0.48184821203004913
cmaes,72,945,8,1.859968479732848,-1.859968479732848,3.808047970287216,2.1630856948890798,0.6518329009794032,4.300185244530784,0.48184821203004913
cmaes,72,946,9,3.808047970287216,-3.808047970287216,3.808047970287216,2.1630856948890798,0.6518329009794032,4.300185244530784,0.48184821203004913
cmaes,72,947,10,2.923412527110904,-2.923412527110904,3.808047970287216,2.1630856948890798,0.6518329009794032,4.300185244530784,0.48184821203004913
cmaes,72,948,11,1.8239676268151717,-1.8239676268151717,3.808047970287216,2.1630856948890798,0.6518329009794032,4.300185244530784,0.48184821203004913
cmaes,72,949,12,1.9620462999023123,-1.9620462999023123,3.808047970287216,2.1630856948890798,0.6518329009794032,4.300185244530784,0.48184821203004913
cmaes,73,950,0,2.418781478907214,-2.418781478907214,3.090960855124864,2.111087210024223,0.39003641834507097,4.300185244530784,0.4642172988578277
cmaes,73,951,1,2.142755539788992,-2.142755539788992,3.090960855124864,2.111087210024223,0.39003641834507097,4.300185244530784,0.4642172988578277
cmaes,73,952,2,2.0561999665356168,-2.0561999665356168,3.090960855124864,2.111087210024223,0.39003641834507097,4.300185244530784,0.4642172988578277
cmaes,73,953,3,1.852878719061627,-1.852878719061627,3.090960855124864,2.111087210024223,0.39003641834507097,4.300185244530784,0.4642172988578277
cmaes,73,954,4,2.163022188777074,-2.163022188777074,3.090960855124864,2.111087210024223,0.39003641834507097,4.300185244530784,0.4642172988578277
cmaes,73,955,5,2.0134619777596736,-2.0134619777596736,3.090960855124864,2.111087210024223,0.39003641834507097,4.300185244530784,0.4642172988578277
cmaes,73,956,6,2.1248753780076224,-2.1248753780076224,3.090960855124864,2.111087210024223,0.39003641834507097,4.300185244530784,0.4642172988578277
cmaes,73,957,7,3.090960855124864,-3.090960855124864,3.090960855124864,2.111087210024223,0.39003641834507097,4.300185244530784,0.4642172988578277
cmaes,73,958,8,1.48413039594408,-1.48413039594408,3.090960855124864,2.111087210024223,0.39003641834507097,4.300185244530784,0.4642172988578277
cmaes,73,959,9,2.223380845860528,-2.223380845860528,3.090960855124864,2.111087210024223,0.39003641834507097,4.300185244530784,0.4642172988578277
cmaes,73,960,10,2.4477362563894562,-2.4477362563894562,3.090960855124864,2.111087210024223,0.39003641834507097,4.300185244530784,0.4642172988578277
cmaes,73,961,11,1.6697768724220927,-1.6697768724220927,3.090960855124864,2.111087210024223,0.39003641834507097,4.300185244530784,0.4642172988578277
cmaes,73,962,12,1.7561732557360468,-1.7561732557360468,3.090960855124864,2.111087210024223,0.39003641834507097,4.300185244530784,0.4642172988578277
cmaes,74,963,0,1.984589957285472,-1.984589957285472,2.671443449094102,2.090973993191244,0.3445746504886979,4.300185244530784,0.4519054396605943
cmaes,74,964,1,2.2868872374170213,-2.2868872374170213,2.671443449094102,2.090973993191244,0.3445746504886979,4.300185244530784,0.4519054396605943
cmaes,74,965,2,2.302685514136056,-2.302685514136056,2.671443449094102,2.090973993191244,0.3445746504886979,4.300185244530784,0.4519054396605943
cmaes,74,966,3,1.5717843896699666,-1.5717843896699666,2.671443449094102,2.090973993191244,0.3445746504886979,4.300185244530784,0.4519054396605943
cmaes,74,967,4,2.3863330378450813,-2.3863330378450813,2.671443449094102,2.090973993191244,0.3445746504886979,4.300185244530784,0.4519054396605943
cmaes,74,968,5,2.165204514742314,-2.165204514742314,2.671443449094102,2.090973993191244,0.3445746504886979,4.300185244530784,0.4519054396605943
cmaes,74,969,6,1.7298168466467148,-1.7298168466467148,2.671443449094102,2.090973993191244,0.3445746504886979,4.300185244530784,0.4519054396605943
cmaes,74,970,7,2.4257346350822595,-2.4257346350822595,2.671443449094102,2.090973993191244,0.3445746504886979,4.300185244530784,0.4519054396605943
cmaes,74,971,8,1.6811940211900418,-1.6811940211900418,2.671443449094102,2.090973993191244,0.3445746504886979,4.300185244530784,0.4519054396605943
cmaes,74,972,9,2.671443449094102,-2.671443449094102,2.671443449094102,2.090973993191244,0.3445746504886979,4.300185244530784,0.4519054396605943
cmaes,74,973,10,2.1322420976011327,-2.1322420976011327,2.671443449094102,2.090973993191244,0.3445746504886979,4.300185244530784,0.4519054396605943
cmaes,74,974,11,2.297050629862799,-2.297050629862799,2.671443449094102,2.090973993191244,0.3445746504886979,4.300185244530784,0.4519054396605943
cmaes,74,975,12,1.5476955809132136,-1.5476955809132136,2.671443449094102,2.090973993191244,0.3445746504886979,4.300185244530784,0.4519054396605943
cmaes,75,976,0,2.5390139343413294,-2.5390139343413294,3.2719211666854897,2.2870707719849004,0.48739317590410863,4.300185244530784,0.4384035439576303
cmaes,75,977,1,3.2719211666854897,-3.2719211666854897,3.2719211666854897,2.2870707719849004,0.48739317590410863,4.300185244530784,0.4384035439576303
cmaes,75,978,2,2.3709881393169194,-2.3709881393169194,3.2719211666854897,2.2870707719849004,0.48739317590410863,4.300185244530784,0.4384035439576303
cmaes,75,979,3,2.074205554133814,-2.074205554133814,3.2719211666854897,2.2870707719849004,0.48739317590410863,4.300185244530784,0.4384035439576303
cmaes,75,980,4,2.0122409319683885,-2.0122409319683885,3.2719211666854897,2.2870707719849004,0.48739317590410863,4.300185244530784,0.4384035439576303
cmaes,75,981,5,2.4794819984559426,-2.4794819984559426,3.2719211666854897,2.2870707719849004,0.48739317590410863,4.300185244530784,0.4384035439576303
cmaes,75,982,6,3.176946184227118,-3.176946184227118,3.2719211666854897,2.2870707719849004,0.48739317590410863,4.300185244530784,0.4384035439576303
cmaes,75,983,7,1.5696784266404753,-1.5696784266404753,3.2719211666854897,2.2870707719849004,0.48739317590410863,4.300185244530784,0.4384035439576303
cmaes,75,984,8,1.8286959234419355,-1.8286959234419355,3.2719211666854897,2.2870707719849004,0.48739317590410863,4.300185244530784,0.4384035439576303
cmaes,75,985,9,2.1149443124311946,-2.1149443124311946,3.2719211666854897,2.2870707719849004,0.48739317590410863,4.300185244530784,0.4384035439576303
cmaes,75,986,10,2.4430781139395883,-2.4430781139395883,3.2719211666854897,2.2870707719849004,0.48739317590410863,4.300185244530784,0.4384035439576303
cmaes,75,987,11,1.7556634299348874,-1.7556634299348874,3.2719211666854897,2.2870707719849004,0.48739317590410863,4.300185244530784,0.4384035439576303
cmaes,75,988,12,2.0950619202866196,-2.0950619202866196,3.2719211666854897,2.2870707719849004,0.48739317590410863,4.300185244530784,0.4384035439576303
cmaes,76,989,0,1.6608530997160782,-1.6608530997160782,2.5168368487892256,1.8944769999455413,0.28919459887148524,4.300185244530784,0.4239248862658073
cmaes,76,990,1,1.9182599734390446,-1.9182599734390446,2.5168368487892256,1.8944769999455413,0.28919459887148524,4.300185244530784,0.4239248862658073
cmaes,76,991,2,2.5168368487892256,-2.5168368487892256,2.5168368487892256,1.8944769999455413,0.28919459887148524,4.300185244530784,0.4239248862658073
cmaes,76,992,3,1.9993972479305269,-1.9993972479305269,2.5168368487892256,1.8944769999455413,0.28919459887148524,4.300185244530784,0.4239248862658073
cmaes,76,993,4,2.0223996878566237,-2.0223996878566237,2.5168368487892256,1.8944769999455413,0.28919459887148524,4.300185244530784,0.4239248862658073
cmaes,76,994,5,2.300186316197857,-2.300186316197857,2.5168368487892256,1.8944769999455413,0.28919459887148524,4.300185244530784,0.4239248862658073
cmaes,76,995,6,1.6918241717636142,-1.6918241717636142,2.5168368487892256,1.8944769999455413,0.28919459887148524,4.300185244530784,0.4239248862658073
cmaes,76,996,7,1.5589474558319696,-1.5589474558319696,2.5168368487892256,1.8944769999455413,0.28919459887148524,4.300185244530784,0.4239248862658073
cmaes,76,997,8,1.5912427851456556,-1.5912427851456556,2.5168368487892256,1.8944769999455413,0.28919459887148524,4.300185244530784,0.4239248862658073
cmaes,76,998,9,2.1080436861404155,-2.1080436861404155,2.5168368487892256,1.8944769999455413,0.28919459887148524,4.300185244530784,0.4239248862658073
cmaes,76,999,10,2.013622910327091,-2.013622910327091,2.5168368487892256,1.8944769999455413,0.28919459887148524,4.300185244530784,0.4239248862658073
cmaes,76,1000,11,1.6355175068560426,-1.6355175068560426,2.5168368487892256,1.8944769999455413,0.28919459887148524,4.300185244530784,0.4239248862658073
cmaes,76,1001,12,1.6110693092978932,-1.6110693092978932,2.5168368487892256,1.8944769999455413,0.28919459887148524,4.300185244530784,0.4239248862658073
cmaes,77,1002,0,2.445138852878433,-2.445138852878433,2.925472964388341,2.204218745675163,0.5148050919037801,4.300185244530784,0.40929420300423935
cmaes,77,1003,1,1.508430260443135,-1.508430260443135,2.925472964388341,2.204218745675163,0.5148050919037801,4.300185244530784,0.40929420300423935
cmaes,77,1004,2,1.5636828387948527,-1.5636828387948527,2.925472964388341,2.204218745675163,0.5148050919037801,4.300185244530784,0.40929420300423935
cmaes,77,1005,3,1.6999762163853447,-1.6999762163853447,2.925472964388341,2.204218745675163,0.5148050919037801,4.300185244530784,0.40929420300423935
cmaes,77,1006,4,2.905658274405856,-2.905658274405856,2.925472964388341,2.204218745675163,0.5148050919037801,4.300185244530784,0.40929420300423935
cmaes,77,1007,5,2.2269650961868113,-2.2269650961868113,2.925472964388341,2.204218745675163,0.5148050919037801,4.300185244530784,0.40929420300423935
cmaes,77,1008,6,2.80194873667783,-2.80194873667783,2.925472964388341,2.204218745675163,0.5148050919037801,4.300185244530784,0.40929420300423935
cmaes,77,1009,7,2.044604043928938,-2.044604043928938,2.925472964388341,2.204218745675163,0.5148050919037801,4.300185244530784,0.40929420300423935
cmaes,77,1010,8,2.720823957176274,-2.720823957176274,2.925472964388341,2.204218745675163,0.5148050919037801,4.300185244530784,0.40929420300423935
cmaes,77,1011,9,2.4062867329328297,-2.4062867329328297,2.925472964388341,2.204218745675163,0.5148050919037801,4.300185244530784,0.40929420300423935
cmaes,77,1012,10,1.5748520790944882,-1.5748520790944882,2.925472964388341,2.204218745675163,0.5148050919037801,4.300185244530784,0.40929420300423935
cmaes,77,1013,11,2.925472964388341,-2.925472964388341,2.925472964388341,2.204218745675163,0.5148050919037801,4.300185244530784,0.40929420300423935
cmaes,77,1014,12,1.8310036404839842,-1.8310036404839842,2.925472964388341,2.204218745675163,0.5148050919037801,4.300185244530784,0.40929420300423935
cmaes,78,1015,0,2.4123800737331327,-2.4123800737331327,2.4553786601303256,2.0229958172163984,0.28848090943219656,4.300185244530784,0.3858843333433036
cmaes,78,1016,1,1.6783294796735995,-1.6783294796735995,2.4553786601303256,2.0229958172163984,0.28848090943219656,4.300185244530784,0.3858843333433036
cmaes,78,1017,2,2.111296772973626,-2.111296772973626,2.4553786601303256,2.0229958172163984,0.28848090943219656,4.300185244530784,0.3858843333433036
cmaes,78,1018,3,1.555376937446624,-1.555376937446624,2.4553786601303256,2.0229958172163984,0.28848090943219656,4.300185244530784,0.3858843333433036
cmaes,78,1019,4,2.179169404695463,-2.179169404695463,2.4553786601303256,2.0229958172163984,0.28848090943219656,4.300185244530784,0.3858843333433036
cmaes,78,1020,5,2.0752850198031316,-2.0752850198031316,2.4553786601303256,2.0229958172163984,0.28848090943219656,4.300185244530784,0.3858843333433036
cmaes,78,1021,6,2.418047082775098,-2.418047082775098,2.4553786601303256,2.0229958172163984,0.28848090943219656,4.300185244530784,0.3858843333433036
cmaes,78,1022,7,1.703532321842001,-1.703532321842001,2.4553786601303256,2.0229958172163984,0.28848090943219656,4.300185244530784,0.3858843333433036
cmaes,78,1023,8,1.9123264660739392,-1.9123264660739392,2.4553786601303256,2.0229958172163984,0.28848090943219656,4.300185244530784,0.3858843333433036
cmaes,78,1024,9,2.0424372044230603,-2.0424372044230603,2.4553786601303256,2.0229958172163984,0.28848090943219656,4.300185244530784,0.3858843333433036
cmaes,78,1025,10,2.4553786601303256,-2.4553786601303256,2.4553786601303256,2.0229958172163984,0.28848090943219656,4.300185244530784,0.3858843333433036
cmaes,78,1026,11,1.707482252728256,-1.707482252728256,2.4553786601303256,2.0229958172163984,0.28848090943219656,4.300185244530784,0.3858843333433036
cmaes,78,1027,12,2.0479039475149228,-2.0479039475149228,2.4553786601303256,2.0229958172163984,0.28848090943219656,4.300185244530784,0.3858843333433036
cmaes,79,1028,0,3.295345192729274,-3.295345192729274,3.295345192729274,2.323324010935167,0.5598919824184991,4.300185244530784,0.37536412231594357
cmaes,79,1029,1,2.6008935907027326,-2.6008935907027326,3.295345192729274,2.323324010935167,0.5598919824184991,4.300185244530784,0.37536412231594357
cmaes,79,1030,2,1.837076599458079,-1.837076599458079,3.295345192729274,2.323324010935167,0.5598919824184991,4.300185244530784,0.37536412231594357
cmaes,79,1031,3,1.401316396501136,-1.401316396501136,3.295345192729274,2.323324010935167,0.5598919824184991,4.300185244530784,0.37536412231594357
cmaes,79,1032,4,2.6697835107039674,-2.6697835107039674,3.295345192729274,2.323324010935167,0.5598919824184991,4.300185244530784,0.37536412231594357
cmaes,79,1033,5,2.875306332682364,-2.875306332682364,3.295345192729274,2.323324010935167,0.5598919824184991,4.300185244530784,0.37536412231594357
cmaes,79,1034,6,2.799832242417269,-2.799832242417269,3.295345192729274,2.323324010935167,0.5598919824184991,4.300185244530784,0.37536412231594357
cmaes,79,1035,7,1.9859480360128605,-1.9859480360128605,3.295345192729274,2.323324010935167,0.5598919824184991,4.300185244530784,0.37536412231594357
cmaes,79,1036,8,1.9320007425506356,-1.9320007425506356,3.295345192729274,2.323324010935167,0.5598919824184991,4.300185244530784,0.37536412231594357
cmaes,79,1037,9,1.872109118629615,-1.872109118629615,3.295345192729274,2.323324010935167,0.5598919824184991,4.300185244530784,0.37536412231594357
cmaes,79,1038,10,2.3965631289732316,-2.3965631289732316,3.295345192729274,2.323324010935167,0.5598919824184991,4.300185244530784,0.37536412231594357
cmaes,79,1039,11,2.9139337863451273,-2.9139337863451273,3.295345192729274,2.323324010935167,0.5598919824184991,4.300185244530784,0.37536412231594357
cmaes,79,1040,12,1.6231034644508802,-1.6231034644508802,3.295345192729274,2.323324010935167,0.5598919824184991,4.300185244530784,0.37536412231594357
cmaes,80,1041,0,2.981171994057905,-2.981171994057905,3.212067876473869,2.3842611605115094,0.3892270794200112,4.300185244530784,0.3698307030172088
cmaes,80,1042,1,2.610380401984143,-2.610380401984143,3.212067876473869,2.3842611605115094,0.3892270794200112,4.300185244530784,0.3698307030172088
cmaes,80,1043,2,2.5313274401873676,-2.5313274401873676,3.212067876473869,2.3842611605115094,0.3892270794200112,4.300185244530784,0.3698307030172088
cmaes,80,1044,3,2.1605774557336135,-2.1605774557336135,3.212067876473869,2.3842611605115094,0.3892270794200112,4.300185244530784,0.3698307030172088
cmaes,80,1045,4,1.7487991618801322,-1.7487991618801322,3.212067876473869,2.3842611605115094,0.3892270794200112,4.300185244530784,0.3698307030172088
cmaes,80,1046,5,2.473026713161934,-2.473026713161934,3.212067876473869,2.3842611605115094,0.3892270794200112,4.300185244530784,0.3698307030172088
cmaes,80,1047,6,2.1593695848552548,-2.1593695848552548,3.212067876473869,2.3842611605115094,0.3892270794200112,4.300185244530784,0.3698307030172088
cmaes,80,1048,7,1.9339794125205652,-1.9339794125205652,3.212067876473869,2.3842611605115094,0.3892270794200112,4.300185244530784,0.3698307030172088
cmaes,80,1049,8,3.212067876473869,-3.212067876473869,3.212067876473869,2.3842611605115094,0.3892270794200112,4.300185244530784,0.3698307030172088
cmaes,80,1050,9,2.3692395541210076,-2.3692395541210076,3.212067876473869,2.3842611605115094,0.3892270794200112,4.300185244530784,0.3698307030172088
cmaes,80,1051,10,2.0908416626331854,-2.0908416626331854,3.212067876473869,2.3842611605115094,0.3892270794200112,4.300185244530784,0.3698307030172088
cmaes,80,1052,11,2.5247957925900177,-2.5247957925900177,3.212067876473869,2.3842611605115094,0.3892270794200112,4.300185244530784,0.3698307030172088
cmaes,80,1053,12,2.199818036450628,-2.199818036450628,3.212067876473869,2.3842611605115094,0.3892270794200112,4.300185244530784,0.3698307030172088
cmaes,81,1054,0,2.4055397747646454,-2.4055397747646454,3.462662225881386,2.1653896646292226,0.5000502077368341,4.300185244530784,0.3730164734814914
cmaes,81,1055,1,2.3418810854083683,-2.3418810854083683,3.462662225881386,2.1653896646292226,0.5000502077368341,4.300185244530784,0.3730164734814914
cmaes,81,1056,2,1.6865476856801978,-1.6865476856801978,3.462662225881386,2.1653896646292226,0.5000502077368341,4.300185244530784,0.3730164734814914
cmaes,81,1057,3,1.926573490440359,-1.926573490440359,3.462662225881386,2.1653896646292226,0.5000502077368341,4.300185244530784,0.3730164734814914
cmaes,81,1058,4,2.4163858083455843,-2.4163858083455843,3.462662225881386,2.1653896646292226,0.5000502077368341,4.300185244530784,0.3730164734814914
cmaes,81,1059,5,2.312616933313152,-2.312616933313152,3.462662225881386,2.1653896646292226,0.5000502077368341,4.300185244530784,0.3730164734814914
cmaes,81,1060,6,1.606282562162178,-1.606282562162178,3.462662225881386,2.1653896646292226,0.5000502077368341,4.300185244530784,0.3730164734814914
cmaes,81,1061,7,2.2822236662247892,-2.2822236662247892,3.462662225881386,2.1653896646292226,0.5000502077368341,4.300185244530784,0.3730164734814914
cmaes,81,1062,8,1.6660825346281043,-1.6660825346281043,3.462662225881386,2.1653896646292226,0.5000502077368341,4.300185244530784,0.3730164734814914
cmaes,81,1063,9,2.5687539438845337,-2.5687539438845337,3.462662225881386,2.1653896646292226,0.5000502077368341,4.300185244530784,0.3730164734814914
cmaes,81,1064,10,1.6981248153057666,-1.6981248153057666,3.462662225881386,2.1653896646292226,0.5000502077368341,4.300185244530784,0.3730164734814914
cmaes,81,1065,11,3.462662225881386,-3.462662225881386,3.462662225881386,2.1653896646292226,0.5000502077368341,4.300185244530784,0.3730164734814914
cmaes,81,1066,12,1.776391114140832,-1.776391114140832,3.462662225881386,2.1653896646292226,0.5000502077368341,4.300185244530784,0.3730164734814914
cmaes,82,1067,0,2.068185904910563,-2.068185904910563,2.8564588096829575,2.1861513250828044,0.274911650805256,4.300185244530784,0.3726190803702186
cmaes,82,1068,1,2.016950476823327,-2.016950476823327,2.8564588096829575,2.1861513250828044,0.274911650805256,4.300185244530784,0.3726190803702186
cmaes,82,1069,2,2.1270667031086576,-2.1270667031086576,2.8564588096829575,2.1861513250828044,0.274911650805256,4.300185244530784,0.3726190803702186
cmaes,82,1070,3,1.8735522974352963,-1.8735522974352963,2.8564588096829575,2.1861513250828044,0.274911650805256,4.300185244530784,0.3726190803702186
cmaes,82,1071,4,1.9400813158423804,-1.9400813158423804,2.8564588096829575,2.1861513250828044,0.274911650805256,4.300185244530784,0.3726190803702186
cmaes,82,1072,5,2.279373928028972,-2.279373928028972,2.8564588096829575,2.1861513250828044,0.274911650805256,4.300185244530784,0.3726190803702186
cmaes,82,1073,6,2.0593338577294613,-2.0593338577294613,2.8564588096829575,2.1861513250828044,0.274911650805256,4.300185244530784,0.3726190803702186
cmaes,82,1074,7,1.806204786856686,-1.806204786856686,2.8564588096829575,2.1861513250828044,0.274911650805256,4.300185244530784,0.3726190803702186
cmaes,82,1075,8,2.2188654655688143,-2.2188654655688143,2.8564588096829575,2.1861513250828044,0.274911650805256,4.300185244530784,0.3726190803702186
cmaes,82,1076,9,2.3591921949157713,-2.3591921949157713,2.8564588096829575,2.1861513250828044,0.274911650805256,4.300185244530784,0.3726190803702186
cmaes,82,1077,10,2.8564588096829575,-2.8564588096829575,2.8564588096829575,2.1861513250828044,0.274911650805256,4.300185244530784,0.3726190803702186
cmaes,82,1078,11,2.2831076311903256,-2.2831076311903256,2.8564588096829575,2.1861513250828044,0.274911650805256,4.300185244530784,0.3726190803702186
cmaes,82,1079,12,2.531593853983244,-2.531593853983244,2.8564588096829575,2.1861513250828044,0.274911650805256,4.300185244530784,0.3726190803702186
cmaes,83,1080,0,1.9851337610057407,-1.9851337610057407,3.574625842756182,2.3699650580792495,0.495233602049313,4.300185244530784,0.372925358489056
cmaes,83,1081,1,2.1448235224438363,-2.1448235224438363,3.574625842756182,2.3699650580792495,0.495233602049313,4.300185244530784,0.372925358489056
cmaes,83,1082,2,2.946186543684166,-2.946186543684166,3.574625842756182,2.3699650580792495,0.495233602049313,4.300185244530784,0.372925358489056
cmaes,83,1083,3,2.8852731397701388,-2.8852731397701388,3.574625842756182,2.3699650580792495,0.495233602049313,4.300185244530784,0.372925358489056
cmaes,83,1084,4,1.8960730428129762,-1.8960730428129762,3.574625842756182,2.3699650580792495,0.495233602049313,4.300185244530784,0.372925358489056
cmaes,83,1085,5,2.388121923767111,-2.388121923767111,3.574625842756182,2.3699650580792495,0.495233602049313,4.300185244530784,0.372925358489056
cmaes,83,1086,6,2.6385703787038675,-2.6385703787038675,3.574625842756182,2.3699650580792495,0.495233602049313,4.300185244530784,0.372925358489056
cmaes,83,1087,7,2.290330231711754,-2.290330231711754,3.574625842756182,2.3699650580792495,0.495233602049313,4.300185244530784,0.372925358489056
cmaes,83,1088,8,2.0528884819685347,-2.0528884819685347,3.574625842756182,2.3699650580792495,0.495233602049313,4.300185244530784,0.372925358489056
cmaes,83,1089,9,2.29170008318747,-2.29170008318747,3.574625842756182,2.3699650580792495,0.495233602049313,4.300185244530784,0.372925358489056
cmaes,83,1090,10,1.9140712838736185,-1.9140712838736185,3.574625842756182,2.3699650580792495,0.495233602049313,4.300185244530784,0.372925358489056
cmaes,83,1091,11,1.8017475193448502,-1.8017475193448502,3.574625842756182,2.3699650580792495,0.495233602049313,4.300185244530784,0.372925358489056
cmaes,83,1092,12,3.574625842756182,-3.574625842756182,3.574625842756182,2.3699650580792495,0.495233602049313,4.300185244530784,0.372925358489056
cmaes,84,1093,0,1.773093354000393,-1.773093354000393,2.617833002057404,2.193053965918909,0.2521287786655897,4.300185244530784,0.3688367264354029
cmaes,84,1094,1,2.409146841588597,-2.409146841588597,2.617833002057404,2.193053965918909,0.2521287786655897,4.300185244530784,0.3688367264354029
cmaes,84,1095,2,2.1689265991259377,-2.1689265991259377,2.617833002057404,2.193053965918909,0.2521287786655897,4.300185244530784,0.3688367264354029
cmaes,84,1096,3,2.543994742826821,-2.543994742826821,2.617833002057404,2.193053965918909,0.2521287786655897,4.300185244530784,0.3688367264354029
cmaes,84,1097,4,2.341136118862091,-2.341136118862091,2.617833002057404,2.193053965918909,0.2521287786655897,4.300185244530784,0.3688367264354029
cmaes,84,1098,5,1.832902865326006,-1.832902865326006,2.617833002057404,2.193053965918909,0.2521287786655897,4.300185244530784,0.3688367264354029
cmaes,84,1099,6,2.2311174950562878,-2.2311174950562878,2.617833002057404,2.193053965918909,0.2521287786655897,4.300185244530784,0.3688367264354029
cmaes,84,1100,7,2.1744256334697476,-2.1744256334697476,2.617833002057404,2.193053965918909,0.2521287786655897,4.300185244530784,0.3688367264354029
cmaes,84,1101,8,2.1281787840843918,-2.1281787840843918,2.617833002057404,2.193053965918909,0.2521287786655897,4.300185244530784,0.3688367264354029
cmaes,84,1102,9,1.9151418465875634,-1.9151418465875634,2.617833002057404,2.193053965918909,0.2521287786655897,4.300185244530784,0.3688367264354029
cmaes,84,1103,10,2.366068996465434,-2.366068996465434,2.617833002057404,2.193053965918909,0.2521287786655897,4.300185244530784,0.3688367264354029
cmaes,84,1104,11,2.007735277495149,-2.007735277495149,2.617833002057404,2.193053965918909,0.2521287786655897,4.300185244530784,0.3688367264354029
cmaes,84,1105,12,2.617833002057404,-2.617833002057404,2.617833002057404,2.193053965918909,0.2521287786655897,4.300185244530784,0.3688367264354029
cmaes,85,1106,0,1.5522163491756908,-1.5522163491756908,4.500161923997145,2.378902153174949,0.7111643218022428,4.500161923997145,0.3691551191211104
cmaes,85,1107,1,1.9244419746837684,-1.9244419746837684,4.500161923997145,2.378902153174949,0.7111643218022428,4.500161923997145,0.3691551191211104
cmaes,85,1108,2,4.500161923997145,-4.500161923997145,4.500161923997145,2.378902153174949,0.7111643218022428,4.500161923997145,0.3691551191211104
cmaes,85,1109,3,2.876090108124904,-2.876090108124904,4.500161923997145,2.378902153174949,0.7111643218022428,4.500161923997145,0.3691551191211104
cmaes,85,1110,4,1.960638908760266,-1.960638908760266,4.500161923997145,2.378902153174949,0.7111643218022428,4.500161923997145,0.3691551191211104
cmaes,85,1111,5,1.9935037645813354,-1.9935037645813354,4.500161923997145,2.378902153174949,0.7111643218022428,4.500161923997145,0.3691551191211104
cmaes,85,1112,6,2.1393463246172812,-2.1393463246172812,4.500161923997145,2.378902153174949,0.7111643218022428,4.500161923997145,0.3691551191211104
cmaes,85,1113,7,2.127464640988916,-2.127464640988916,4.500161923997145,2.378902153174949,0.7111643218022428,4.500161923997145,0.3691551191211104
cmaes,85,1114,8,1.9084149518901772,-1.9084149518901772,4.500161923997145,2.378902153174949,0.7111643218022428,4.500161923997145,0.3691551191211104
cmaes,85,1115,9,2.1660845537230684,-2.1660845537230684,4.500161923997145,2.378902153174949,0.7111643218022428,4.500161923997145,0.3691551191211104
cmaes,85,1116,10,2.8158533367041803,-2.8158533367041803,4.500161923997145,2.378902153174949,0.7111643218022428,4.500161923997145,0.3691551191211104
cmaes,85,1117,11,2.568848319769238,-2.568848319769238,4.500161923997145,2.378902153174949,0.7111643218022428,4.500161923997145,0.3691551191211104
cmaes,85,1118,12,2.3926628342583722,-2.3926628342583722,4.500161923997145,2.378902153174949,0.7111643218022428,4.500161923997145,0.3691551191211104
cmaes,86,1119,0,1.8099172805944923,-1.8099172805944923,3.2728969536808226,2.350032458848527,0.44295415332457044,4.500161923997145,0.3704049753518804
cmaes,86,1120,1,2.744394685761528,-2.744394685761528,3.2728969536808226,2.350032458848527,0.44295415332457044,4.500161923997145,0.3704049753518804
cmaes,86,1121,2,3.2728969536808226,-3.2728969536808226,3.2728969536808226,2.350032458848527,0.44295415332457044,4.500161923997145,0.3704049753518804
cmaes,86,1122,3,2.962265428217937,-2.962265428217937,3.2728969536808226,2.350032458848527,0.44295415332457044,4.500161923997145,0.3704049753518804
cmaes,86,1123,4,2.004600798475074,-2.004600798475074,3.2728969536808226,2.350032458848527,0.44295415332457044,4.500161923997145,0.3704049753518804
cmaes,86,1124,5,1.8864903020426225,-1.8864903020426225,3.2728969536808226,2.350032458848527,0.44295415332457044,4.500161923997145,0.3704049753518804
cmaes,86,1125,6,2.259547859316649,-2.259547859316649,3.2728969536808226,2.350032458848527,0.44295415332457044,4.500161923997145,0.3704049753518804
cmaes,86,1126,7,2.7979313587406147,-2.7979313587406147,3.2728969536808226,2.350032458848527,0.44295415332457044,4.500161923997145,0.3704049753518804
cmaes,86,1127,8,2.0041955441229793,-2.0041955441229793,3.2728969536808226,2.350032458848527,0.44295415332457044,4.500161923997145,0.3704049753518804
cmaes,86,1128,9,2.1865566782077064,-2.1865566782077064,3.2728969536808226,2.350032458848527,0.44295415332457044,4.500161923997145,0.3704049753518804
cmaes,86,1129,10,1.9242627764840532,-1.9242627764840532,3.2728969536808226,2.350032458848527,0.44295415332457044,4.500161923997145,0.3704049753518804
cmaes,86,1130,11,2.4050224381855942,-2.4050224381855942,3.2728969536808226,2.350032458848527,0.44295415332457044,4.500161923997145,0.3704049753518804
cmaes,86,1131,12,2.2923398612007806,-2.2923398612007806,3.2728969536808226,2.350032458848527,0.44295415332457044,4.500161923997145,0.3704049753518804
cmaes,87,1132,0,2.137331179294142,-2.137331179294142,3.068127097886966,2.4697328215854943,0.44977946030231397,4.500161923997145,0.37415405942487545
cmaes,87,1133,1,1.6653452705849134,-1.6653452705849134,3.068127097886966,2.4697328215854943,0.44977946030231397,4.500161923997145,0.37415405942487545
cmaes,87,1134,2,2.3488423782258847,-2.3488423782258847,3.068127097886966,2.4697328215854943,0.44977946030231397,4.500161923997145,0.37415405942487545
cmaes,87,1135,3,2.006193562443525,-2.006193562443525,3.068127097886966,2.4697328215854943,0.44977946030231397,4.500161923997145,0.37415405942487545
cmaes,87,1136,4,2.9100988147045457,-2.9100988147045457,3.068127097886966,2.4697328215854943,0.44977946030231397,4.500161923997145,0.37415405942487545
cmaes,87,1137,5,2.0928354742688366,-2.0928354742688366,3.068127097886966,2.4697328215854943,0.44977946030231397,4.500161923997145,0.37415405942487545
cmaes,87,1138,6,2.9309886600243797,-2.9309886600243797,3.068127097886966,2.4697328215854943,0.44977946030231397,4.500161923997145,0.37415405942487545
cmaes,87,1139,7,2.6632686402901995,-2.6632686402901995,3.068127097886966,2.4697328215854943,0.44977946030231397,4.500161923997145,0.37415405942487545
cmaes,87,1140,8,2.667846393436907,-2.667846393436907,3.068127097886966,2.4697328215854943,0.44977946030231397,4.500161923997145,0.37415405942487545
cmaes,87,1141,9,2.7725867828708375,-2.7725867828708375,3.068127097886966,2.4697328215854943,0.44977946030231397,4.500161923997145,0.37415405942487545
cmaes,87,1142,10,1.8909522367818794,-1.8909522367818794,3.068127097886966,2.4697328215854943,0.44977946030231397,4.500161923997145,0.37415405942487545
cmaes,87,1143,11,3.068127097886966,-3.068127097886966,3.068127097886966,2.4697328215854943,0.44977946030231397,4.500161923997145,0.37415405942487545
cmaes,87,1144,12,2.9521101897984066,-2.9521101897984066,3.068127097886966,2.4697328215854943,0.44977946030231397,4.500161923997145,0.37415405942487545
cmaes,88,1145,0,3.0653452568883015,-3.0653452568883015,3.5667814580898405,2.4489074020580786,0.6489039512651965,4.500161923997145,0.3873895276228417
cmaes,88,1146,1,3.5667814580898405,-3.5667814580898405,3.5667814580898405,2.4489074020580786,0.6489039512651965,4.500161923997145,0.3873895276228417
cmaes,88,1147,2,1.8667164601905641,-1.8667164601905641,3.5667814580898405,2.4489074020580786,0.6489039512651965,4.500161923997145,0.3873895276228417
cmaes,88,1148,3,2.6772699740482166,-2.6772699740482166,3.5667814580898405,2.4489074020580786,0.6489039512651965,4.500161923997145,0.3873895276228417
cmaes,88,1149,4,3.549921915239942,-3.549921915239942,3.5667814580898405,2.4489074020580786,0.6489039512651965,4.500161923997145,0.3873895276228417
cmaes,88,1150,5,1.6654917920488514,-1.6654917920488514,3.5667814580898405,2.4489074020580786,0.6489039512651965,4.500161923997145,0.3873895276228417
cmaes,88,1151,6,2.514048305792569,-2.514048305792569,3.5667814580898405,2.4489074020580786,0.6489039512651965,4.500161923997145,0.3873895276228417
cmaes,88,1152,7,3.0413260236583275,-3.0413260236583275,3.5667814580898405,2.4489074020580786,0.6489039512651965,4.500161923997145,0.3873895276228417
cmaes,88,1153,8,2.0900372914600016,-2.0900372914600016,3.5667814580898405,2.4489074020580786,0.6489039512651965,4.500161923997145,0.3873895276228417
cmaes,88,1154,9,1.9054325965472514,-1.9054325965472514,3.5667814580898405,2.4489074020580786,0.6489039512651965,4.500161923997145,0.3873895276228417
cmaes,88,1155,10,2.269978349177637,-2.269978349177637,3.5667814580898405,2.4489074020580786,0.6489039512651965,4.500161923997145,0.3873895276228417
cmaes,88,1156,11,1.8559237347196442,-1.8559237347196442,3.5667814580898405,2.4489074020580786,0.6489039512651965,4.500161923997145,0.3873895276228417
cmaes,88,1157,12,1.7675230688938757,-1.7675230688938757,3.5667814580898405,2.4489074020580786,0.6489039512651965,4.500161923997145,0.3873895276228417
cmaes,89,1158,0,3.1878387500961036,-3.1878387500961036,3.1878387500961036,2.355113635744409,0.4056891234510975,4.500161923997145,0.40113638885351627
cmaes,89,1159,1,2.0415021673491007,-2.0415021673491007,3.1878387500961036,2.355113635744409,0.4056891234510975,4.500161923997145,0.40113638885351627
cmaes,89,1160,2,1.9839882414462833,-1.9839882414462833,3.1878387500961036,2.355113635744409,0.4056891234510975,4.500161923997145,0.40113638885351627
cmaes,89,1161,3,2.7523902108046068,-2.7523902108046068,3.1878387500961036,2.355113635744409,0.4056891234510975,4.500161923997145,0.40113638885351627
cmaes,89,1162,4,2.467236585091088,-2.467236585091088,3.1878387500961036,2.355113635744409,0.4056891234510975,4.500161923997145,0.40113638885351627
cmaes,89,1163,5,2.0418090367156294,-2.0418090367156294,3.1878387500961036,2.355113635744409,0.4056891234510975,4.500161923997145,0.40113638885351627
cmaes,89,1164,6,2.002516316845567,-2.002516316845567,3.1878387500961036,2.355113635744409,0.4056891234510975,4.500161923997145,0.40113638885351627
cmaes,89,1165,7,2.4324400748025434,-2.4324400748025434,3.1878387500961036,2.355113635744409,0.4056891234510975,4.500161923997145,0.40113638885351627
cmaes,89,1166,8,2.85496679841779,-2.85496679841779,3.1878387500961036,2.355113635744409,0.4056891234510975,4.500161923997145,0.40113638885351627
cmaes,89,1167,9,2.0389559909229367,-2.0389559909229367,3.1878387500961036,2.355113635744409,0.4056891234510975,4.500161923997145,0.40113638885351627
cmaes,89,1168,10,2.8119370029993935,-2.8119370029993935,3.1878387500961036,2.355113635744409,0.4056891234510975,4.500161923997145,0.40113638885351627
cmaes,89,1169,11,2.0242626553092307,-2.0242626553092307,3.1878387500961036,2.355113635744409,0.4056891234510975,4.500161923997145,0.40113638885351627
cmaes,89,1170,12,1.97663343387704,-1.97663343387704,3.1878387500961036,2.355113635744409,0.4056891234510975,4.500161923997145,0.40113638885351627
cmaes,90,1171,0,2.1284418329971277,-2.1284418329971277,3.776757663365723,2.4325542794820176,0.46901840383285676,4.500161923997145,0.4080460624411703
cmaes,90,1172,1,1.9519704218563103,-1.9519704218563103,3.776757663365723,2.4325542794820176,0.46901840383285676,4.500161923997145,0.4080460624411703
cmaes,90,1173,2,3.776757663365723,-3.776757663365723,3.776757663365723,2.4325542794820176,0.46901840383285676,4.500161923997145,0.4080460624411703
cmaes,90,1174,3,2.1766518235558783,-2.1766518235558783,3.776757663365723,2.4325542794820176,0.46901840383285676,4.500161923997145,0.4080460624411703
cmaes,90,1175,4,2.2172664231949293,-2.2172664231949293,3.776757663365723,2.4325542794820176,0.46901840383285676,4.500161923997145,0.4080460624411703
cmaes,90,1176,5,2.440264991032684,-2.440264991032684,3.776757663365723,2.4325542794820176,0.46901840383285676,4.500161923997145,0.4080460624411703
cmaes,90,1177,6,2.750188259719249,-2.750188259719249,3.776757663365723,2.4325542794820176,0.46901840383285676,4.500161923997145,0.4080460624411703
cmaes,90,1178,7,2.3229942038987375,-2.3229942038987375,3.776757663365723,2.4325542794820176,0.46901840383285676,4.500161923997145,0.4080460624411703
cmaes,90,1179,8,2.2364377662503823,-2.2364377662503823,3.776757663365723,2.4325542794820176,0.46901840383285676,4.500161923997145,0.4080460624411703
cmaes,90,1180,9,2.262828578024229,-2.262828578024229,3.776757663365723,2.4325542794820176,0.46901840383285676,4.500161923997145,0.4080460624411703
cmaes,90,1181,10,2.5390208477785765,-2.5390208477785765,3.776757663365723,2.4325542794820176,0.46901840383285676,4.500161923997145,0.4080460624411703
cmaes,90,1182,11,2.8711667323024606,-2.8711667323024606,3.776757663365723,2.4325542794820176,0.46901840383285676,4.500161923997145,0.4080460624411703
cmaes,90,1183,12,1.94921608928994,-1.94921608928994,3.776757663365723,2.4325542794820176,0.46901840383285676,4.500161923997145,0.4080460624411703
cmaes,91,1184,0,2.8095369403599064,-2.8095369403599064,2.9467251712997125,2.4689446449803247,0.36383553659180196,4.500161923997145,0.3989735250041463
cmaes,91,1185,1,2.600856354101272,-2.600856354101272,2.9467251712997125,2.4689446449803247,0.36383553659180196,4.500161923997145,0.3989735250041463
cmaes,91,1186,2,1.8957839339545077,-1.8957839339545077,2.9467251712997125,2.4689446449803247,0.36383553659180196,4.500161923997145,0.3989735250041463
cmaes,91,1187,3,2.9415993668726044,-2.9415993668726044,2.9467251712997125,2.4689446449803247,0.36383553659180196,4.500161923997145,0.3989735250041463
cmaes,91,1188,4,2.536955534263652,-2.536955534263652,2.9467251712997125,2.4689446449803247,0.36383553659180196,4.500161923997145,0.3989735250041463
cmaes,91,1189,5,1.9792121401768095,-1.9792121401768095,2.9467251712997125,2.4689446449803247,0.36383553659180196,4.500161923997145,0.3989735250041463
cmaes,91,1190,6,1.8598554117454913,-1.8598554117454913,2.9467251712997125,2.4689446449803247,0.36383553659180196,4.500161923997145,0.3989735250041463
cmaes,91,1191,7,2.1433229290646554,-2.1433229290646554,2.9467251712997125,2.4689446449803247,0.36383553659180196,4.500161923997145,0.3989735250041463
cmaes,91,1192,8,2.9467251712997125,-2.9467251712997125,2.9467251712997125,2.4689446449803247,0.36383553659180196,4.500161923997145,0.3989735250041463
cmaes,91,1193,9,2.588614728101444,-2.588614728101444,2.9467251712997125,2.4689446449803247,0.36383553659180196,4.500161923997145,0.3989735250041463
cmaes,91,1194,10,2.703677999402893,-2.703677999402893,2.9467251712997125,2.4689446449803247,0.36383553659180196,4.500161923997145,0.3989735250041463
cmaes,91,1195,11,2.594083920597496,-2.594083920597496,2.9467251712997125,2.4689446449803247,0.36383553659180196,4.500161923997145,0.3989735250041463
cmaes,91,1196,12,2.4960559548037806,-2.4960559548037806,2.9467251712997125,2.4689446449803247,0.36383553659180196,4.500161923997145,0.3989735250041463
cmaes,92,1197,0,2.0721610188453226,-2.0721610188453226,3.1593921812446286,2.3909394308012555,0.39423156872990683,4.500161923997145,0.39482069837670275
cmaes,92,1198,1,2.8559399374494605,-2.8559399374494605,3.1593921812446286,2.3909394308012555,0.39423156872990683,4.500161923997145,0.39482069837670275
cmaes,92,1199,2,2.3650502381499603,-2.3650502381499603,3.1593921812446286,2.3909394308012555,0.39423156872990683,4.500161923997145,0.39482069837670275
cmaes,92,1200,3,3.0218755674617226,-3.0218755674617226,3.1593921812446286,2.3909394308012555,0.39423156872990683,4.500161923997145,0.39482069837670275
cmaes,92,1201,4,2.276625610984125,-2.276625610984125,3.1593921812446286,2.3909394308012555,0.39423156872990683,4.500161923997145,0.39482069837670275
cmaes,92,1202,5,2.252324579939531,-2.252324579939531,3.1593921812446286,2.3909394308012555,0.39423156872990683,4.500161923997145,0.39482069837670275
cmaes,92,1203,6,2.302464940567611,-2.302464940567611,3.1593921812446286,2.3909394308012555,0.39423156872990683,4.500161923997145,0.39482069837670275
cmaes,92,1204,7,2.5669286686923023,-2.5669286686923023,3.1593921812446286,2.3909394308012555,0.39423156872990683,4.500161923997145,0.39482069837670275
cmaes,92,1205,8,3.1593921812446286,-3.1593921812446286,3.1593921812446286,2.3909394308012555,0.39423156872990683,4.500161923997145,0.39482069837670275
cmaes,92,1206,9,2.324715330374553,-2.324715330374553,3.1593921812446286,2.3909394308012555,0.39423156872990683,4.500161923997145,0.39482069837670275
cmaes,92,1207,10,1.8454164144231124,-1.8454164144231124,3.1593921812446286,2.3909394308012555,0.39423156872990683,4.500161923997145,0.39482069837670275
cmaes,92,1208,11,2.199331747333129,-2.199331747333129,3.1593921812446286,2.3909394308012555,0.39423156872990683,4.500161923997145,0.39482069837670275
cmaes,92,1209,12,1.8399863649508688,-1.8399863649508688,3.1593921812446286,2.3909394308012555,0.39423156872990683,4.500161923997145,0.39482069837670275
cmaes,93,1210,0,2.0828676308499854,-2.0828676308499854,3.8266924607556696,2.36406230731239,0.5516082851632058,4.500161923997145,0.38869614850075423
cmaes,93,1211,1,1.8105609666691942,-1.8105609666691942,3.8266924607556696,2.36406230731239,0.5516082851632058,4.500161923997145,0.38869614850075423
cmaes,93,1212,2,2.3046641867927713,-2.3046641867927713,3.8266924607556696,2.36406230731239,0.5516082851632058,4.500161923997145,0.38869614850075423
cmaes,93,1213,3,2.634388218704115,-2.634388218704115,3.8266924607556696,2.36406230731239,0.5516082851632058,4.500161923997145,0.38869614850075423
cmaes,93,1214,4,2.9373903922534703,-2.9373903922534703,3.8266924607556696,2.36406230731239,0.5516082851632058,4.500161923997145,0.38869614850075423
cmaes,93,1215,5,2.205525519385046,-2.205525519385046,3.8266924607556696,2.36406230731239,0.5516082851632058,4.500161923997145,0.38869614850075423
cmaes,93,1216,6,1.8618696437919686,-1.8618696437919686,3.8266924607556696,2.36406230731239,0.5516082851632058,4.500161923997145,0.38869614850075423
cmaes,93,1217,7,2.467968969372791,-2.467968969372791,3.8266924607556696,2.36406230731239,0.5516082851632058,4.500161923997145,0.38869614850075423
cmaes,93,1218,8,1.930610150882792,-1.930610150882792,3.8266924607556696,2.36406230731239,0.5516082851632058,4.500161923997145,0.38869614850075423
cmaes,93,1219,9,2.7601440291165296,-2.7601440291165296,3.8266924607556696,2.36406230731239,0.5516082851632058,4.500161923997145,0.38869614850075423
cmaes,93,1220,10,3.8266924607556696,-3.8266924607556696,3.8266924607556696,2.36406230731239,0.5516082851632058,4.500161923997145,0.38869614850075423
cmaes,93,1221,11,1.784692589972437,-1.784692589972437,3.8266924607556696,2.36406230731239,0.5516082851632058,4.500161923997145,0.38869614850075423
cmaes,93,1222,12,2.1254352365142997,-2.1254352365142997,3.8266924607556696,2.36406230731239,0.5516082851632058,4.500161923997145,0.38869614850075423
cmaes,94,1223,0,1.7651914325738483,-1.7651914325738483,3.3275986965774247,2.3741146639530553,0.5615014572827237,4.500161923997145,0.40114272917975624
cmaes,94,1224,1,2.2013516375794935,-2.2013516375794935,3.3275986965774247,2.3741146639530553,0.5615014572827237,4.500161923997145,0.40114272917975624
cmaes,94,1225,2,1.812707098834125,-1.812707098834125,3.3275986965774247,2.3741146639530553,0.5615014572827237,4.500161923997145,0.40114272917975624
cmaes,94,1226,3,3.1553445672333047,-3.1553445672333047,3.3275986965774247,2.3741146639530553,0.5615014572827237,4.500161923997145,0.40114272917975624
cmaes,94,1227,4,1.8913079930898251,-1.8913079930898251,3.3275986965774247,2.3741146639530553,0.5615014572827237,4.500161923997145,0.40114272917975624
cmaes,94,1228,5,2.5846492986756058,-2.5846492986756058,3.3275986965774247,2.3741146639530553,0.5615014572827237,4.500161923997145,0.40114272917975624
cmaes,94,1229,6,1.7185460303567814,-1.7185460303567814,3.3275986965774247,2.3741146639530553,0.5615014572827237,4.500161923997145,0.40114272917975624
cmaes,94,1230,7,2.638022142297071,-2.638022142297071,3.3275986965774247,2.3741146639530553,0.5615014572827237,4.500161923997145,0.40114272917975624
cmaes,94,1231,8,3.3275986965774247,-3.3275986965774247,3.3275986965774247,2.3741146639530553,0.5615014572827237,4.500161923997145,0.40114272917975624
cmaes,94,1232,9,3.194897683389562,-3.194897683389562,3.3275986965774247,2.3741146639530553,0.5615014572827237,4.500161923997145,0.40114272917975624
cmaes,94,1233,10,2.2490909850259446,-2.2490909850259446,3.3275986965774247,2.3741146639530553,0.5615014572827237,4.500161923997145,0.40114272917975624
cmaes,94,1234,11,1.7702104615602268,-1.7702104615602268,3.3275986965774247,2.3741146639530553,0.5615014572827237,4.500161923997145,0.40114272917975624
cmaes,94,1235,12,2.554572604196505,-2.554572604196505,3.3275986965774247,2.3741146639530553,0.5615014572827237,4.500161923997145,0.40114272917975624
cmaes,95,1236,0,2.916825098335531,-2.916825098335531,3.2698933880365875,2.4451899546329376,0.46986440031943616,4.500161923997145,0.4092997115473285
cmaes,95,1237,1,1.912801493383206,-1.912801493383206,3.2698933880365875,2.4451899546329376,0.46986440031943616,4.500161923997145,0.4092997115473285
cmaes,95,1238,2,3.0080702232714125,-3.0080702232714125,3.2698933880365875,2.4451899546329376,0.46986440031943616,4.500161923997145,0.4092997115473285
cmaes,95,1239,3,2.120741965933064,-2.120741965933064,3.2698933880365875,2.4451899546329376,0.46986440031943616,4.500161923997145,0.4092997115473285
cmaes,95,1240,4,2.0382127471790072,-2.0382127471790072,3.2698933880365875,2.4451899546329376,0.46986440031943616,4.500161923997145,0.4092997115473285
cmaes,95,1241,5,2.821117765608874,-2.821117765608874,3.2698933880365875,2.4451899546329376,0.46986440031943616,4.500161923997145,0.4092997115473285
cmaes,95,1242,6,2.230662043598835,-2.230662043598835,3.2698933880365875,2.4451899546329376,0.46986440031943616,4.500161923997145,0.4092997115473285
cmaes,95,1243,7,3.2698933880365875,-3.2698933880365875,3.2698933880365875,2.4451899546329376,0.46986440031943616,4.500161923997145,0.4092997115473285
cmaes,95,1244,8,2.251390759838556,-2.251390759838556,3.2698933880365875,2.4451899546329376,0.46986440031943616,4.500161923997145,0.4092997115473285
cmaes,95,1245,9,1.926576977172177,-1.926576977172177,3.2698933880365875,2.4451899546329376,0.46986440031943616,4.500161923997145,0.4092997115473285
cmaes,95,1246,10,1.8462171168374808,-1.8462171168374808,3.2698933880365875,2.4451899546329376,0.46986440031943616,4.500161923997145,0.4092997115473285
cmaes,95,1247,11,2.510477867602017,-2.510477867602017,3.2698933880365875,2.4451899546329376,0.46986440031943616,4.500161923997145,0.4092997115473285
cmaes,95,1248,12,2.934481963431442,-2.934481963431442,3.2698933880365875,2.4451899546329376,0.46986440031943616,4.500161923997145,0.4092997115473285
cmaes,96,1249,0,2.706753152831243,-2.706753152831243,2.9718574118588736,2.431743848423341,0.45475406080786185,4.500161923997145,0.4146744302020717
cmaes,96,1250,1,2.9718574118588736,-2.9718574118588736,2.9718574118588736,2.431743848423341,0.45475406080786185,4.500161923997145,0.4146744302020717
cmaes,96,1251,2,1.5698561922515872,-1.5698561922515872,2.9718574118588736,2.431743848423341,0.45475406080786185,4.500161923997145,0.4146744302020717
cmaes,96,1252,3,1.8775657297660517,-1.8775657297660517,2.9718574118588736,2.431743848423341,0.45475406080786185,4.500161923997145,0.4146744302020717
cmaes,96,1253,4,2.316823380662223,-2.316823380662223,2.9718574118588736,2.431743848423341,0.45475406080786185,4.500161923997145,0.4146744302020717
cmaes,96,1254,5,2.6669022578104995,-2.6669022578104995,2.9718574118588736,2.431743848423341,0.45475406080786185,4.500161923997145,0.4146744302020717
cmaes,96,1255,6,2.97015686779962,-2.97015686779962,2.9718574118588736,2.431743848423341,0.45475406080786185,4.500161923997145,0.4146744302020717
cmaes,96,1256,7,2.637130190205114,-2.637130190205114,2.9718574118588736,2.431743848423341,0.45475406080786185,4.500161923997145,0.4146744302020717
cmaes,96,1257,8,2.842935029450126,-2.842935029450126,2.9718574118588736,2.431743848423341,0.45475406080786185,4.500161923997145,0.4146744302020717
cmaes,96,1258,9,2.102035781981778,-2.102035781981778,2.9718574118588736,2.431743848423341,0.45475406080786185,4.500161923997145,0.4146744302020717
cmaes,96,1259,10,1.8300581115567975,-1.8300581115567975,2.9718574118588736,2.431743848423341,0.45475406080786185,4.500161923997145,0.4146744302020717
cmaes,96,1260,11,2.8746686544909585,-2.8746686544909585,2.9718574118588736,2.431743848423341,0.45475406080786185,4.500161923997145,0.4146744302020717
cmaes,96,1261,12,2.2459272688385634,-2.2459272688385634,2.9718574118588736,2.431743848423341,0.45475406080786185,4.500161923997145,0.4146744302020717
cmaes,97,1262,0,2.755414114311796,-2.755414114311796,3.051236524454592,2.4443324588025552,0.4086548464255833,4.500161923997145,0.410039109327581
cmaes,97,1263,1,3.051236524454592,-3.051236524454592,3.051236524454592,2.4443324588025552,0.4086548464255833,4.500161923997145,0.410039109327581
cmaes,97,1264,2,2.6824615193221315,-2.6824615193221315,3.051236524454592,2.4443324588025552,0.4086548464255833,4.500161923997145,0.410039109327581
cmaes,97,1265,3,2.3875459775758867,-2.3875459775758867,3.051236524454592,2.4443324588025552,0.4086548464255833,4.500161923997145,0.410039109327581
cmaes,97,1266,4,1.9667143892480101,-1.9667143892480101,3.051236524454592,2.4443324588025552,0.4086548464255833,4.500161923997145,0.410039109327581
cmaes,97,1267,5,2.741882650460029,-2.741882650460029,3.051236524454592,2.4443324588025552,0.4086548464255833,4.500161923997145,0.410039109327581
cmaes,97,1268,6,2.377008161721612,-2.377008161721612,3.051236524454592,2.4443324588025552,0.4086548464255833,4.500161923997145,0.410039109327581
cmaes,97,1269,7,1.8307988712766878,-1.8307988712766878,3.051236524454592,2.4443324588025552,0.4086548464255833,4.500161923997145,0.410039109327581
cmaes,97,1270,8,1.9019507387273855,-1.9019507387273855,3.051236524454592,2.4443324588025552,0.4086548464255833,4.500161923997145,0.410039109327581
cmaes,97,1271,9,3.0161038110578557,-3.0161038110578557,3.051236524454592,2.4443324588025552,0.4086548464255833,4.500161923997145,0.410039109327581
cmaes,97,1272,10,2.6542348499570294,-2.6542348499570294,3.051236524454592,2.4443324588025552,0.4086548464255833,4.500161923997145,0.410039109327581
cmaes,97,1273,11,1.9147249167982594,-1.9147249167982594,3.051236524454592,2.4443324588025552,0.4086548464255833,4.500161923997145,0.410039109327581
cmaes,97,1274,12,2.4962454395219384,-2.4962454395219384,3.051236524454592,2.4443324588025552,0.4086548464255833,4.500161923997145,0.410039109327581
cmaes,98,1275,0,2.1058057206859457,-2.1058057206859457,3.507402345684923,2.3791155479898345,0.5900638399951675,4.500161923997145,0.4001397658224506
cmaes,98,1276,1,3.402551736344068,-3.402551736344068,3.507402345684923,2.3791155479898345,0.5900638399951675,4.500161923997145,0.4001397658224506
cmaes,98,1277,2,1.9952996731523733,-1.9952996731523733,3.507402345684923,2.3791155479898345,0.5900638399951675,4.500161923997145,0.4001397658224506
cmaes,98,1278,3,3.507402345684923,-3.507402345684923,3.507402345684923,2.3791155479898345,0.5900638399951675,4.500161923997145,0.4001397658224506
cmaes,98,1279,4,3.0970839285923994,-3.0970839285923994,3.507402345684923,2.3791155479898345,0.5900638399951675,4.500161923997145,0.4001397658224506
cmaes,98,1280,5,2.21325331933825,-2.21325331933825,3.507402345684923,2.3791155479898345,0.5900638399951675,4.500161923997145,0.4001397658224506
cmaes,98,1281,6,1.8359075722729976,-1.8359075722729976,3.507402345684923,2.3791155479898345,0.5900638399951675,4.500161923997145,0.4001397658224506
cmaes,98,1282,7,2.1244109913324967,-2.1244109913324967,3.507402345684923,2.3791155479898345,0.5900638399951675,4.500161923997145,0.4001397658224506
cmaes,98,1283,8,1.828461355500308,-1.828461355500308,3.507402345684923,2.3791155479898345,0.5900638399951675,4.500161923997145,0.4001397658224506
cmaes,98,1284,9,1.5747288134534236,-1.5747288134534236,3.507402345684923,2.3791155479898345,0.5900638399951675,4.500161923997145,0.4001397658224506
cmaes,98,1285,10,2.3811685426887816,-2.3811685426887816,3.507402345684923,2.3791155479898345,0.5900638399951675,4.500161923997145,0.4001397658224506
cmaes,98,1286,11,2.6813987616229076,-2.6813987616229076,3.507402345684923,2.3791155479898345,0.5900638399951675,4.500161923997145,0.4001397658224506
cmaes,98,1287,12,2.181029363198976,-2.181029363198976,3.507402345684923,2.3791155479898345,0.5900638399951675,4.500161923997145,0.4001397658224506
cmaes,99,1288,0,2.359221814399881,-2.359221814399881,3.2923534144784306,2.6109604528277064,0.3968495627985497,4.500161923997145,0.39543030809024665
cmaes,99,1289,1,2.142039437836589,-2.142039437836589,3.2923534144784306,2.6109604528277064,0.3968495627985497,4.500161923997145,0.39543030809024665
cmaes,99,1290,2,2.2572933725829687,-2.2572933725829687,3.2923534144784306,2.6109604528277064,0.3968495627985497,4.500161923997145,0.39543030809024665
cmaes,99,1291,3,3.0618669352645242,-3.0618669352645242,3.2923534144784306,2.6109604528277064,0.3968495627985497,4.500161923997145,0.39543030809024665
cmaes,99,1292,4,2.639805689412705,-2.639805689412705,3.2923534144784306,2.6109604528277064,0.3968495627985497,4.500161923997145,0.39543030809024665
cmaes,99,1293,5,2.333734048180462,-2.333734048180462,3.2923534144784306,2.6109604528277064,0.3968495627985497,4.500161923997145,0.39543030809024665
cmaes,99,1294,6,3.022344980232407,-3.022344980232407,3.2923534144784306,2.6109604528277064,0.3968495627985497,4.500161923997145,0.39543030809024665
cmaes,99,1295,7,2.3715625613309395,-2.3715625613309395,3.2923534144784306,2.6109604528277064,0.3968495627985497,4.500161923997145,0.39543030809024665
cmaes,99,1296,8,2.0659204834777047,-2.0659204834777047,3.2923534144784306,2.6109604528277064,0.3968495627985497,4.500161923997145,0.39543030809024665
cmaes,99,1297,9,2.459208446988693,-2.459208446988693,3.2923534144784306,2.6109604528277064,0.3968495627985497,4.500161923997145,0.39543030809024665
cmaes,99,1298,10,2.754892295149242,-2.754892295149242,3.2923534144784306,2.6109604528277064,0.3968495627985497,4.500161923997145,0.39543030809024665
cmaes,99,1299,11,3.182242407425629,-3.182242407425629,3.2923534144784306,2.6109604528277064,0.3968495627985497,4.500161923997145,0.39543030809024665
cmaes,99,1300,12,3.2923534144784306,-3.2923534144784306,3.2923534144784306,2.6109604528277064,0.3968495627985497,4.500161923997145,0.39543030809024665
