optimizer,generation,episode,candidate,fitness,loss,generation_best_fitness,generation_mean_fitness,generation_std_fitness,best_so_far_fitness,sigma
cmaes,0,1,0,1.5524052625527578,-1.5524052625527578,1.6188119370692124,1.569654736152629,0.017296272181896083,1.6188119370692124,0.4695681816131851
cmaes,0,2,1,1.5687558245425686,-1.5687558245425686,1.6188119370692124,1.569654736152629,0.017296272181896083,1.6188119370692124,0.4695681816131851
cmaes,0,3,2,1.5646101939519554,-1.5646101939519554,1.6188119370692124,1.569654736152629,0.017296272181896083,1.6188119370692124,0.4695681816131851
cmaes,0,4,3,1.5690953974377397,-1.5690953974377397,1.6188119370692124,1.569654736152629,0.017296272181896083,1.6188119370692124,0.4695681816131851
cmaes,0,5,4,1.6188119370692124,-1.6188119370692124,1.6188119370692124,1.569654736152629,0.017296272181896083,1.6188119370692124,0.4695681816131851
cmaes,0,6,5,1.5799708122047598,-1.5799708122047598,1.6188119370692124,1.569654736152629,0.017296272181896083,1.6188119370692124,0.4695681816131851
cmaes,0,7,6,1.5675050192963793,-1.5675050192963793,1.6188119370692124,1.569654736152629,0.017296272181896083,1.6188119370692124,0.4695681816131851
cmaes,0,8,7,1.574261824386542,-1.574261824386542,1.6188119370692124,1.569654736152629,0.017296272181896083,1.6188119370692124,0.4695681816131851
cmaes,0,9,8,1.5625773984092233,-1.5625773984092233,1.6188119370692124,1.569654736152629,0.017296272181896083,1.6188119370692124,0.4695681816131851
cmaes,0,10,9,1.5735083295113113,-1.5735083295113113,1.6188119370692124,1.569654736152629,0.017296272181896083,1.6188119370692124,0.4695681816131851
cmaes,0,11,10,1.5721917452440501,-1.5721917452440501,1.6188119370692124,1.569654736152629,0.017296272181896083,1.6188119370692124,0.4695681816131851
cmaes,0,12,11,1.5399067472662495,-1.5399067472662495,1.6188119370692124,1.569654736152629,0.017296272181896083,1.6188119370692124,0.4695681816131851
cmaes,0,13,12,1.561911078111426,-1.561911078111426,1.6188119370692124,1.569654736152629,0.017296272181896083,1.6188119370692124,0.4695681816131851
cmaes,1,14,0,1.577031347318621,-1.577031347318621,1.713508064406284,1.571266919476535,0.04290389120932385,1.713508064406284,0.4618249540923158
cmaes,1,15,1,1.5493996674880501,-1.5493996674880501,1.713508064406284,1.571266919476535,0.04290389120932385,1.713508064406284,0.4618249540923158
cmaes,1,16,2,1.5408572878444446,-1.5408572878444446,1.713508064406284,1.571266919476535,0.04290389120932385,1.713508064406284,0.4618249540923158
cmaes,1,17,3,1.5476333176820767,-1.5476333176820767,1.713508064406284,1.571266919476535,0.04290389120932385,1.713508064406284,0.4618249540923158
cmaes,1,18,4,1.5733861934663265,-1.5733861934663265,1.713508064406284,1.571266919476535,0.04290389120932385,1.713508064406284,0.4618249540923158
cmaes,1,19,5,1.713508064406284,-1.713508064406284,1.713508064406284,1.571266919476535,0.04290389120932385,1.713508064406284,0.4618249540923158
cmaes,1,20,6,1.5645995958953829,-1.5645995958953829,1.713508064406284,1.571266919476535,0.04290389120932385,1.713508064406284,0.4618249540923158
cmaes,1,21,7,1.5699188186577098,-1.5699188186577098,1.713508064406284,1.571266919476535,0.04290389120932385,1.713508064406284,0.4618249540923158
cmaes,1,22,8,1.560414099673427,-1.560414099673427,1.713508064406284,1.571266919476535,0.04290389120932385,1.713508064406284,0.4618249540923158
cmaes,1,23,9,1.5408670100673143,-1.5408670100673143,1.713508064406284,1.571266919476535,0.04290389120932385,1.713508064406284,0.4618249540923158
cmaes,1,24,10,1.5467909196687302,-1.5467909196687302,1.713508064406284,1.571266919476535,0.04290389120932385,1.713508064406284,0.4618249540923158
cmaes,1,25,11,1.5687357572347365,-1.5687357572347365,1.713508064406284,1.571266919476535,0.04290389120932385,1.713508064406284,0.4618249540923158
cmaes,1,26,12,1.5733278737918517,-1.5733278737918517,1.713508064406284,1.571266919476535,0.04290389120932385,1.713508064406284,0.4618249540923158
cmaes,2,27,0,1.5976326235807552,-1.5976326235807552,1.631727413179975,1.5685285519823478,0.022896306973114226,1.713508064406284,0.4551225382328581
cmaes,2,28,1,1.5530925245002545,-1.5530925245002545,1.631727413179975,1.5685285519823478,0.022896306973114226,1.713508064406284,0.4551225382328581
cmaes,2,29,2,1.5767617447196858,-1.5767617447196858,1.631727413179975,1.5685285519823478,0.022896306973114226,1.713508064406284,0.4551225382328581
cmaes,2,30,3,1.5590476743667878,-1.5590476743667878,1.631727413179975,1.5685285519823478,0.022896306973114226,1.713508064406284,0.4551225382328581
cmaes,2,31,4,1.550398122623592,-1.550398122623592,1.631727413179975,1.5685285519823478,0.022896306973114226,1.713508064406284,0.4551225382328581
cmaes,2,32,5,1.570370206151136,-1.570370206151136,1.631727413179975,1.5685285519823478,0.022896306973114226,1.713508064406284,0.4551225382328581
cmaes,2,33,6,1.5671422388672573,-1.5671422388672573,1.631727413179975,1.5685285519823478,0.022896306973114226,1.713508064406284,0.4551225382328581
cmaes,2,34,7,1.5729148366025711,-1.5729148366025711,1.631727413179975,1.5685285519823478,0.022896306973114226,1.713508064406284,0.4551225382328581
cmaes,2,35,8,1.631727413179975,-1.631727413179975,1.631727413179975,1.5685285519823478,0.022896306973114226,1.713508064406284,0.4551225382328581
cmaes,2,36,9,1.5446045330510862,-1.5446045330510862,1.631727413179975,1.5685285519823478,0.022896306973114226,1.713508064406284,0.4551225382328581
cmaes,2,37,10,1.5660778352366773,-1.5660778352366773,1.631727413179975,1.5685285519823478,0.022896306973114226,1.713508064406284,0.4551225382328581
cmaes,2,38,11,1.5506183524122281,-1.5506183524122281,1.631727413179975,1.5685285519823478,0.022896306973114226,1.713508064406284,0.4551225382328581
cmaes,2,39,12,1.550483070478514,-1.550483070478514,1.631727413179975,1.5685285519823478,0.022896306973114226,1.713508064406284,0.4551225382328581
cmaes,3,40,0,1.5487599908557614,-1.5487599908557614,1.8849148130595312,1.5910759302097133,0.08912585345632906,1.8849148130595312,0.46297771502284246
cmaes,3,41,1,1.5567725175027993,-1.5567725175027993,1.8849148130595312,1.5910759302097133,0.08912585345632906,1.8849148130595312,0.46297771502284246
cmaes,3,42,2,1.553821660381773,-1.553821660381773,1.8849148130595312,1.5910759302097133,0.08912585345632906,1.8849148130595312,0.46297771502284246
cmaes,3,43,3,1.5654535098524576,-1.5654535098524576,1.8849148130595312,1.5910759302097133,0.08912585345632906,1.8849148130595312,0.46297771502284246
cmaes,3,44,4,1.5601622616219168,-1.5601622616219168,1.8849148130595312,1.5910759302097133,0.08912585345632906,1.8849148130595312,0.46297771502284246
cmaes,3,45,5,1.5516220337916227,-1.5516220337916227,1.8849148130595312,1.5910759302097133,0.08912585345632906,1.8849148130595312,0.46297771502284246
cmaes,3,46,6,1.5424404113503523,-1.5424404113503523,1.8849148130595312,1.5910759302097133,0.08912585345632906,1.8849148130595312,0.46297771502284246
cmaes,3,47,7,1.8849148130595312,-1.8849148130595312,1.8849148130595312,1.5910759302097133,0.08912585345632906,1.8849148130595312,0.46297771502284246
cmaes,3,48,8,1.5542439017827345,-1.5542439017827345,1.8849148130595312,1.5910759302097133,0.08912585345632906,1.8849148130595312,0.46297771502284246
cmaes,3,49,9,1.5274829636508778,-1.5274829636508778,1.8849148130595312,1.5910759302097133,0.08912585345632906,1.8849148130595312,0.46297771502284246
cmaes,3,50,10,1.6207970376859668,-1.6207970376859668,1.8849148130595312,1.5910759302097133,0.08912585345632906,1.8849148130595312,0.46297771502284246
cmaes,3,51,11,1.6166444549002328,-1.6166444549002328,1.8849148130595312,1.5910759302097133,0.08912585345632906,1.8849148130595312,0.46297771502284246
cmaes,3,52,12,1.6008715362902464,-1.6008715362902464,1.8849148130595312,1.5910759302097133,0.08912585345632906,1.8849148130595312,0.46297771502284246
cmaes,4,53,0,1.5496088830789863,-1.5496088830789863,2.1332642702752227,1.6769550940539422,0.20640811466745013,2.1332642702752227,0.4721698553616958
cmaes,4,54,1,1.6008807268371819,-1.6008807268371819,2.1332642702752227,1.6769550940539422,0.20640811466745013,2.1332642702752227,0.4721698553616958
cmaes,4,55,2,1.5884432297758302,-1.5884432297758302,2.1332642702752227,1.6769550940539422,0.20640811466745013,2.1332642702752227,0.4721698553616958
cmaes,4,56,3,1.5665227399266466,-1.5665227399266466,2.1332642702752227,1.6769550940539422,0.20640811466745013,2.1332642702752227,0.4721698553616958
cmaes,4,57,4,1.5987324848109687,-1.5987324848109687,2.1332642702752227,1.6769550940539422,0.20640811466745013,2.1332642702752227,0.4721698553616958
cmaes,4,58,5,2.1332642702752227,-2.1332642702752227,2.1332642702752227,1.6769550940539422,0.20640811466745013,2.1332642702752227,0.4721698553616958
cmaes,4,59,6,1.4093422998124134,-1.4093422998124134,2.1332642702752227,1.6769550940539422,0.20640811466745013,2.1332642702752227,0.4721698553616958
cmaes,4,60,7,1.625926068260073,-1.625926068260073,2.1332642702752227,1.6769550940539422,0.20640811466745013,2.1332642702752227,0.4721698553616958
cmaes,4,61,8,1.845524331958736,-1.845524331958736,2.1332642702752227,1.6769550940539422,0.20640811466745013,2.1332642702752227,0.4721698553616958
cmaes,4,62,9,1.5345283273710026,-1.5345283273710026,2.1332642702752227,1.6769550940539422,0.20640811466745013,2.1332642702752227,0.4721698553616958
cmaes,4,63,10,1.736106824801217,-1.736106824801217,2.1332642702752227,1.6769550940539422,0.20640811466745013,2.1332642702752227,0.4721698553616958
cmaes,4,64,11,1.5432045418999212,-1.5432045418999212,2.1332642702752227,1.6769550940539422,0.20640811466745013,2.1332642702752227,0.4721698553616958
cmaes,4,65,12,2.0683314938930466,-2.0683314938930466,2.1332642702752227,1.6769550940539422,0.20640811466745013,2.1332642702752227,0.4721698553616958
cmaes,5,66,0,1.5858152304625555,-1.5858152304625555,2.1430349016880283,1.6807989684030393,0.1937874412838401,2.1430349016880283,0.47374962256489866
cmaes,5,67,1,1.8603584928621746,-1.8603584928621746,2.1430349016880283,1.6807989684030393,0.1937874412838401,2.1430349016880283,0.47374962256489866
cmaes,5,68,2,1.878506956419949,-1.878506956419949,2.1430349016880283,1.6807989684030393,0.1937874412838401,2.1430349016880283,0.47374962256489866
cmaes,5,69,3,1.5407798007432623,-1.5407798007432623,2.1430349016880283,1.6807989684030393,0.1937874412838401,2.1430349016880283,0.47374962256489866
cmaes,5,70,4,1.554115655315288,-1.554115655315288,2.1430349016880283,1.6807989684030393,0.1937874412838401,2.1430349016880283,0.47374962256489866
cmaes,5,71,5,1.5679963487941975,-1.5679963487941975,2.1430349016880283,1.6807989684030393,0.1937874412838401,2.1430349016880283,0.47374962256489866
cmaes,5,72,6,1.4151409475791108,-1.4151409475791108,2.1430349016880283,1.6807989684030393,0.1937874412838401,2.1430349016880283,0.47374962256489866
cmaes,5,73,7,1.7734222440599614,-1.7734222440599614,2.1430349016880283,1.6807989684030393,0.1937874412838401,2.1430349016880283,0.47374962256489866
cmaes,5,74,8,1.5965400229034559,-1.5965400229034559,2.1430349016880283,1.6807989684030393,0.1937874412838401,2.1430349016880283,0.47374962256489866
cmaes,5,75,9,2.1430349016880283,-2.1430349016880283,2.1430349016880283,1.6807989684030393,0.1937874412838401,2.1430349016880283,0.47374962256489866
cmaes,5,76,10,1.5676100941290636,-1.5676100941290636,2.1430349016880283,1.6807989684030393,0.1937874412838401,2.1430349016880283,0.47374962256489866
cmaes,5,77,11,1.530685890293592,-1.530685890293592,2.1430349016880283,1.6807989684030393,0.1937874412838401,2.1430349016880283,0.47374962256489866
cmaes,5,78,12,1.836380003988877,-1.836380003988877,2.1430349016880283,1.6807989684030393,0.1937874412838401,2.1430349016880283,0.47374962256489866
cmaes,6,79,0,1.5737335361280296,-1.5737335361280296,2.1130595254610434,1.6390759253008167,0.15448379732114326,2.1430349016880283,0.4755400402751872
cmaes,6,80,1,1.5754319148857006,-1.5754319148857006,2.1130595254610434,1.6390759253008167,0.15448379732114326,2.1430349016880283,0.4755400402751872
cmaes,6,81,2,2.1130595254610434,-2.1130595254610434,2.1130595254610434,1.6390759253008167,0.15448379732114326,2.1430349016880283,0.4755400402751872
cmaes,6,82,3,1.6087925008024235,-1.6087925008024235,2.1130595254610434,1.6390759253008167,0.15448379732114326,2.1430349016880283,0.4755400402751872
cmaes,6,83,4,1.5468814943642246,-1.5468814943642246,2.1130595254610434,1.6390759253008167,0.15448379732114326,2.1430349016880283,0.4755400402751872
cmaes,6,84,5,1.528387859928426,-1.528387859928426,2.1130595254610434,1.6390759253008167,0.15448379732114326,2.1430349016880283,0.4755400402751872
cmaes,6,85,6,1.5603470211321093,-1.5603470211321093,2.1130595254610434,1.6390759253008167,0.15448379732114326,2.1430349016880283,0.4755400402751872
cmaes,6,86,7,1.6578553434986587,-1.6578553434986587,2.1130595254610434,1.6390759253008167,0.15448379732114326,2.1430349016880283,0.4755400402751872
cmaes,6,87,8,1.5638470455678344,-1.5638470455678344,2.1130595254610434,1.6390759253008167,0.15448379732114326,2.1430349016880283,0.4755400402751872
cmaes,6,88,9,1.7692124158208251,-1.7692124158208251,2.1130595254610434,1.6390759253008167,0.15448379732114326,2.1430349016880283,0.4755400402751872
cmaes,6,89,10,1.536910511601501,-1.536910511601501,2.1130595254610434,1.6390759253008167,0.15448379732114326,2.1430349016880283,0.4755400402751872
cmaes,6,90,11,1.5473085789211383,-1.5473085789211383,2.1130595254610434,1.6390759253008167,0.15448379732114326,2.1430349016880283,0.4755400402751872
cmaes,6,91,12,1.7262192807986991,-1.7262192807986991,2.1130595254610434,1.6390759253008167,0.15448379732114326,2.1430349016880283,0.4755400402751872
cmaes,7,92,0,1.5770216064968043,-1.5770216064968043,2.9413616969201164,1.7030210201323863,0.3883872472349235,2.9413616969201164,0.4789953977060751
cmaes,7,93,1,1.5574464465186728,-1.5574464465186728,2.9413616969201164,1.7030210201323863,0.3883872472349235,2.9413616969201164,0.4789953977060751
cmaes,7,94,2,1.4536815675814365,-1.4536815675814365,2.9413616969201164,1.7030210201323863,0.3883872472349235,2.9413616969201164,0.4789953977060751
cmaes,7,95,3,1.5773164228698116,-1.5773164228698116,2.9413616969201164,1.7030210201323863,0.3883872472349235,2.9413616969201164,0.4789953977060751
cmaes,7,96,4,1.5823485935738195,-1.5823485935738195,2.9413616969201164,1.7030210201323863,0.3883872472349235,2.9413616969201164,0.4789953977060751
cmaes,7,97,5,1.8269216306976268,-1.8269216306976268,2.9413616969201164,1.7030210201323863,0.3883872472349235,2.9413616969201164,0.4789953977060751
cmaes,7,98,6,2.9413616969201164,-2.9413616969201164,2.9413616969201164,1.7030210201323863,0.3883872472349235,2.9413616969201164,0.4789953977060751
cmaes,7,99,7,1.5323106842942957,-1.5323106842942957,2.9413616969201164,1.7030210201323863,0.3883872472349235,2.9413616969201164,0.4789953977060751
cmaes,7,100,8,2.026648382493871,-2.026648382493871,2.9413616969201164,1.7030210201323863,0.3883872472349235,2.9413616969201164,0.4789953977060751
cmaes,7,101,9,1.5382807574019157,-1.5382807574019157,2.9413616969201164,1.7030210201323863,0.3883872472349235,2.9413616969201164,0.4789953977060751
cmaes,7,102,10,1.4356244500733653,-1.4356244500733653,2.9413616969201164,1.7030210201323863,0.3883872472349235,2.9413616969201164,0.4789953977060751
cmaes,7,103,11,1.5356673895121744,-1.5356673895121744,2.9413616969201164,1.7030210201323863,0.3883872472349235,2.9413616969201164,0.4789953977060751
cmaes,7,104,12,1.5546436332871123,-1.5546436332871123,2.9413616969201164,1.7030210201323863,0.3883872472349235,2.9413616969201164,0.4789953977060751
cmaes,8,105,0,1.5744750731130754,-1.5744750731130754,2.387480205425831,1.7717993073485292,0.3095159467706267,2.9413616969201164,0.4936587343930519
cmaes,8,106,1,2.2122195166910705,-2.2122195166910705,2.387480205425831,1.7717993073485292,0.3095159467706267,2.9413616969201164,0.4936587343930519
cmaes,8,107,2,2.331284158287797,-2.331284158287797,2.387480205425831,1.7717993073485292,0.3095159467706267,2.9413616969201164,0.4936587343930519
cmaes,8,108,3,1.4780262481418405,-1.4780262481418405,2.387480205425831,1.7717993073485292,0.3095159467706267,2.9413616969201164,0.4936587343930519
cmaes,8,109,4,1.4660863638935084,-1.4660863638935084,2.387480205425831,1.7717993073485292,0.3095159467706267,2.9413616969201164,0.4936587343930519
cmaes,8,110,5,1.647831572290095,-1.647831572290095,2.387480205425831,1.7717993073485292,0.3095159467706267,2.9413616969201164,0.4936587343930519
cmaes,8,111,6,1.8065973811157914,-1.8065973811157914,2.387480205425831,1.7717993073485292,0.3095159467706267,2.9413616969201164,0.4936587343930519
cmaes,8,112,7,1.6134300292589718,-1.6134300292589718,2.387480205425831,1.7717993073485292,0.3095159467706267,2.9413616969201164,0.4936587343930519
cmaes,8,113,8,1.585131743408285,-1.585131743408285,2.387480205425831,1.7717993073485292,0.3095159467706267,2.9413616969201164,0.4936587343930519
cmaes,8,114,9,1.7251241856792074,-1.7251241856792074,2.387480205425831,1.7717993073485292,0.3095159467706267,2.9413616969201164,0.4936587343930519
cmaes,8,115,10,2.387480205425831,-2.387480205425831,2.387480205425831,1.7717993073485292,0.3095159467706267,2.9413616969201164,0.4936587343930519
cmaes,8,116,11,1.6522293378756687,-1.6522293378756687,2.387480205425831,1.7717993073485292,0.3095159467706267,2.9413616969201164,0.4936587343930519
cmaes,8,117,12,1.553475180349738,-1.553475180349738,2.387480205425831,1.7717993073485292,0.3095159467706267,2.9413616969201164,0.4936587343930519
cmaes,9,118,0,2.4627473986878967,-2.4627473986878967,2.4627473986878967,1.829540255108736,0.3482203421095225,2.9413616969201164,0.504220597666245
cmaes,9,119,1,1.711767456329757,-1.711767456329757,2.4627473986878967,1.829540255108736,0.3482203421095225,2.9413616969201164,0.504220597666245
cmaes,9,120,2,1.5624317583063203,-1.5624317583063203,2.4627473986878967,1.829540255108736,0.3482203421095225,2.9413616969201164,0.504220597666245
cmaes,9,121,3,1.5290691385420878,-1.5290691385420878,2.4627473986878967,1.829540255108736,0.3482203421095225,2.9413616969201164,0.504220597666245
cmaes,9,122,4,2.45491491097581,-2.45491491097581,2.4627473986878967,1.829540255108736,0.3482203421095225,2.9413616969201164,0.504220597666245
cmaes,9,123,5,1.5633481283901365,-1.5633481283901365,2.4627473986878967,1.829540255108736,0.3482203421095225,2.9413616969201164,0.504220597666245
cmaes,9,124,6,1.4694240733125692,-1.4694240733125692,2.4627473986878967,1.829540255108736,0.3482203421095225,2.9413616969201164,0.504220597666245
cmaes,9,125,7,2.222416698564995,-2.222416698564995,2.4627473986878967,1.829540255108736,0.3482203421095225,2.9413616969201164,0.504220597666245
cmaes,9,126,8,1.5310144883301366,-1.5310144883301366,2.4627473986878967,1.829540255108736,0.3482203421095225,2.9413616969201164,0.504220597666245
cmaes,9,127,9,1.6400226170608012,-1.6400226170608012,2.4627473986878967,1.829540255108736,0.3482203421095225,2.9413616969201164,0.504220597666245
cmaes,9,128,10,2.162944426418951,-2.162944426418951,2.4627473986878967,1.829540255108736,0.3482203421095225,2.9413616969201164,0.504220597666245
cmaes,9,129,11,1.7200385207279907,-1.7200385207279907,2.4627473986878967,1.829540255108736,0.3482203421095225,2.9413616969201164,0.504220597666245
cmaes,9,130,12,1.753883700766121,-1.753883700766121,2.4627473986878967,1.829540255108736,0.3482203421095225,2.9413616969201164,0.504220597666245
cmaes,10,131,0,1.5927697639017522,-1.5927697639017522,2.0716130474852474,1.5915625418597978,0.15187312103704267,2.9413616969201164,0.5102730733659974
cmaes,10,132,1,2.0716130474852474,-2.0716130474852474,2.0716130474852474,1.5915625418597978,0.15187312103704267,2.9413616969201164,0.5102730733659974
cmaes,10,133,2,1.5553669666431813,-1.5553669666431813,2.0716130474852474,1.5915625418597978,0.15187312103704267,2.9413616969201164,0.5102730733659974
cmaes,10,134,3,1.4921277252209606,-1.4921277252209606,2.0716130474852474,1.5915625418597978,0.15187312103704267,2.9413616969201164,0.5102730733659974
cmaes,10,135,4,1.536167316108187,-1.536167316108187,2.0716130474852474,1.5915625418597978,0.15187312103704267,2.9413616969201164,0.5102730733659974
cmaes,10,136,5,1.5654246187155052,-1.5654246187155052,2.0716130474852474,1.5915625418597978,0.15187312103704267,2.9413616969201164,0.5102730733659974
cmaes,10,137,6,1.4823933195818924,-1.4823933195818924,2.0716130474852474,1.5915625418597978,0.15187312103704267,2.9413616969201164,0.5102730733659974
cmaes,10,138,7,1.5343815363240532,-1.5343815363240532,2.0716130474852474,1.5915625418597978,0.15187312103704267,2.9413616969201164,0.5102730733659974
cmaes,10,139,8,1.5503241142420232,-1.5503241142420232,2.0716130474852474,1.5915625418597978,0.15187312103704267,2.9413616969201164,0.5102730733659974
cmaes,10,140,9,1.7417993477499798,-1.7417993477499798,2.0716130474852474,1.5915625418597978,0.15187312103704267,2.9413616969201164,0.5102730733659974
cmaes,10,141,10,1.537505613961511,-1.537505613961511,2.0716130474852474,1.5915625418597978,0.15187312103704267,2.9413616969201164,0.5102730733659974
cmaes,10,142,11,1.5296030384578487,-1.5296030384578487,2.0716130474852474,1.5915625418597978,0.15187312103704267,2.9413616969201164,0.5102730733659974
cmaes,10,143,12,1.5008366357852285,-1.5008366357852285,2.0716130474852474,1.5915625418597978,0.15187312103704267,2.9413616969201164,0.5102730733659974
cmaes,11,144,0,1.4156333215507946,-1.4156333215507946,2.820727641512068,1.7092934319774071,0.3674781444531889,2.9413616969201164,0.5140219694169071
cmaes,11,145,1,1.644836834988559,-1.644836834988559,2.820727641512068,1.7092934319774071,0.3674781444531889,2.9413616969201164,0.5140219694169071
cmaes,11,146,2,2.820727641512068,-2.820727641512068,2.820727641512068,1.7092934319774071,0.3674781444531889,2.9413616969201164,0.5140219694169071
cmaes,11,147,3,1.5722325743444616,-1.5722325743444616,2.820727641512068,1.7092934319774071,0.3674781444531889,2.9413616969201164,0.5140219694169071
cmaes,11,148,4,1.517100955673072,-1.517100955673072,2.820727641512068,1.7092934319774071,0.3674781444531889,2.9413616969201164,0.5140219694169071
cmaes,11,149,5,1.574957501932684,-1.574957501932684,2.820727641512068,1.7092934319774071,0.3674781444531889,2.9413616969201164,0.5140219694169071
cmaes,11,150,6,1.6077331431572932,-1.6077331431572932,2.820727641512068,1.7092934319774071,0.3674781444531889,2.9413616969201164,0.5140219694169071
cmaes,11,151,7,1.4028289530103595,-1.4028289530103595,2.820727641512068,1.7092934319774071,0.3674781444531889,2.9413616969201164,0.5140219694169071
cmaes,11,152,8,2.004964963973671,-2.004964963973671,2.820727641512068,1.7092934319774071,0.3674781444531889,2.9413616969201164,0.5140219694169071
cmaes,11,153,9,1.562840945800359,-1.562840945800359,2.820727641512068,1.7092934319774071,0.3674781444531889,2.9413616969201164,0.5140219694169071
cmaes,11,154,10,1.6311965548682708,-1.6311965548682708,2.820727641512068,1.7092934319774071,0.3674781444531889,2.9413616969201164,0.5140219694169071
cmaes,11,155,11,1.4723437098910552,-1.4723437098910552,2.820727641512068,1.7092934319774071,0.3674781444531889,2.9413616969201164,0.5140219694169071
cmaes,11,156,12,1.993417515003641,-1.993417515003641,2.820727641512068,1.7092934319774071,0.3674781444531889,2.9413616969201164,0.5140219694169071
cmaes,12,157,0,1.5683089292759367,-1.5683089292759367,2.7959790906141224,1.7579181465943916,0.4260246755520045,2.9413616969201164,0.5318737863299741
cmaes,12,158,1,2.672376927804651,-2.672376927804651,2.7959790906141224,1.7579181465943916,0.4260246755520045,2.9413616969201164,0.5318737863299741
cmaes,12,159,2,1.6201080156630434,-1.6201080156630434,2.7959790906141224,1.7579181465943916,0.4260246755520045,2.9413616969201164,0.5318737863299741
cmaes,12,160,3,1.6193545565067327,-1.6193545565067327,2.7959790906141224,1.7579181465943916,0.4260246755520045,2.9413616969201164,0.5318737863299741
cmaes,12,161,4,1.553789982469902,-1.553789982469902,2.7959790906141224,1.7579181465943916,0.4260246755520045,2.9413616969201164,0.5318737863299741
cmaes,12,162,5,1.8344893107699978,-1.8344893107699978,2.7959790906141224,1.7579181465943916,0.4260246755520045,2.9413616969201164,0.5318737863299741
cmaes,12,163,6,1.5664004929165591,-1.5664004929165591,2.7959790906141224,1.7579181465943916,0.4260246755520045,2.9413616969201164,0.5318737863299741
cmaes,12,164,7,1.5798588665098272,-1.5798588665098272,2.7959790906141224,1.7579181465943916,0.4260246755520045,2.9413616969201164,0.5318737863299741
cmaes,12,165,8,1.5167088916792117,-1.5167088916792117,2.7959790906141224,1.7579181465943916,0.4260246755520045,2.9413616969201164,0.5318737863299741
cmaes,12,166,9,2.7959790906141224,-2.7959790906141224,2.7959790906141224,1.7579181465943916,0.4260246755520045,2.9413616969201164,0.5318737863299741
cmaes,12,167,10,1.5470178730295538,-1.5470178730295538,2.7959790906141224,1.7579181465943916,0.4260246755520045,2.9413616969201164,0.5318737863299741
cmaes,12,168,11,1.5548241898444248,-1.5548241898444248,2.7959790906141224,1.7579181465943916,0.4260246755520045,2.9413616969201164,0.5318737863299741
cmaes,12,169,12,1.423718778643129,-1.423718778643129,2.7959790906141224,1.7579181465943916,0.4260246755520045,2.9413616969201164,0.5318737863299741
cmaes,13,170,0,1.484437106965675,-1.484437106965675,3.743788386508206,1.7611479206140592,0.6173045358157268,3.743788386508206,0.5238154924217059
cmaes,13,171,1,1.450447974935846,-1.450447974935846,3.743788386508206,1.7611479206140592,0.6173045358157268,3.743788386508206,0.5238154924217059
cmaes,13,172,2,1.5687973480511208,-1.5687973480511208,3.743788386508206,1.7611479206140592,0.6173045358157268,3.743788386508206,0.5238154924217059
cmaes,13,173,3,2.357558792649596,-2.357558792649596,3.743788386508206,1.7611479206140592,0.6173045358157268,3.743788386508206,0.5238154924217059
cmaes,13,174,4,1.534381262179056,-1.534381262179056,3.743788386508206,1.7611479206140592,0.6173045358157268,3.743788386508206,0.5238154924217059
cmaes,13,175,5,1.5428071412280857,-1.5428071412280857,3.743788386508206,1.7611479206140592,0.6173045358157268,3.743788386508206,0.5238154924217059
cmaes,13,176,6,1.518158641462761,-1.518158641462761,3.743788386508206,1.7611479206140592,0.6173045358157268,3.743788386508206,0.5238154924217059
cmaes,13,177,7,1.565206342684337,-1.565206342684337,3.743788386508206,1.7611479206140592,0.6173045358157268,3.743788386508206,0.5238154924217059
cmaes,13,178,8,1.480946320505823,-1.480946320505823,3.743788386508206,1.7611479206140592,0.6173045358157268,3.743788386508206,0.5238154924217059
cmaes,13,179,9,1.4093346477845474,-1.4093346477845474,3.743788386508206,1.7611479206140592,0.6173045358157268,3.743788386508206,0.5238154924217059
cmaes,13,180,10,3.743788386508206,-3.743788386508206,3.743788386508206,1.7611479206140592,0.6173045358157268,3.743788386508206,0.5238154924217059
cmaes,13,181,11,1.5240240656579396,-1.5240240656579396,3.743788386508206,1.7611479206140592,0.6173045358157268,3.743788386508206,0.5238154924217059
cmaes,13,182,12,1.7150349373697769,-1.7150349373697769,3.743788386508206,1.7611479206140592,0.6173045358157268,3.743788386508206,0.5238154924217059
cmaes,14,183,0,1.5253932850263712,-1.5253932850263712,1.7724895029874628,1.5846688890572886,0.08642844671990646,3.743788386508206,0.5146885384168048
cmaes,14,184,1,1.5766303063616047,-1.5766303063616047,1.7724895029874628,1.5846688890572886,0.08642844671990646,3.743788386508206,0.5146885384168048
cmaes,14,185,2,1.584446857314611,-1.584446857314611,1.7724895029874628,1.5846688890572886,0.08642844671990646,3.743788386508206,0.5146885384168048
cmaes,14,186,3,1.5772871108835662,-1.5772871108835662,1.7724895029874628,1.5846688890572886,0.08642844671990646,3.743788386508206,0.5146885384168048
cmaes,14,187,4,1.5699492405321147,-1.5699492405321147,1.7724895029874628,1.5846688890572886,0.08642844671990646,3.743788386508206,0.5146885384168048
cmaes,14,188,5,1.5716165228772745,-1.5716165228772745,1.7724895029874628,1.5846688890572886,0.08642844671990646,3.743788386508206,0.5146885384168048
cmaes,14,189,6,1.7724895029874628,-1.7724895029874628,1.7724895029874628,1.5846688890572886,0.08642844671990646,3.743788386508206,0.5146885384168048
cmaes,14,190,7,1.5080605426820308,-1.5080605426820308,1.7724895029874628,1.5846688890572886,0.08642844671990646,3.743788386508206,0.5146885384168048
cmaes,14,191,8,1.6333468075905735,-1.6333468075905735,1.7724895029874628,1.5846688890572886,0.08642844671990646,3.743788386508206,0.5146885384168048
cmaes,14,192,9,1.4876142150257399,-1.4876142150257399,1.7724895029874628,1.5846688890572886,0.08642844671990646,3.743788386508206,0.5146885384168048
cmaes,14,193,10,1.539056812037978,-1.539056812037978,1.7724895029874628,1.5846688890572886,0.08642844671990646,3.743788386508206,0.5146885384168048
cmaes,14,194,11,1.4962128021379966,-1.4962128021379966,1.7724895029874628,1.5846688890572886,0.08642844671990646,3.743788386508206,0.5146885384168048
cmaes,14,195,12,1.7585915522874294,-1.7585915522874294,1.7724895029874628,1.5846688890572886,0.08642844671990646,3.743788386508206,0.5146885384168048
cmaes,15,196,0,1.5809432714283833,-1.5809432714283833,2.993813464615876,1.8623420308673886,0.44496361557549013,3.743788386508206,0.504161923140774
cmaes,15,197,1,1.5745038329716776,-1.5745038329716776,2.993813464615876,1.8623420308673886,0.44496361557549013,3.743788386508206,0.504161923140774
cmaes,15,198,2,2.0542147891853326,-2.0542147891853326,2.993813464615876,1.8623420308673886,0.44496361557549013,3.743788386508206,0.504161923140774
cmaes,15,199,3,1.613093961173545,-1.613093961173545,2.993813464615876,1.8623420308673886,0.44496361557549013,3.743788386508206,0.504161923140774
cmaes,15,200,4,1.4726607283178441,-1.4726607283178441,2.993813464615876,1.8623420308673886,0.44496361557549013,3.743788386508206,0.504161923140774
cmaes,15,201,5,2.993813464615876,-2.993813464615876,2.993813464615876,1.8623420308673886,0.44496361557549013,3.743788386508206,0.504161923140774
cmaes,15,202,6,2.427921682242562,-2.427921682242562,2.993813464615876,1.8623420308673886,0.44496361557549013,3.743788386508206,0.504161923140774
cmaes,15,203,7,1.4844069533637574,-1.4844069533637574,2.993813464615876,1.8623420308673886,0.44496361557549013,3.743788386508206,0.504161923140774
cmaes,15,204,8,1.6741653563508594,-1.6741653563508594,2.993813464615876,1.8623420308673886,0.44496361557549013,3.743788386508206,0.504161923140774
cmaes,15,205,9,2.2113180934043744,-2.2113180934043744,2.993813464615876,1.8623420308673886,0.44496361557549013,3.743788386508206,0.504161923140774
cmaes,15,206,10,1.5326686101927758,-1.5326686101927758,2.993813464615876,1.8623420308673886,0.44496361557549013,3.743788386508206,0.504161923140774
cmaes,15,207,11,1.5277081465630273,-1.5277081465630273,2.993813464615876,1.8623420308673886,0.44496361557549013,3.743788386508206,0.504161923140774
cmaes,15,208,12,2.063027511466036,-2.063027511466036,2.993813464615876,1.8623420308673886,0.44496361557549013,3.743788386508206,0.504161923140774
cmaes,16,209,0,1.629668521089891,-1.629668521089891,1.9012172141671102,1.594960908540572,0.125341271936729,3.743788386508206,0.5036201876666827
cmaes,16,210,1,1.6868910219945115,-1.6868910219945115,1.9012172141671102,1.594960908540572,0.125341271936729,3.743788386508206,0.5036201876666827
cmaes,16,211,2,1.7002965778206973,-1.7002965778206973,1.9012172141671102,1.594960908540572,0.125341271936729,3.743788386508206,0.5036201876666827
cmaes,16,212,3,1.4098139373613534,-1.4098139373613534,1.9012172141671102,1.594960908540572,0.125341271936729,3.743788386508206,0.5036201876666827
cmaes,16,213,4,1.5534009513343459,-1.5534009513343459,1.9012172141671102,1.594960908540572,0.125341271936729,3.743788386508206,0.5036201876666827
cmaes,16,214,5,1.5339707477433167,-1.5339707477433167,1.9012172141671102,1.594960908540572,0.125341271936729,3.743788386508206,0.5036201876666827
cmaes,16,215,6,1.5357437033047687,-1.5357437033047687,1.9012172141671102,1.594960908540572,0.125341271936729,3.743788386508206,0.5036201876666827
cmaes,16,216,7,1.4622670463255234,-1.4622670463255234,1.9012172141671102,1.594960908540572,0.125341271936729,3.743788386508206,0.5036201876666827
cmaes,16,217,8,1.543612545293989,-1.543612545293989,1.9012172141671102,1.594960908540572,0.125341271936729,3.743788386508206,0.5036201876666827
cmaes,16,218,9,1.7241713293874843,-1.7241713293874843,1.9012172141671102,1.594960908540572,0.125341271936729,3.743788386508206,0.5036201876666827
cmaes,16,219,10,1.9012172141671102,-1.9012172141671102,1.9012172141671102,1.594960908540572,0.125341271936729,3.743788386508206,0.5036201876666827
cmaes,16,220,11,1.516601979587165,-1.516601979587165,1.9012172141671102,1.594960908540572,0.125341271936729,3.743788386508206,0.5036201876666827
cmaes,16,221,12,1.5368362356172804,-1.5368362356172804,1.9012172141671102,1.594960908540572,0.125341271936729,3.743788386508206,0.5036201876666827
cmaes,17,222,0,2.12342359437411,-2.12342359437411,2.12342359437411,1.6890747719997798,0.2442947842712162,3.743788386508206,0.5112171106027668
cmaes,17,223,1,1.5420443138892916,-1.5420443138892916,2.12342359437411,1.6890747719997798,0.2442947842712162,3.743788386508206,0.5112171106027668
cmaes,17,224,2,1.5689696671127273,-1.5689696671127273,2.12342359437411,1.6890747719997798,0.2442947842712162,3.743788386508206,0.5112171106027668
cmaes,17,225,3,1.5203414203959165,-1.5203414203959165,2.12342359437411,1.6890747719997798,0.2442947842712162,3.743788386508206,0.5112171106027668
cmaes,17,226,4,2.044634121238166,-2.044634121238166,2.12342359437411,1.6890747719997798,0.2442947842712162,3.743788386508206,0.5112171106027668
cmaes,17,227,5,1.5663263998557142,-1.5663263998557142,2.12342359437411,1.6890747719997798,0.2442947842712162,3.743788386508206,0.5112171106027668
cmaes,17,228,6,1.807117619703403,-1.807117619703403,2.12342359437411,1.6890747719997798,0.2442947842712162,3.743788386508206,0.5112171106027668
cmaes,17,229,7,1.3481249755998448,-1.3481249755998448,2.12342359437411,1.6890747719997798,0.2442947842712162,3.743788386508206,0.5112171106027668
cmaes,17,230,8,2.093300764767971,-2.093300764767971,2.12342359437411,1.6890747719997798,0.2442947842712162,3.743788386508206,0.5112171106027668
cmaes,17,231,9,1.7677308657695614,-1.7677308657695614,2.12342359437411,1.6890747719997798,0.2442947842712162,3.743788386508206,0.5112171106027668
cmaes,17,232,10,1.5118213240312297,-1.5118213240312297,2.12342359437411,1.6890747719997798,0.2442947842712162,3.743788386508206,0.5112171106027668
cmaes,17,233,11,1.550636560448145,-1.550636560448145,2.12342359437411,1.6890747719997798,0.2442947842712162,3.743788386508206,0.5112171106027668
cmaes,17,234,12,1.5135004088110597,-1.5135004088110597,2.12342359437411,1.6890747719997798,0.2442947842712162,3.743788386508206,0.5112171106027668
cmaes,18,235,0,1.3816901939942539,-1.3816901939942539,2.4455526614036938,1.7402937186556715,0.30395626080497046,3.743788386508206,0.5168371037576198
cmaes,18,236,1,1.719153593001234,-1.719153593001234,2.4455526614036938,1.7402937186556715,0.30395626080497046,3.743788386508206,0.5168371037576198
cmaes,18,237,2,2.00688415133317,-2.00688415133317,2.4455526614036938,1.7402937186556715,0.30395626080497046,3.743788386508206,0.5168371037576198
cmaes,18,238,3,1.6843223658845183,-1.6843223658845183,2.4455526614036938,1.7402937186556715,0.30395626080497046,3.743788386508206,0.5168371037576198
cmaes,18,239,4,2.138457113340006,-2.138457113340006,2.4455526614036938,1.7402937186556715,0.30395626080497046,3.743788386508206,0.5168371037576198
cmaes,18,240,5,2.0326516139554642,-2.0326516139554642,2.4455526614036938,1.7402937186556715,0.30395626080497046,3.743788386508206,0.5168371037576198
cmaes,18,241,6,1.5274347284432526,-1.5274347284432526,2.4455526614036938,1.7402937186556715,0.30395626080497046,3.743788386508206,0.5168371037576198
cmaes,18,242,7,1.5491663993243108,-1.5491663993243108,2.4455526614036938,1.7402937186556715,0.30395626080497046,3.743788386508206,0.5168371037576198
cmaes,18,243,8,2.4455526614036938,-2.4455526614036938,2.4455526614036938,1.7402937186556715,0.30395626080497046,3.743788386508206,0.5168371037576198
cmaes,18,244,9,1.513602946574392,-1.513602946574392,2.4455526614036938,1.7402937186556715,0.30395626080497046,3.743788386508206,0.5168371037576198
cmaes,18,245,10,1.557455000259496,-1.557455000259496,2.4455526614036938,1.7402937186556715,0.30395626080497046,3.743788386508206,0.5168371037576198
cmaes,18,246,11,1.580727427183047,-1.580727427183047,2.4455526614036938,1.7402937186556715,0.30395626080497046,3.743788386508206,0.5168371037576198
cmaes,18,247,12,1.486720147826896,-1.486720147826896,2.4455526614036938,1.7402937186556715,0.30395626080497046,3.743788386508206,0.5168371037576198
cmaes,19,248,0,1.5529539602227782,-1.5529539602227782,2.572493723066989,1.798887141389662,0.3522796183748156,3.743788386508206,0.517362205000635
cmaes,19,249,1,2.572493723066989,-2.572493723066989,2.572493723066989,1.798887141389662,0.3522796183748156,3.743788386508206,0.517362205000635
cmaes,19,250,2,1.7151518720189298,-1.7151518720189298,2.572493723066989,1.798887141389662,0.3522796183748156,3.743788386508206,0.517362205000635
cmaes,19,251,3,1.511346795584476,-1.511346795584476,2.572493723066989,1.798887141389662,0.3522796183748156,3.743788386508206,0.517362205000635
cmaes,19,252,4,1.6251276443570521,-1.6251276443570521,2.572493723066989,1.798887141389662,0.3522796183748156,3.743788386508206,0.517362205000635
cmaes,19,253,5,2.5318891755168647,-2.5318891755168647,2.572493723066989,1.798887141389662,0.3522796183748156,3.743788386508206,0.517362205000635
cmaes,19,254,6,1.9980106911913524,-1.9980106911913524,2.572493723066989,1.798887141389662,0.3522796183748156,3.743788386508206,0.517362205000635
cmaes,19,255,7,1.4032914254502724,-1.4032914254502724,2.572493723066989,1.798887141389662,0.3522796183748156,3.743788386508206,0.517362205000635
cmaes,19,256,8,1.5237088738928426,-1.5237088738928426,2.572493723066989,1.798887141389662,0.3522796183748156,3.743788386508206,0.517362205000635
cmaes,19,257,9,1.7913123041407912,-1.7913123041407912,2.572493723066989,1.798887141389662,0.3522796183748156,3.743788386508206,0.517362205000635
cmaes,19,258,10,1.6851710618697722,-1.6851710618697722,2.572493723066989,1.798887141389662,0.3522796183748156,3.743788386508206,0.517362205000635
cmaes,19,259,11,1.688543068410224,-1.688543068410224,2.572493723066989,1.798887141389662,0.3522796183748156,3.743788386508206,0.517362205000635
cmaes,19,260,12,1.7865322423432624,-1.7865322423432624,2.572493723066989,1.798887141389662,0.3522796183748156,3.743788386508206,0.517362205000635
cmaes,20,261,0,2.1090474529895897,-2.1090474529895897,3.2314404485747166,1.8450146345046683,0.5080158817900614,3.743788386508206,0.5130847755270659
cmaes,20,262,1,1.5688821993073014,-1.5688821993073014,3.2314404485747166,1.8450146345046683,0.5080158817900614,3.743788386508206,0.5130847755270659
cmaes,20,263,2,1.415018834415469,-1.415018834415469,3.2314404485747166,1.8450146345046683,0.5080158817900614,3.743788386508206,0.5130847755270659
cmaes,20,264,3,1.5929574036721172,-1.5929574036721172,3.2314404485747166,1.8450146345046683,0.5080158817900614,3.743788386508206,0.5130847755270659
cmaes,20,265,4,1.506326298146486,-1.506326298146486,3.2314404485747166,1.8450146345046683,0.5080158817900614,3.743788386508206,0.5130847755270659
cmaes,20,266,5,1.8061766769817542,-1.8061766769817542,3.2314404485747166,1.8450146345046683,0.5080158817900614,3.743788386508206,0.5130847755270659
cmaes,20,267,6,1.5675949223608572,-1.5675949223608572,3.2314404485747166,1.8450146345046683,0.5080158817900614,3.743788386508206,0.5130847755270659
cmaes,20,268,7,3.2314404485747166,-3.2314404485747166,3.2314404485747166,1.8450146345046683,0.5080158817900614,3.743788386508206,0.5130847755270659
cmaes,20,269,8,1.4724791678874447,-1.4724791678874447,3.2314404485747166,1.8450146345046683,0.5080158817900614,3.743788386508206,0.5130847755270659
cmaes,20,270,9,1.7336040311041245,-1.7336040311041245,3.2314404485747166,1.8450146345046683,0.5080158817900614,3.743788386508206,0.5130847755270659
cmaes,20,271,10,1.8386510850600422,-1.8386510850600422,3.2314404485747166,1.8450146345046683,0.5080158817900614,3.743788386508206,0.5130847755270659
cmaes,20,272,11,2.615317240892282,-2.615317240892282,3.2314404485747166,1.8450146345046683,0.5080158817900614,3.743788386508206,0.5130847755270659
cmaes,20,273,12,1.5276944871685016,-1.5276944871685016,3.2314404485747166,1.8450146345046683,0.5080158817900614,3.743788386508206,0.5130847755270659
cmaes,21,274,0,1.443500161736556,-1.443500161736556,3.8108877882285577,2.0438274368424176,0.6092699535165085,3.8108877882285577,0.5369419590351907
cmaes,21,275,1,1.4769257654284715,-1.4769257654284715,3.8108877882285577,2.0438274368424176,0.6092699535165085,3.8108877882285577,0.5369419590351907
cmaes,21,276,2,1.732904151300852,-1.732904151300852,3.8108877882285577,2.0438274368424176,0.6092699535165085,3.8108877882285577,0.5369419590351907
cmaes,21,277,3,1.8030754970038407,-1.8030754970038407,3.8108877882285577,2.0438274368424176,0.6092699535165085,3.8108877882285577,0.5369419590351907
cmaes,21,278,4,1.726160963046493,-1.726160963046493,3.8108877882285577,2.0438274368424176,0.6092699535165085,3.8108877882285577,0.5369419590351907
cmaes,21,279,5,1.8177758335214307,-1.8177758335214307,3.8108877882285577,2.0438274368424176,0.6092699535165085,3.8108877882285577,0.5369419590351907
cmaes,21,280,6,2.162717132038968,-2.162717132038968,3.8108877882285577,2.0438274368424176,0.6092699535165085,3.8108877882285577,0.5369419590351907
cmaes,21,281,7,1.68027737296821,-1.68027737296821,3.8108877882285577,2.0438274368424176,0.6092699535165085,3.8108877882285577,0.5369419590351907
cmaes,21,282,8,1.8678984131426684,-1.8678984131426684,3.8108877882285577,2.0438274368424176,0.6092699535165085,3.8108877882285577,0.5369419590351907
cmaes,21,283,9,2.2610544429093844,-2.2610544429093844,3.8108877882285577,2.0438274368424176,0.6092699535165085,3.8108877882285577,0.5369419590351907
cmaes,21,284,10,3.8108877882285577,-3.8108877882285577,3.8108877882285577,2.0438274368424176,0.6092699535165085,3.8108877882285577,0.5369419590351907
cmaes,21,285,11,2.7440887251961916,-2.7440887251961916,3.8108877882285577,2.0438274368424176,0.6092699535165085,3.8108877882285577,0.5369419590351907
cmaes,21,286,12,2.0424904324298017,-2.0424904324298017,3.8108877882285577,2.0438274368424176,0.6092699535165085,3.8108877882285577,0.5369419590351907
cmaes,22,287,0,1.6795640061474788,-1.6795640061474788,3.2683010469966933,1.871941404946644,0.46228594583989563,3.8108877882285577,0.5476929335852961
cmaes,22,288,1,2.227479773026487,-2.227479773026487,3.2683010469966933,1.871941404946644,0.46228594583989563,3.8108877882285577,0.5476929335852961
cmaes,22,289,2,1.6990942082077762,-1.6990942082077762,3.2683010469966933,1.871941404946644,0.46228594583989563,3.8108877882285577,0.5476929335852961
cmaes,22,290,3,1.5596619746687155,-1.5596619746687155,3.2683010469966933,1.871941404946644,0.46228594583989563,3.8108877882285577,0.5476929335852961
cmaes,22,291,4,1.8322592432864908,-1.8322592432864908,3.2683010469966933,1.871941404946644,0.46228594583989563,3.8108877882285577,0.5476929335852961
cmaes,22,292,5,1.784974248592364,-1.784974248592364,3.2683010469966933,1.871941404946644,0.46228594583989563,3.8108877882285577,0.5476929335852961
cmaes,22,293,6,1.4803293530565196,-1.4803293530565196,3.2683010469966933,1.871941404946644,0.46228594583989563,3.8108877882285577,0.5476929335852961
cmaes,22,294,7,1.711327530840242,-1.711327530840242,3.2683010469966933,1.871941404946644,0.46228594583989563,3.8108877882285577,0.5476929335852961
cmaes,22,295,8,1.9692384090852806,-1.9692384090852806,3.2683010469966933,1.871941404946644,0.46228594583989563,3.8108877882285577,0.5476929335852961
cmaes,22,296,9,1.3380348518338925,-1.3380348518338925,3.2683010469966933,1.871941404946644,0.46228594583989563,3.8108877882285577,0.5476929335852961
cmaes,22,297,10,3.2683010469966933,-3.2683010469966933,3.2683010469966933,1.871941404946644,0.46228594583989563,3.8108877882285577,0.5476929335852961
cmaes,22,298,11,2.0566734195128213,-2.0566734195128213,3.2683010469966933,1.871941404946644,0.46228594583989563,3.8108877882285577,0.5476929335852961
cmaes,22,299,12,1.72830019905161,-1.72830019905161,3.2683010469966933,1.871941404946644,0.46228594583989563,3.8108877882285577,0.5476929335852961
cmaes,23,300,0,2.543832466496602,-2.543832466496602,3.3799571411374307,2.1024280393471875,0.5652774452835994,3.8108877882285577,0.5638260016988653
cmaes,23,301,1,1.5283131273563944,-1.5283131273563944,3.3799571411374307,2.1024280393471875,0.5652774452835994,3.8108877882285577,0.5638260016988653
cmaes,23,302,2,1.7190629826500783,-1.7190629826500783,3.3799571411374307,2.1024280393471875,0.5652774452835994,3.8108877882285577,0.5638260016988653
cmaes,23,303,3,1.5651990446813087,-1.5651990446813087,3.3799571411374307,2.1024280393471875,0.5652774452835994,3.8108877882285577,0.5638260016988653
cmaes,23,304,4,1.4145795054315156,-1.4145795054315156,3.3799571411374307,2.1024280393471875,0.5652774452835994,3.8108877882285577,0.5638260016988653
cmaes,23,305,5,2.313303524490729,-2.313303524490729,3.3799571411374307,2.1024280393471875,0.5652774452835994,3.8108877882285577,0.5638260016988653
cmaes,23,306,6,1.8711474235711907,-1.8711474235711907,3.3799571411374307,2.1024280393471875,0.5652774452835994,3.8108877882285577,0.5638260016988653
cmaes,23,307,7,1.7341820909469894,-1.7341820909469894,3.3799571411374307,2.1024280393471875,0.5652774452835994,3.8108877882285577,0.5638260016988653
cmaes,23,308,8,3.3799571411374307,-3.3799571411374307,3.3799571411374307,2.1024280393471875,0.5652774452835994,3.8108877882285577,0.5638260016988653
cmaes,23,309,9,1.7010631960048908,-1.7010631960048908,3.3799571411374307,2.1024280393471875,0.5652774452835994,3.8108877882285577,0.5638260016988653
cmaes,23,310,10,2.782520998095591,-2.782520998095591,3.3799571411374307,2.1024280393471875,0.5652774452835994,3.8108877882285577,0.5638260016988653
cmaes,23,311,11,2.5723591108434642,-2.5723591108434642,3.3799571411374307,2.1024280393471875,0.5652774452835994,3.8108877882285577,0.5638260016988653
cmaes,23,312,12,2.2060438998072534,-2.2060438998072534,3.3799571411374307,2.1024280393471875,0.5652774452835994,3.8108877882285577,0.5638260016988653
cmaes,24,313,0,1.5525468798228776,-1.5525468798228776,2.162301381240204,1.8247052072970709,0.20283904346881773,3.8108877882285577,0.5790774301090917
cmaes,24,314,1,1.8533948295583,-1.8533948295583,2.162301381240204,1.8247052072970709,0.20283904346881773,3.8108877882285577,0.5790774301090917
cmaes,24,315,2,2.07244383434895,-2.07244383434895,2.162301381240204,1.8247052072970709,0.20283904346881773,3.8108877882285577,0.5790774301090917
cmaes,24,316,3,2.162301381240204,-2.162301381240204,2.162301381240204,1.8247052072970709,0.20283904346881773,3.8108877882285577,0.5790774301090917
cmaes,24,317,4,1.8059958979655808,-1.8059958979655808,2.162301381240204,1.8247052072970709,0.20283904346881773,3.8108877882285577,0.5790774301090917
cmaes,24,318,5,1.7097247867462153,-1.7097247867462153,2.162301381240204,1.8247052072970709,0.20283904346881773,3.8108877882285577,0.5790774301090917
cmaes,24,319,6,2.00679986240215,-2.00679986240215,2.162301381240204,1.8247052072970709,0.20283904346881773,3.8108877882285577,0.5790774301090917
cmaes,24,320,7,1.6657595238878862,-1.6657595238878862,2.162301381240204,1.8247052072970709,0.20283904346881773,3.8108877882285577,0.5790774301090917
cmaes,24,321,8,1.7991672764134163,-1.7991672764134163,2.162301381240204,1.8247052072970709,0.20283904346881773,3.8108877882285577,0.5790774301090917
cmaes,24,322,9,1.7151936430223211,-1.7151936430223211,2.162301381240204,1.8247052072970709,0.20283904346881773,3.8108877882285577,0.5790774301090917
cmaes,24,323,10,1.6881114140871705,-1.6881114140871705,2.162301381240204,1.8247052072970709,0.20283904346881773,3.8108877882285577,0.5790774301090917
cmaes,24,324,11,1.544430642625527,-1.544430642625527,2.162301381240204,1.8247052072970709,0.20283904346881773,3.8108877882285577,0.5790774301090917
cmaes,24,325,12,2.145297722741322,-2.145297722741322,2.162301381240204,1.8247052072970709,0.20283904346881773,3.8108877882285577,0.5790774301090917
cmaes,25,326,0,1.459646357823165,-1.459646357823165,2.464249455046811,1.749699413495924,0.2773454140193076,3.8108877882285577,0.5921118824407892
cmaes,25,327,1,1.6271028124616793,-1.6271028124616793,2.464249455046811,1.749699413495924,0.2773454140193076,3.8108877882285577,0.5921118824407892
cmaes,25,328,2,1.4691143877692991,-1.4691143877692991,2.464249455046811,1.749699413495924,0.2773454140193076,3.8108877882285577,0.5921118824407892
cmaes,25,329,3,1.62381843321607,-1.62381843321607,2.464249455046811,1.749699413495924,0.2773454140193076,3.8108877882285577,0.5921118824407892
cmaes,25,330,4,1.7479502597237655,-1.7479502597237655,2.464249455046811,1.749699413495924,0.2773454140193076,3.8108877882285577,0.5921118824407892
cmaes,25,331,5,1.476580504394172,-1.476580504394172,2.464249455046811,1.749699413495924,0.2773454140193076,3.8108877882285577,0.5921118824407892
cmaes,25,332,6,1.9612432723459083,-1.9612432723459083,2.464249455046811,1.749699413495924,0.2773454140193076,3.8108877882285577,0.5921118824407892
cmaes,25,333,7,1.8638715715082417,-1.8638715715082417,2.464249455046811,1.749699413495924,0.2773454140193076,3.8108877882285577,0.5921118824407892
cmaes,25,334,8,2.059367417716994,-2.059367417716994,2.464249455046811,1.749699413495924,0.2773454140193076,3.8108877882285577,0.5921118824407892
cmaes,25,335,9,1.7507862955146056,-1.7507862955146056,2.464249455046811,1.749699413495924,0.2773454140193076,3.8108877882285577,0.5921118824407892
cmaes,25,336,10,2.464249455046811,-2.464249455046811,2.464249455046811,1.749699413495924,0.2773454140193076,3.8108877882285577,0.5921118824407892
cmaes,25,337,11,1.490151842840544,-1.490151842840544,2.464249455046811,1.749699413495924,0.2773454140193076,3.8108877882285577,0.5921118824407892
cmaes,25,338,12,1.7522097650857593,-1.7522097650857593,2.464249455046811,1.749699413495924,0.2773454140193076,3.8108877882285577,0.5921118824407892
cmaes,26,339,0,2.8113531938975718,-2.8113531938975718,4.8881900776365645,2.4634916892352927,0.8867707777478481,4.8881900776365645,0.6100075226989083
cmaes,26,340,1,4.8881900776365645,-4.8881900776365645,4.8881900776365645,2.4634916892352927,0.8867707777478481,4.8881900776365645,0.6100075226989083
cmaes,26,341,2,1.8379096854246737,-1.8379096854246737,4.8881900776365645,2.4634916892352927,0.8867707777478481,4.8881900776365645,0.6100075226989083
cmaes,26,342,3,1.6174358705676992,-1.6174358705676992,4.8881900776365645,2.4634916892352927,0.8867707777478481,4.8881900776365645,0.6100075226989083
cmaes,26,343,4,2.0097240679851183,-2.0097240679851183,4.8881900776365645,2.4634916892352927,0.8867707777478481,4.8881900776365645,0.6100075226989083
cmaes,26,344,5,1.485568200083243,-1.485568200083243,4.8881900776365645,2.4634916892352927,0.8867707777478481,4.8881900776365645,0.6100075226989083
cmaes,26,345,6,2.2878136207587403,-2.2878136207587403,4.8881900776365645,2.4634916892352927,0.8867707777478481,4.8881900776365645,0.6100075226989083
cmaes,26,346,7,3.019090340443301,-3.019090340443301,4.8881900776365645,2.4634916892352927,0.8867707777478481,4.8881900776365645,0.6100075226989083
cmaes,26,347,8,2.046158909182722,-2.046158909182722,4.8881900776365645,2.4634916892352927,0.8867707777478481,4.8881900776365645,0.6100075226989083
cmaes,26,348,9,1.725425934340681,-1.725425934340681,4.8881900776365645,2.4634916892352927,0.8867707777478481,4.8881900776365645,0.6100075226989083
cmaes,26,349,10,3.3754383727835293,-3.3754383727835293,4.8881900776365645,2.4634916892352927,0.8867707777478481,4.8881900776365645,0.6100075226989083
cmaes,26,350,11,2.2831377419556707,-2.2831377419556707,4.8881900776365645,2.4634916892352927,0.8867707777478481,4.8881900776365645,0.6100075226989083
cmaes,26,351,12,2.6381459449992883,-2.6381459449992883,4.8881900776365645,2.4634916892352927,0.8867707777478481,4.8881900776365645,0.6100075226989083
cmaes,27,352,0,1.734466900924976,-1.734466900924976,3.403185219160372,2.0249126904181605,0.5019695419514695,4.8881900776365645,0.6208902353224793
cmaes,27,353,1,2.561504201962127,-2.561504201962127,3.403185219160372,2.0249126904181605,0.5019695419514695,4.8881900776365645,0.6208902353224793
cmaes,27,354,2,2.06450496824523,-2.06450496824523,3.403185219160372,2.0249126904181605,0.5019695419514695,4.8881900776365645,0.6208902353224793
cmaes,27,355,3,2.006738478219252,-2.006738478219252,3.403185219160372,2.0249126904181605,0.5019695419514695,4.8881900776365645,0.6208902353224793
cmaes,27,356,4,2.0722943451984643,-2.0722943451984643,3.403185219160372,2.0249126904181605,0.5019695419514695,4.8881900776365645,0.6208902353224793
cmaes,27,357,5,1.5299500276046203,-1.5299500276046203,3.403185219160372,2.0249126904181605,0.5019695419514695,4.8881900776365645,0.6208902353224793
cmaes,27,358,6,1.7748481079072986,-1.7748481079072986,3.403185219160372,2.0249126904181605,0.5019695419514695,4.8881900776365645,0.6208902353224793
cmaes,27,359,7,1.7419939145581358,-1.7419939145581358,3.403185219160372,2.0249126904181605,0.5019695419514695,4.8881900776365645,0.6208902353224793
cmaes,27,360,8,2.4551032056149364,-2.4551032056149364,3.403185219160372,2.0249126904181605,0.5019695419514695,4.8881900776365645,0.6208902353224793
cmaes,27,361,9,3.403185219160372,-3.403185219160372,3.403185219160372,2.0249126904181605,0.5019695419514695,4.8881900776365645,0.6208902353224793
cmaes,27,362,10,1.7495111523514837,-1.7495111523514837,3.403185219160372,2.0249126904181605,0.5019695419514695,4.8881900776365645,0.6208902353224793
cmaes,27,363,11,1.7010913220030022,-1.7010913220030022,3.403185219160372,2.0249126904181605,0.5019695419514695,4.8881900776365645,0.6208902353224793
cmaes,27,364,12,1.5286731316861821,-1.5286731316861821,3.403185219160372,2.0249126904181605,0.5019695419514695,4.8881900776365645,0.6208902353224793
cmaes,28,365,0,3.0581203742159118,-3.0581203742159118,3.9662158314189058,2.330952477706006,0.6354739408512367,4.8881900776365645,0.6235962159844096
cmaes,28,366,1,1.5655684903560663,-1.5655684903560663,3.9662158314189058,2.330952477706006,0.6354739408512367,4.8881900776365645,0.6235962159844096
cmaes,28,367,2,2.420963547434085,-2.420963547434085,3.9662158314189058,2.330952477706006,0.6354739408512367,4.8881900776365645,0.6235962159844096
cmaes,28,368,3,2.3059468011458013,-2.3059468011458013,3.9662158314189058,2.330952477706006,0.6354739408512367,4.8881900776365645,0.6235962159844096
cmaes,28,369,4,2.4620284152563774,-2.4620284152563774,3.9662158314189058,2.330952477706006,0.6354739408512367,4.8881900776365645,0.6235962159844096
cmaes,28,370,5,2.3646799764473543,-2.3646799764473543,3.9662158314189058,2.330952477706006,0.6354739408512367,4.8881900776365645,0.6235962159844096
cmaes,28,371,6,2.0324705765774347,-2.0324705765774347,3.9662158314189058,2.330952477706006,0.6354739408512367,4.8881900776365645,0.6235962159844096
cmaes,28,372,7,3.9662158314189058,-3.9662158314189058,3.9662158314189058,2.330952477706006,0.6354739408512367,4.8881900776365645,0.6235962159844096
cmaes,28,373,8,1.5878511439119918,-1.5878511439119918,3.9662158314189058,2.330952477706006,0.6354739408512367,4.8881900776365645,0.6235962159844096
cmaes,28,374,9,2.0553162852619713,-2.0553162852619713,3.9662158314189058,2.330952477706006,0.6354739408512367,4.8881900776365645,0.6235962159844096
cmaes,28,375,10,1.6026040300726359,-1.6026040300726359,3.9662158314189058,2.330952477706006,0.6354739408512367,4.8881900776365645,0.6235962159844096
cmaes,28,376,11,2.1553875938066565,-2.1553875938066565,3.9662158314189058,2.330952477706006,0.6354739408512367,4.8881900776365645,0.6235962159844096
cmaes,28,377,12,2.7252291442728866,-2.7252291442728866,3.9662158314189058,2.330952477706006,0.6354739408512367,4.8881900776365645,0.6235962159844096
cmaes,29,378,0,1.919506590585706,-1.919506590585706,3.5828630576346057,2.3072977374063544,0.5799205282312847,4.8881900776365645,0.6375252287021073
cmaes,29,379,1,2.314931748229344,-2.314931748229344,3.5828630576346057,2.3072977374063544,0.5799205282312847,4.8881900776365645,0.6375252287021073
cmaes,29,380,2,2.2246947648555873,-2.2246947648555873,3.5828630576346057,2.3072977374063544,0.5799205282312847,4.8881900776365645,0.6375252287021073
cmaes,29,381,3,3.5828630576346057,-3.5828630576346057,3.5828630576346057,2.3072977374063544,0.5799205282312847,4.8881900776365645,0.6375252287021073
cmaes,29,382,4,3.3001815988354806,-3.3001815988354806,3.5828630576346057,2.3072977374063544,0.5799205282312847,4.8881900776365645,0.6375252287021073
cmaes,29,383,5,2.3285490397155404,-2.3285490397155404,3.5828630576346057,2.3072977374063544,0.5799205282312847,4.8881900776365645,0.6375252287021073
cmaes,29,384,6,1.501583092264213,-1.501583092264213,3.5828630576346057,2.3072977374063544,0.5799205282312847,4.8881900776365645,0.6375252287021073
cmaes,29,385,7,2.5820285755565253,-2.5820285755565253,3.5828630576346057,2.3072977374063544,0.5799205282312847,4.8881900776365645,0.6375252287021073
cmaes,29,386,8,2.3981999423499514,-2.3981999423499514,3.5828630576346057,2.3072977374063544,0.5799205282312847,4.8881900776365645,0.6375252287021073
cmaes,29,387,9,1.7555950634353386,-1.7555950634353386,3.5828630576346057,2.3072977374063544,0.5799205282312847,4.8881900776365645,0.6375252287021073
cmaes,29,388,10,1.740697494997227,-1.740697494997227,3.5828630576346057,2.3072977374063544,0.5799205282312847,4.8881900776365645,0.6375252287021073
cmaes,29,389,11,1.8512962118891205,-1.8512962118891205,3.5828630576346057,2.3072977374063544,0.5799205282312847,4.8881900776365645,0.6375252287021073
cmaes,29,390,12,2.4947434059339626,-2.4947434059339626,3.5828630576346057,2.3072977374063544,0.5799205282312847,4.8881900776365645,0.6375252287021073
cmaes,30,391,0,2.217465717181385,-2.217465717181385,2.716396996363614,2.1583744592039746,0.42748563202014894,4.8881900776365645,0.6469966812367732
cmaes,30,392,1,2.697648304796192,-2.697648304796192,2.716396996363614,2.1583744592039746,0.42748563202014894,4.8881900776365645,0.6469966812367732
cmaes,30,393,2,1.875964947876999,-1.875964947876999,2.716396996363614,2.1583744592039746,0.42748563202014894,4.8881900776365645,0.6469966812367732
cmaes,30,394,3,2.716396996363614,-2.716396996363614,2.716396996363614,2.1583744592039746,0.42748563202014894,4.8881900776365645,0.6469966812367732
cmaes,30,395,4,2.6329348466282023,-2.6329348466282023,2.716396996363614,2.1583744592039746,0.42748563202014894,4.8881900776365645,0.6469966812367732
cmaes,30,396,5,1.7439250828491863,-1.7439250828491863,2.716396996363614,2.1583744592039746,0.42748563202014894,4.8881900776365645,0.6469966812367732
cmaes,30,397,6,2.4960380488053913,-2.4960380488053913,2.716396996363614,2.1583744592039746,0.42748563202014894,4.8881900776365645,0.6469966812367732
cmaes,30,398,7,1.7873446306870493,-1.7873446306870493,2.716396996363614,2.1583744592039746,0.42748563202014894,4.8881900776365645,0.6469966812367732
cmaes,30,399,8,2.1705676785341343,-2.1705676785341343,2.716396996363614,2.1583744592039746,0.42748563202014894,4.8881900776365645,0.6469966812367732
cmaes,30,400,9,1.7279848008569787,-1.7279848008569787,2.716396996363614,2.1583744592039746,0.42748563202014894,4.8881900776365645,0.6469966812367732
cmaes,30,401,10,1.5531703260303653,-1.5531703260303653,2.716396996363614,2.1583744592039746,0.42748563202014894,4.8881900776365645,0.6469966812367732
cmaes,30,402,11,2.7108256289677635,-2.7108256289677635,2.716396996363614,2.1583744592039746,0.42748563202014894,4.8881900776365645,0.6469966812367732
cmaes,30,403,12,1.7286009600744072,-1.7286009600744072,2.716396996363614,2.1583744592039746,0.42748563202014894,4.8881900776365645,0.6469966812367732
cmaes,31,404,0,1.4821842505594258,-1.4821842505594258,3.931650162036372,2.346862085129099,0.6968903306058931,4.8881900776365645,0.634329081785503
cmaes,31,405,1,3.6837308620618963,-3.6837308620618963,3.931650162036372,2.346862085129099,0.6968903306058931,4.8881900776365645,0.634329081785503
cmaes,31,406,2,1.7547083178160354,-1.7547083178160354,3.931650162036372,2.346862085129099,0.6968903306058931,4.8881900776365645,0.634329081785503
cmaes,31,407,3,3.931650162036372,-3.931650162036372,3.931650162036372,2.346862085129099,0.6968903306058931,4.8881900776365645,0.634329081785503
cmaes,31,408,4,2.138750945874875,-2.138750945874875,3.931650162036372,2.346862085129099,0.6968903306058931,4.8881900776365645,0.634329081785503
cmaes,31,409,5,2.147199137053957,-2.147199137053957,3.931650162036372,2.346862085129099,0.6968903306058931,4.8881900776365645,0.634329081785503
cmaes,31,410,6,2.424597696781775,-2.424597696781775,3.931650162036372,2.346862085129099,0.6968903306058931,4.8881900776365645,0.634329081785503
cmaes,31,411,7,2.5424369840783685,-2.5424369840783685,3.931650162036372,2.346862085129099,0.6968903306058931,4.8881900776365645,0.634329081785503
cmaes,31,412,8,1.5289256038202275,-1.5289256038202275,3.931650162036372,2.346862085129099,0.6968903306058931,4.8881900776365645,0.634329081785503
cmaes,31,413,9,2.314942939236969,-2.314942939236969,3.931650162036372,2.346862085129099,0.6968903306058931,4.8881900776365645,0.634329081785503
cmaes,31,414,10,2.1008945768774274,-2.1008945768774274,3.931650162036372,2.346862085129099,0.6968903306058931,4.8881900776365645,0.634329081785503
cmaes,31,415,11,2.353958218611614,-2.353958218611614,3.931650162036372,2.346862085129099,0.6968903306058931,4.8881900776365645,0.634329081785503
cmaes,31,416,12,2.105227411869354,-2.105227411869354,3.931650162036372,2.346862085129099,0.6968903306058931,4.8881900776365645,0.634329081785503
cmaes,32,417,0,2.6963324500757384,-2.6963324500757384,3.656732911670236,2.3297645071772917,0.5285492623582413,4.8881900776365645,0.6210184930858382
cmaes,32,418,1,2.6144529766507816,-2.6144529766507816,3.656732911670236,2.3297645071772917,0.5285492623582413,4.8881900776365645,0.6210184930858382
cmaes,32,419,2,1.8835471738480134,-1.8835471738480134,3.656732911670236,2.3297645071772917,0.5285492623582413,4.8881900776365645,0.6210184930858382
cmaes,32,420,3,3.0045082661866247,-3.0045082661866247,3.656732911670236,2.3297645071772917,0.5285492623582413,4.8881900776365645,0.6210184930858382
cmaes,32,421,4,1.8744426048711276,-1.8744426048711276,3.656732911670236,2.3297645071772917,0.5285492623582413,4.8881900776365645,0.6210184930858382
cmaes,32,422,5,3.656732911670236,-3.656732911670236,3.656732911670236,2.3297645071772917,0.5285492623582413,4.8881900776365645,0.6210184930858382
cmaes,32,423,6,2.3420693105718287,-2.3420693105718287,3.656732911670236,2.3297645071772917,0.5285492623582413,4.8881900776365645,0.6210184930858382
cmaes,32,424,7,2.423105603295681,-2.423105603295681,3.656732911670236,2.3297645071772917,0.5285492623582413,4.8881900776365645,0.6210184930858382
cmaes,32,425,8,2.068599701323007,-2.068599701323007,3.656732911670236,2.3297645071772917,0.5285492623582413,4.8881900776365645,0.6210184930858382
cmaes,32,426,9,2.0330720661295016,-2.0330720661295016,3.656732911670236,2.3297645071772917,0.5285492623582413,4.8881900776365645,0.6210184930858382
cmaes,32,427,10,2.0818441636110907,-2.0818441636110907,3.656732911670236,2.3297645071772917,0.5285492623582413,4.8881900776365645,0.6210184930858382
cmaes,32,428,11,1.7187075891789951,-1.7187075891789951,3.656732911670236,2.3297645071772917,0.5285492623582413,4.8881900776365645,0.6210184930858382
cmaes,32,429,12,1.889523775892168,-1.889523775892168,3.656732911670236,2.3297645071772917,0.5285492623582413,4.8881900776365645,0.6210184930858382
cmaes,33,430,0,2.8004907373743957,-2.8004907373743957,3.9330380626840604,2.301878107740995,0.6631892092250421,4.8881900776365645,0.6165442656033624
cmaes,33,431,1,1.8128656439997182,-1.8128656439997182,3.9330380626840604,2.301878107740995,0.6631892092250421,4.8881900776365645,0.6165442656033624
cmaes,33,432,2,2.228615125160896,-2.228615125160896,3.9330380626840604,2.301878107740995,0.6631892092250421,4.8881900776365645,0.6165442656033624
cmaes,33,433,3,1.798869174191605,-1.798869174191605,3.9330380626840604,2.301878107740995,0.6631892092250421,4.8881900776365645,0.6165442656033624
cmaes,33,434,4,2.630461953561363,-2.630461953561363,3.9330380626840604,2.301878107740995,0.6631892092250421,4.8881900776365645,0.6165442656033624
cmaes,33,435,5,2.0827422609095274,-2.0827422609095274,3.9330380626840604,2.301878107740995,0.6631892092250421,4.8881900776365645,0.6165442656033624
cmaes,33,436,6,1.7515939088920849,-1.7515939088920849,3.9330380626840604,2.301878107740995,0.6631892092250421,4.8881900776365645,0.6165442656033624
cmaes,33,437,7,3.9330380626840604,-3.9330380626840604,3.9330380626840604,2.301878107740995,0.6631892092250421,4.8881900776365645,0.6165442656033624
cmaes,33,438,8,3.228626318192896,-3.228626318192896,3.9330380626840604,2.301878107740995,0.6631892092250421,4.8881900776365645,0.6165442656033624
cmaes,33,439,9,1.8228200915187622,-1.8228200915187622,3.9330380626840604,2.301878107740995,0.6631892092250421,4.8881900776365645,0.6165442656033624
cmaes,33,440,10,2.443248312463881,-2.443248312463881,3.9330380626840604,2.301878107740995,0.6631892092250421,4.8881900776365645,0.6165442656033624
cmaes,33,441,11,1.6308595272536464,-1.6308595272536464,3.9330380626840604,2.301878107740995,0.6631892092250421,4.8881900776365645,0.6165442656033624
cmaes,33,442,12,1.7601842844301006,-1.7601842844301006,3.9330380626840604,2.301878107740995,0.6631892092250421,4.8881900776365645,0.6165442656033624
cmaes,34,443,0,2.374355004253484,-2.374355004253484,3.283405953842927,2.417923925985979,0.4645307167683442,4.8881900776365645,0.6072041432311388
cmaes,34,444,1,2.107533437303349,-2.107533437303349,3.283405953842927,2.417923925985979,0.4645307167683442,4.8881900776365645,0.6072041432311388
cmaes,34,445,2,3.1710961819932573,-3.1710961819932573,3.283405953842927,2.417923925985979,0.4645307167683442,4.8881900776365645,0.6072041432311388
cmaes,34,446,3,2.0283910855648095,-2.0283910855648095,3.283405953842927,2.417923925985979,0.4645307167683442,4.8881900776365645,0.6072041432311388
cmaes,34,447,4,2.841150129385815,-2.841150129385815,3.283405953842927,2.417923925985979,0.4645307167683442,4.8881900776365645,0.6072041432311388
cmaes,34,448,5,2.1881464982204246,-2.1881464982204246,3.283405953842927,2.417923925985979,0.4645307167683442,4.8881900776365645,0.6072041432311388
cmaes,34,449,6,1.9271790301664105,-1.9271790301664105,3.283405953842927,2.417923925985979,0.4645307167683442,4.8881900776365645,0.6072041432311388
cmaes,34,450,7,3.0330416040920016,-3.0330416040920016,3.283405953842927,2.417923925985979,0.4645307167683442,4.8881900776365645,0.6072041432311388
cmaes,34,451,8,2.245497226975061,-2.245497226975061,3.283405953842927,2.417923925985979,0.4645307167683442,4.8881900776365645,0.6072041432311388
cmaes,34,452,9,2.1605819628329934,-2.1605819628329934,3.283405953842927,2.417923925985979,0.4645307167683442,4.8881900776365645,0.6072041432311388
cmaes,34,453,10,3.283405953842927,-3.283405953842927,3.283405953842927,2.417923925985979,0.4645307167683442,4.8881900776365645,0.6072041432311388
cmaes,34,454,11,2.054029990391239,-2.054029990391239,3.283405953842927,2.417923925985979,0.4645307167683442,4.8881900776365645,0.6072041432311388
cmaes,34,455,12,2.018602932795959,-2.018602932795959,3.283405953842927,2.417923925985979,0.4645307167683442,4.8881900776365645,0.6072041432311388
cmaes,35,456,0,1.6624403155682776,-1.6624403155682776,3.1070143933404935,2.1653819168631765,0.4529156465641432,4.8881900776365645,0.5970745331850382
cmaes,35,457,1,1.6443276189698617,-1.6443276189698617,3.1070143933404935,2.1653819168631765,0.4529156465641432,4.8881900776365645,0.5970745331850382
cmaes,35,458,2,2.159476174001495,-2.159476174001495,3.1070143933404935,2.1653819168631765,0.4529156465641432,4.8881900776365645,0.5970745331850382
cmaes,35,459,3,1.6046900845891379,-1.6046900845891379,3.1070143933404935,2.1653819168631765,0.4529156465641432,4.8881900776365645,0.5970745331850382
cmaes,35,460,4,2.2862376728803047,-2.2862376728803047,3.1070143933404935,2.1653819168631765,0.4529156465641432,4.8881900776365645,0.5970745331850382
cmaes,35,461,5,2.805185726457393,-2.805185726457393,3.1070143933404935,2.1653819168631765,0.4529156465641432,4.8881900776365645,0.5970745331850382
cmaes,35,462,6,1.6543972162429306,-1.6543972162429306,3.1070143933404935,2.1653819168631765,0.4529156465641432,4.8881900776365645,0.5970745331850382
cmaes,35,463,7,3.1070143933404935,-3.1070143933404935,3.1070143933404935,2.1653819168631765,0.4529156465641432,4.8881900776365645,0.5970745331850382
cmaes,35,464,8,2.4583530562006333,-2.4583530562006333,3.1070143933404935,2.1653819168631765,0.4529156465641432,4.8881900776365645,0.5970745331850382
cmaes,35,465,9,2.1742438497479704,-2.1742438497479704,3.1070143933404935,2.1653819168631765,0.4529156465641432,4.8881900776365645,0.5970745331850382
cmaes,35,466,10,2.4374425208419543,-2.4374425208419543,3.1070143933404935,2.1653819168631765,0.4529156465641432,4.8881900776365645,0.5970745331850382
cmaes,35,467,11,2.2792769626058558,-2.2792769626058558,3.1070143933404935,2.1653819168631765,0.4529156465641432,4.8881900776365645,0.5970745331850382
cmaes,35,468,12,1.8768793277749865,-1.8768793277749865,3.1070143933404935,2.1653819168631765,0.4529156465641432,4.8881900776365645,0.5970745331850382
cmaes,36,469,0,1.8584884267901123,-1.8584884267901123,3.203798210912524,2.3303257938447066,0.5315661758413861,4.8881900776365645,0.5929807665489886
cmaes,36,470,1,1.725877862975118,-1.725877862975118,3.203798210912524,2.3303257938447066,0.5315661758413861,4.8881900776365645,0.5929807665489886
cmaes,36,471,2,2.1767016610788232,-2.1767016610788232,3.203798210912524,2.3303257938447066,0.5315661758413861,4.8881900776365645,0.5929807665489886
cmaes,36,472,3,2.9645881751550007,-2.9645881751550007,3.203798210912524,2.3303257938447066,0.5315661758413861,4.8881900776365645,0.5929807665489886
cmaes,36,473,4,2.722839043008674,-2.722839043008674,3.203798210912524,2.3303257938447066,0.5315661758413861,4.8881900776365645,0.5929807665489886
cmaes,36,474,5,2.7543418869413756,-2.7543418869413756,3.203798210912524,2.3303257938447066,0.5315661758413861,4.8881900776365645,0.5929807665489886
cmaes,36,475,6,1.9947954703508601,-1.9947954703508601,3.203798210912524,2.3303257938447066,0.5315661758413861,4.8881900776365645,0.5929807665489886
cmaes,36,476,7,2.2128830152650774,-2.2128830152650774,3.203798210912524,2.3303257938447066,0.5315661758413861,4.8881900776365645,0.5929807665489886
cmaes,36,477,8,2.0116092399062513,-2.0116092399062513,3.203798210912524,2.3303257938447066,0.5315661758413861,4.8881900776365645,0.5929807665489886
cmaes,36,478,9,1.6523771503563776,-1.6523771503563776,3.203798210912524,2.3303257938447066,0.5315661758413861,4.8881900776365645,0.5929807665489886
cmaes,36,479,10,1.870807773014573,-1.870807773014573,3.203798210912524,2.3303257938447066,0.5315661758413861,4.8881900776365645,0.5929807665489886
cmaes,36,480,11,3.203798210912524,-3.203798210912524,3.203798210912524,2.3303257938447066,0.5315661758413861,4.8881900776365645,0.5929807665489886
cmaes,36,481,12,3.145127404226419,-3.145127404226419,3.203798210912524,2.3303257938447066,0.5315661758413861,4.8881900776365645,0.5929807665489886
cmaes,37,482,0,2.317936413243887,-2.317936413243887,3.4502042584820547,2.5102038545574135,0.5794134696941702,4.8881900776365645,0.5821273012668214
cmaes,37,483,1,1.6624754025264645,-1.6624754025264645,3.4502042584820547,2.5102038545574135,0.5794134696941702,4.8881900776365645,0.5821273012668214
cmaes,37,484,2,2.969215365738578,-2.969215365738578,3.4502042584820547,2.5102038545574135,0.5794134696941702,4.8881900776365645,0.5821273012668214
cmaes,37,485,3,2.0015146827460857,-2.0015146827460857,3.4502042584820547,2.5102038545574135,0.5794134696941702,4.8881900776365645,0.5821273012668214
cmaes,37,486,4,2.1041162150674793,-2.1041162150674793,3.4502042584820547,2.5102038545574135,0.5794134696941702,4.8881900776365645,0.5821273012668214
cmaes,37,487,5,3.0202195930631452,-3.0202195930631452,3.4502042584820547,2.5102038545574135,0.5794134696941702,4.8881900776365645,0.5821273012668214
cmaes,37,488,6,3.4502042584820547,-3.4502042584820547,3.4502042584820547,2.5102038545574135,0.5794134696941702,4.8881900776365645,0.5821273012668214
cmaes,37,489,7,2.1932261154225543,-2.1932261154225543,3.4502042584820547,2.5102038545574135,0.5794134696941702,4.8881900776365645,0.5821273012668214
cmaes,37,490,8,2.585897163761959,-2.585897163761959,3.4502042584820547,2.5102038545574135,0.5794134696941702,4.8881900776365645,0.5821273012668214
cmaes,37,491,9,1.6850342910915357,-1.6850342910915357,3.4502042584820547,2.5102038545574135,0.5794134696941702,4.8881900776365645,0.5821273012668214
cmaes,37,492,10,3.3834543040763627,-3.3834543040763627,3.4502042584820547,2.5102038545574135,0.5794134696941702,4.8881900776365645,0.5821273012668214
cmaes,37,493,11,2.2743998545067905,-2.2743998545067905,3.4502042584820547,2.5102038545574135,0.5794134696941702,4.8881900776365645,0.5821273012668214
cmaes,37,494,12,2.984956449519482,-2.984956449519482,3.4502042584820547,2.5102038545574135,0.5794134696941702,4.8881900776365645,0.5821273012668214
cmaes,38,495,0,3.1748916422863718,-3.1748916422863718,3.7567968037597232,2.136593803275824,0.6423825515241559,4.8881900776365645,0.5800184894905506
cmaes,38,496,1,2.2452128384706658,-2.2452128384706658,3.7567968037597232,2.136593803275824,0.6423825515241559,4.8881900776365645,0.5800184894905506
cmaes,38,497,2,2.455904350951912,-2.455904350951912,3.7567968037597232,2.136593803275824,0.6423825515241559,4.8881900776365645,0.5800184894905506
cmaes,38,498,3,1.7357089358932292,-1.7357089358932292,3.7567968037597232,2.136593803275824,0.6423825515241559,4.8881900776365645,0.5800184894905506
cmaes,38,499,4,1.9946874483542099,-1.9946874483542099,3.7567968037597232,2.136593803275824,0.6423825515241559,4.8881900776365645,0.5800184894905506
cmaes,38,500,5,2.058718574299792,-2.058718574299792,3.7567968037597232,2.136593803275824,0.6423825515241559,4.8881900776365645,0.5800184894905506
cmaes,38,501,6,1.5599094043101784,-1.5599094043101784,3.7567968037597232,2.136593803275824,0.6423825515241559,4.8881900776365645,0.5800184894905506
cmaes,38,502,7,1.4868427067325942,-1.4868427067325942,3.7567968037597232,2.136593803275824,0.6423825515241559,4.8881900776365645,0.5800184894905506
cmaes,38,503,8,1.6493106862063536,-1.6493106862063536,3.7567968037597232,2.136593803275824,0.6423825515241559,4.8881900776365645,0.5800184894905506
cmaes,38,504,9,1.5533879168285825,-1.5533879168285825,3.7567968037597232,2.136593803275824,0.6423825515241559,4.8881900776365645,0.5800184894905506
cmaes,38,505,10,3.7567968037597232,-3.7567968037597232,3.7567968037597232,2.136593803275824,0.6423825515241559,4.8881900776365645,0.5800184894905506
cmaes,38,506,11,2.136324573924998,-2.136324573924998,3.7567968037597232,2.136593803275824,0.6423825515241559,4.8881900776365645,0.5800184894905506
cmaes,38,507,12,1.968023560567106,-1.968023560567106,3.7567968037597232,2.136593803275824,0.6423825515241559,4.8881900776365645,0.5800184894905506
cmaes,39,508,0,1.696953286551365,-1.696953286551365,3.8074466956046966,2.445243465296539,0.543770719298558,4.8881900776365645,0.5939976630791516
cmaes,39,509,1,2.3344307115428418,-2.3344307115428418,3.8074466956046966,2.445243465296539,0.543770719298558,4.8881900776365645,0.5939976630791516
cmaes,39,510,2,2.5436906222693483,-2.5436906222693483,3.8074466956046966,2.445243465296539,0.543770719298558,4.8881900776365645,0.5939976630791516
cmaes,39,511,3,2.396355797317732,-2.396355797317732,3.8074466956046966,2.445243465296539,0.543770719298558,4.8881900776365645,0.5939976630791516
cmaes,39,512,4,2.668295654576556,-2.668295654576556,3.8074466956046966,2.445243465296539,0.543770719298558,4.8881900776365645,0.5939976630791516
cmaes,39,513,5,1.8802234792149897,-1.8802234792149897,3.8074466956046966,2.445243465296539,0.543770719298558,4.8881900776365645,0.5939976630791516
cmaes,39,514,6,2.0383576326114325,-2.0383576326114325,3.8074466956046966,2.445243465296539,0.543770719298558,4.8881900776365645,0.5939976630791516
cmaes,39,515,7,2.4578754062482675,-2.4578754062482675,3.8074466956046966,2.445243465296539,0.543770719298558,4.8881900776365645,0.5939976630791516
cmaes,39,516,8,2.561195586187642,-2.561195586187642,3.8074466956046966,2.445243465296539,0.543770719298558,4.8881900776365645,0.5939976630791516
cmaes,39,517,9,3.196118361516788,-3.196118361516788,3.8074466956046966,2.445243465296539,0.543770719298558,4.8881900776365645,0.5939976630791516
cmaes,39,518,10,2.274826368442042,-2.274826368442042,3.8074466956046966,2.445243465296539,0.543770719298558,4.8881900776365645,0.5939976630791516
cmaes,39,519,11,1.932395446771307,-1.932395446771307,3.8074466956046966,2.445243465296539,0.543770719298558,4.8881900776365645,0.5939976630791516
cmaes,39,520,12,3.8074466956046966,-3.8074466956046966,3.8074466956046966,2.445243465296539,0.543770719298558,4.8881900776365645,0.5939976630791516
cmaes,40,521,0,3.3679382536579237,-3.3679382536579237,3.957584214314276,2.6202566487150185,0.5797233512146583,4.8881900776365645,0.6174278820900663
cmaes,40,522,1,2.358528828081089,-2.358528828081089,3.957584214314276,2.6202566487150185,0.5797233512146583,4.8881900776365645,0.6174278820900663
cmaes,40,523,2,2.4278404570151575,-2.4278404570151575,3.957584214314276,2.6202566487150185,0.5797233512146583,4.8881900776365645,0.6174278820900663
cmaes,40,524,3,2.7569295697614846,-2.7569295697614846,3.957584214314276,2.6202566487150185,0.5797233512146583,4.8881900776365645,0.6174278820900663
cmaes,40,525,4,2.224733811139818,-2.224733811139818,3.957584214314276,2.6202566487150185,0.5797233512146583,4.8881900776365645,0.6174278820900663
cmaes,40,526,5,2.286410200766181,-2.286410200766181,3.957584214314276,2.6202566487150185,0.5797233512146583,4.8881900776365645,0.6174278820900663
cmaes,40,527,6,1.882252265447179,-1.882252265447179,3.957584214314276,2.6202566487150185,0.5797233512146583,4.8881900776365645,0.6174278820900663
cmaes,40,528,7,2.1258463964935097,-2.1258463964935097,3.957584214314276,2.6202566487150185,0.5797233512146583,4.8881900776365645,0.6174278820900663
cmaes,40,529,8,2.5723447660042424,-2.5723447660042424,3.957584214314276,2.6202566487150185,0.5797233512146583,4.8881900776365645,0.6174278820900663
cmaes,40,530,9,2.000192392782063,-2.000192392782063,3.957584214314276,2.6202566487150185,0.5797233512146583,4.8881900776365645,0.6174278820900663
cmaes,40,531,10,3.2537028386519684,-3.2537028386519684,3.957584214314276,2.6202566487150185,0.5797233512146583,4.8881900776365645,0.6174278820900663
cmaes,40,532,11,2.849032439180351,-2.849032439180351,3.957584214314276,2.6202566487150185,0.5797233512146583,4.8881900776365645,0.6174278820900663
cmaes,40,533,12,3.957584214314276,-3.957584214314276,3.957584214314276,2.6202566487150185,0.5797233512146583,4.8881900776365645,0.6174278820900663
cmaes,41,534,0,1.7405772849467238,-1.7405772849467238,3.3105961258947825,2.4451425668770597,0.4861907957047092,4.8881900776365645,0.6372458678699708
cmaes,41,535,1,2.7516896804960793,-2.7516896804960793,3.3105961258947825,2.4451425668770597,0.4861907957047092,4.8881900776365645,0.6372458678699708
cmaes,41,536,2,2.642397217070311,-2.642397217070311,3.3105961258947825,2.4451425668770597,0.4861907957047092,4.8881900776365645,0.6372458678699708
cmaes,41,537,3,2.023627407808426,-2.023627407808426,3.3105961258947825,2.4451425668770597,0.4861907957047092,4.8881900776365645,0.6372458678699708
cmaes,41,538,4,1.9427594937793558,-1.9427594937793558,3.3105961258947825,2.4451425668770597,0.4861907957047092,4.8881900776365645,0.6372458678699708
cmaes,41,539,5,3.190296557240812,-3.190296557240812,3.3105961258947825,2.4451425668770597,0.4861907957047092,4.8881900776365645,0.6372458678699708
cmaes,41,540,6,2.312607606931855,-2.312607606931855,3.3105961258947825,2.4451425668770597,0.4861907957047092,4.8881900776365645,0.6372458678699708
cmaes,41,541,7,3.3105961258947825,-3.3105961258947825,3.3105961258947825,2.4451425668770597,0.4861907957047092,4.8881900776365645,0.6372458678699708
cmaes,41,542,8,2.8450406127983245,-2.8450406127983245,3.3105961258947825,2.4451425668770597,0.4861907957047092,4.8881900776365645,0.6372458678699708
cmaes,41,543,9,1.9157526097717443,-1.9157526097717443,3.3105961258947825,2.4451425668770597,0.4861907957047092,4.8881900776365645,0.6372458678699708
cmaes,41,544,10,1.9767132378077776,-1.9767132378077776,3.3105961258947825,2.4451425668770597,0.4861907957047092,4.8881900776365645,0.6372458678699708
cmaes,41,545,11,2.5336183812512543,-2.5336183812512543,3.3105961258947825,2.4451425668770597,0.4861907957047092,4.8881900776365645,0.6372458678699708
cmaes,41,546,12,2.601177153604328,-2.601177153604328,3.3105961258947825,2.4451425668770597,0.4861907957047092,4.8881900776365645,0.6372458678699708
cmaes,42,547,0,1.6106414841289924,-1.6106414841289924,3.329304523621954,2.3968276276679243,0.5477161520631103,4.8881900776365645,0.6518809037002515
cmaes,42,548,1,2.6701068287146845,-2.6701068287146845,3.329304523621954,2.3968276276679243,0.5477161520631103,4.8881900776365645,0.6518809037002515
cmaes,42,549,2,2.4328180087033595,-2.4328180087033595,3.329304523621954,2.3968276276679243,0.5477161520631103,4.8881900776365645,0.6518809037002515
cmaes,42,550,3,2.2526498270550106,-2.2526498270550106,3.329304523621954,2.3968276276679243,0.5477161520631103,4.8881900776365645,0.6518809037002515
cmaes,42,551,4,1.9582387153583223,-1.9582387153583223,3.329304523621954,2.3968276276679243,0.5477161520631103,4.8881900776365645,0.6518809037002515
cmaes,42,552,5,3.1191215723866583,-3.1191215723866583,3.329304523621954,2.3968276276679243,0.5477161520631103,4.8881900776365645,0.6518809037002515
cmaes,42,553,6,1.796355435227646,-1.796355435227646,3.329304523621954,2.3968276276679243,0.5477161520631103,4.8881900776365645,0.6518809037002515
cmaes,42,554,7,3.329304523621954,-3.329304523621954,3.329304523621954,2.3968276276679243,0.5477161520631103,4.8881900776365645,0.6518809037002515
cmaes,42,555,8,2.226779335384859,-2.226779335384859,3.329304523621954,2.3968276276679243,0.5477161520631103,4.8881900776365645,0.6518809037002515
cmaes,42,556,9,1.7111327549528816,-1.7111327549528816,3.329304523621954,2.3968276276679243,0.5477161520631103,4.8881900776365645,0.6518809037002515
cmaes,42,557,10,3.257557749885097,-3.257557749885097,3.329304523621954,2.3968276276679243,0.5477161520631103,4.8881900776365645,0.6518809037002515
cmaes,42,558,11,2.3751521876534416,-2.3751521876534416,3.329304523621954,2.3968276276679243,0.5477161520631103,4.8881900776365645,0.6518809037002515
cmaes,42,559,12,2.418900736610111,-2.418900736610111,3.329304523621954,2.3968276276679243,0.5477161520631103,4.8881900776365645,0.6518809037002515
cmaes,43,560,0,1.8196524953901323,-1.8196524953901323,3.6668790223261127,2.4415212514951388,0.4924259670214561,4.8881900776365645,0.6584153064002352
cmaes,43,561,1,2.241339696371391,-2.241339696371391,3.6668790223261127,2.4415212514951388,0.4924259670214561,4.8881900776365645,0.6584153064002352
cmaes,43,562,2,2.0130355399725257,-2.0130355399725257,3.6668790223261127,2.4415212514951388,0.4924259670214561,4.8881900776365645,0.6584153064002352
cmaes,43,563,3,2.5469926160041725,-2.5469926160041725,3.6668790223261127,2.4415212514951388,0.4924259670214561,4.8881900776365645,0.6584153064002352
cmaes,43,564,4,1.970280143310966,-1.970280143310966,3.6668790223261127,2.4415212514951388,0.4924259670214561,4.8881900776365645,0.6584153064002352
cmaes,43,565,5,2.361378140680719,-2.361378140680719,3.6668790223261127,2.4415212514951388,0.4924259670214561,4.8881900776365645,0.6584153064002352
cmaes,43,566,6,2.1092005169132864,-2.1092005169132864,3.6668790223261127,2.4415212514951388,0.4924259670214561,4.8881900776365645,0.6584153064002352
cmaes,43,567,7,2.5715956975022363,-2.5715956975022363,3.6668790223261127,2.4415212514951388,0.4924259670214561,4.8881900776365645,0.6584153064002352
cmaes,43,568,8,3.1367056855688458,-3.1367056855688458,3.6668790223261127,2.4415212514951388,0.4924259670214561,4.8881900776365645,0.6584153064002352
cmaes,43,569,9,2.4934050502324823,-2.4934050502324823,3.6668790223261127,2.4415212514951388,0.4924259670214561,4.8881900776365645,0.6584153064002352
cmaes,43,570,10,2.7085678817999495,-2.7085678817999495,3.6668790223261127,2.4415212514951388,0.4924259670214561,4.8881900776365645,0.6584153064002352
cmaes,43,571,11,2.100743783363981,-2.100743783363981,3.6668790223261127,2.4415212514951388,0.4924259670214561,4.8881900776365645,0.6584153064002352
cmaes,43,572,12,3.6668790223261127,-3.6668790223261127,3.6668790223261127,2.4415212514951388,0.4924259670214561,4.8881900776365645,0.6584153064002352
cmaes,44,573,0,1.6623160113647113,-1.6623160113647113,3.7299409516136794,2.4919124565027158,0.5654975158633696,4.8881900776365645,0.6530532527676681
cmaes,44,574,1,2.094616534140513,-2.094616534140513,3.7299409516136794,2.4919124565027158,0.5654975158633696,4.8881900776365645,0.6530532527676681
cmaes,44,575,2,2.290915049134649,-2.290915049134649,3.7299409516136794,2.4919124565027158,0.5654975158633696,4.8881900776365645,0.6530532527676681
cmaes,44,576,3,2.0433181431543117,-2.0433181431543117,3.7299409516136794,2.4919124565027158,0.5654975158633696,4.8881900776365645,0.6530532527676681
cmaes,44,577,4,3.7299409516136794,-3.7299409516136794,3.7299409516136794,2.4919124565027158,0.5654975158633696,4.8881900776365645,0.6530532527676681
cmaes,44,578,5,1.706349685817985,-1.706349685817985,3.7299409516136794,2.4919124565027158,0.5654975158633696,4.8881900776365645,0.6530532527676681
cmaes,44,579,6,2.572989609448598,-2.572989609448598,3.7299409516136794,2.4919124565027158,0.5654975158633696,4.8881900776365645,0.6530532527676681
cmaes,44,580,7,3.21189366216989,-3.21189366216989,3.7299409516136794,2.4919124565027158,0.5654975158633696,4.8881900776365645,0.6530532527676681
cmaes,44,581,8,2.869984232487438,-2.869984232487438,3.7299409516136794,2.4919124565027158,0.5654975158633696,4.8881900776365645,0.6530532527676681
cmaes,44,582,9,2.511727477650768,-2.511727477650768,3.7299409516136794,2.4919124565027158,0.5654975158633696,4.8881900776365645,0.6530532527676681
cmaes,44,583,10,2.192850868465385,-2.192850868465385,3.7299409516136794,2.4919124565027158,0.5654975158633696,4.8881900776365645,0.6530532527676681
cmaes,44,584,11,2.643010585816154,-2.643010585816154,3.7299409516136794,2.4919124565027158,0.5654975158633696,4.8881900776365645,0.6530532527676681
cmaes,44,585,12,2.8649491232712267,-2.8649491232712267,3.7299409516136794,2.4919124565027158,0.5654975158633696,4.8881900776365645,0.6530532527676681
cmaes,45,586,0,2.4243107303069453,-2.4243107303069453,3.1757423793573536,2.582274351931647,0.41045498366733313,4.8881900776365645,0.6428717073821095
cmaes,45,587,1,2.2529914527675023,-2.2529914527675023,3.1757423793573536,2.582274351931647,0.41045498366733313,4.8881900776365645,0.6428717073821095
cmaes,45,588,2,2.983667367845768,-2.983667367845768,3.1757423793573536,2.582274351931647,0.41045498366733313,4.8881900776365645,0.6428717073821095
cmaes,45,589,3,2.906042495217441,-2.906042495217441,3.1757423793573536,2.582274351931647,0.41045498366733313,4.8881900776365645,0.6428717073821095
cmaes,45,590,4,3.11969325082416,-3.11969325082416,3.1757423793573536,2.582274351931647,0.41045498366733313,4.8881900776365645,0.6428717073821095
cmaes,45,591,5,2.2588905685589307,-2.2588905685589307,3.1757423793573536,2.582274351931647,0.41045498366733313,4.8881900776365645,0.6428717073821095
cmaes,45,592,6,3.1757423793573536,-3.1757423793573536,3.1757423793573536,2.582274351931647,0.41045498366733313,4.8881900776365645,0.6428717073821095
cmaes,45,593,7,2.5853389789011665,-2.5853389789011665,3.1757423793573536,2.582274351931647,0.41045498366733313,4.8881900776365645,0.6428717073821095
cmaes,45,594,8,2.947207690145437,-2.947207690145437,3.1757423793573536,2.582274351931647,0.41045498366733313,4.8881900776365645,0.6428717073821095
cmaes,45,595,9,2.1589493753459403,-2.1589493753459403,3.1757423793573536,2.582274351931647,0.41045498366733313,4.8881900776365645,0.6428717073821095
cmaes,45,596,10,1.8618658333262306,-1.8618658333262306,3.1757423793573536,2.582274351931647,0.41045498366733313,4.8881900776365645,0.6428717073821095
cmaes,45,597,11,2.1495339019558557,-2.1495339019558557,3.1757423793573536,2.582274351931647,0.41045498366733313,4.8881900776365645,0.6428717073821095
cmaes,45,598,12,2.745332550558682,-2.745332550558682,3.1757423793573536,2.582274351931647,0.41045498366733313,4.8881900776365645,0.6428717073821095
cmaes,46,599,0,2.278680628393323,-2.278680628393323,2.855311269843357,2.261594989242637,0.4055165078739951,4.8881900776365645,0.6582218689498796
cmaes,46,600,1,2.1066705248679085,-2.1066705248679085,2.855311269843357,2.261594989242637,0.4055165078739951,4.8881900776365645,0.6582218689498796
cmaes,46,601,2,1.6663520030300005,-1.6663520030300005,2.855311269843357,2.261594989242637,0.4055165078739951,4.8881900776365645,0.6582218689498796
cmaes,46,602,3,2.855311269843357,-2.855311269843357,2.855311269843357,2.261594989242637,0.4055165078739951,4.8881900776365645,0.6582218689498796
cmaes,46,603,4,1.7077874951478,-1.7077874951478,2.855311269843357,2.261594989242637,0.4055165078739951,4.8881900776365645,0.6582218689498796
cmaes,46,604,5,2.388585258648584,-2.388585258648584,2.855311269843357,2.261594989242637,0.4055165078739951,4.8881900776365645,0.6582218689498796
cmaes,46,605,6,2.792043671688582,-2.792043671688582,2.855311269843357,2.261594989242637,0.4055165078739951,4.8881900776365645,0.6582218689498796
cmaes,46,606,7,2.213980506999168,-2.213980506999168,2.855311269843357,2.261594989242637,0.4055165078739951,4.8881900776365645,0.6582218689498796
cmaes,46,607,8,2.7355972952939123,-2.7355972952939123,2.855311269843357,2.261594989242637,0.4055165078739951,4.8881900776365645,0.6582218689498796
cmaes,46,608,9,2.599404812269703,-2.599404812269703,2.855311269843357,2.261594989242637,0.4055165078739951,4.8881900776365645,0.6582218689498796
cmaes,46,609,10,2.253281405706707,-2.253281405706707,2.855311269843357,2.261594989242637,0.4055165078739951,4.8881900776365645,0.6582218689498796
cmaes,46,610,11,2.2193387771084323,-2.2193387771084323,2.855311269843357,2.261594989242637,0.4055165078739951,4.8881900776365645,0.6582218689498796
cmaes,46,611,12,1.5837012111567994,-1.5837012111567994,2.855311269843357,2.261594989242637,0.4055165078739951,4.8881900776365645,0.6582218689498796
cmaes,47,612,0,2.1763921778416373,-2.1763921778416373,3.446760302187003,2.5062941602236126,0.5275094528710643,4.8881900776365645,0.6535267143928427
cmaes,47,613,1,1.9815088933307698,-1.9815088933307698,3.446760302187003,2.5062941602236126,0.5275094528710643,4.8881900776365645,0.6535267143928427
cmaes,47,614,2,1.931945961754562,-1.931945961754562,3.446760302187003,2.5062941602236126,0.5275094528710643,4.8881900776365645,0.6535267143928427
cmaes,47,615,3,3.3051658738442207,-3.3051658738442207,3.446760302187003,2.5062941602236126,0.5275094528710643,4.8881900776365645,0.6535267143928427
cmaes,47,616,4,2.48718911705121,-2.48718911705121,3.446760302187003,2.5062941602236126,0.5275094528710643,4.8881900776365645,0.6535267143928427
cmaes,47,617,5,2.0906925752133785,-2.0906925752133785,3.446760302187003,2.5062941602236126,0.5275094528710643,4.8881900776365645,0.6535267143928427
cmaes,47,618,6,2.757613131379635,-2.757613131379635,3.446760302187003,2.5062941602236126,0.5275094528710643,4.8881900776365645,0.6535267143928427
cmaes,47,619,7,1.669201297002062,-1.669201297002062,3.446760302187003,2.5062941602236126,0.5275094528710643,4.8881900776365645,0.6535267143928427
cmaes,47,620,8,2.4095779165432267,-2.4095779165432267,3.446760302187003,2.5062941602236126,0.5275094528710643,4.8881900776365645,0.6535267143928427
cmaes,47,621,9,2.719086650404379,-2.719086650404379,3.446760302187003,2.5062941602236126,0.5275094528710643,4.8881900776365645,0.6535267143928427
cmaes,47,622,10,3.446760302187003,-3.446760302187003,3.446760302187003,2.5062941602236126,0.5275094528710643,4.8881900776365645,0.6535267143928427
cmaes,47,623,11,3.1293734773790267,-3.1293734773790267,3.446760302187003,2.5062941602236126,0.5275094528710643,4.8881900776365645,0.6535267143928427
cmaes,47,624,12,2.477316708975853,-2.477316708975853,3.446760302187003,2.5062941602236126,0.5275094528710643,4.8881900776365645,0.6535267143928427
cmaes,48,625,0,2.8367612401851123,-2.8367612401851123,3.9403086609277422,2.7959668278166303,0.6738933473788592,4.8881900776365645,0.6412689180893434
cmaes,48,626,1,3.872428393621312,-3.872428393621312,3.9403086609277422,2.7959668278166303,0.6738933473788592,4.8881900776365645,0.6412689180893434
cmaes,48,627,2,2.549591163802479,-2.549591163802479,3.9403086609277422,2.7959668278166303,0.6738933473788592,4.8881900776365645,0.6412689180893434
cmaes,48,628,3,2.665606175090964,-2.665606175090964,3.9403086609277422,2.7959668278166303,0.6738933473788592,4.8881900776365645,0.6412689180893434
cmaes,48,629,4,3.5400152756052043,-3.5400152756052043,3.9403086609277422,2.7959668278166303,0.6738933473788592,4.8881900776365645,0.6412689180893434
cmaes,48,630,5,3.052384764619279,-3.052384764619279,3.9403086609277422,2.7959668278166303,0.6738933473788592,4.8881900776365645,0.6412689180893434
cmaes,48,631,6,3.109574983141855,-3.109574983141855,3.9403086609277422,2.7959668278166303,0.6738933473788592,4.8881900776365645,0.6412689180893434
cmaes,48,632,7,1.8566402496453267,-1.8566402496453267,3.9403086609277422,2.7959668278166303,0.6738933473788592,4.8881900776365645,0.6412689180893434
cmaes,48,633,8,1.882558797111517,-1.882558797111517,3.9403086609277422,2.7959668278166303,0.6738933473788592,4.8881900776365645,0.6412689180893434
cmaes,48,634,9,1.9259257211390024,-1.9259257211390024,3.9403086609277422,2.7959668278166303,0.6738933473788592,4.8881900776365645,0.6412689180893434
cmaes,48,635,10,2.397606362389296,-2.397606362389296,3.9403086609277422,2.7959668278166303,0.6738933473788592,4.8881900776365645,0.6412689180893434
cmaes,48,636,11,3.9403086609277422,-3.9403086609277422,3.9403086609277422,2.7959668278166303,0.6738933473788592,4.8881900776365645,0.6412689180893434
cmaes,48,637,12,2.7181669743371035,-2.7181669743371035,3.9403086609277422,2.7959668278166303,0.6738933473788592,4.8881900776365645,0.6412689180893434
cmaes,49,638,0,3.1918529375179876,-3.1918529375179876,3.666211491805205,2.6981944034446266,0.5199981996714094,4.8881900776365645,0.6315708819520779
cmaes,49,639,1,2.6003595914886093,-2.6003595914886093,3.666211491805205,2.6981944034446266,0.5199981996714094,4.8881900776365645,0.6315708819520779
cmaes,49,640,2,2.627804089608379,-2.627804089608379,3.666211491805205,2.6981944034446266,0.5199981996714094,4.8881900776365645,0.6315708819520779
cmaes,49,641,3,3.666211491805205,-3.666211491805205,3.666211491805205,2.6981944034446266,0.5199981996714094,4.8881900776365645,0.6315708819520779
cmaes,49,642,4,1.8988957468022507,-1.8988957468022507,3.666211491805205,2.6981944034446266,0.5199981996714094,4.8881900776365645,0.6315708819520779
cmaes,49,643,5,2.789172290176421,-2.789172290176421,3.666211491805205,2.6981944034446266,0.5199981996714094,4.8881900776365645,0.6315708819520779
cmaes,49,644,6,2.3145054607662554,-2.3145054607662554,3.666211491805205,2.6981944034446266,0.5199981996714094,4.8881900776365645,0.6315708819520779
cmaes,49,645,7,2.499989209958861,-2.499989209958861,3.666211491805205,2.6981944034446266,0.5199981996714094,4.8881900776365645,0.6315708819520779
cmaes,49,646,8,3.0512809481328933,-3.0512809481328933,3.666211491805205,2.6981944034446266,0.5199981996714094,4.8881900776365645,0.6315708819520779
cmaes,49,647,9,2.2914121539806205,-2.2914121539806205,3.666211491805205,2.6981944034446266,0.5199981996714094,4.8881900776365645,0.6315708819520779
cmaes,49,648,10,3.1945692254695115,-3.1945692254695115,3.666211491805205,2.6981944034446266,0.5199981996714094,4.8881900776365645,0.6315708819520779
cmaes,49,649,11,3.127266851631637,-3.127266851631637,3.666211491805205,2.6981944034446266,0.5199981996714094,4.8881900776365645,0.6315708819520779
cmaes,49,650,12,1.8232072474415169,-1.8232072474415169,3.666211491805205,2.6981944034446266,0.5199981996714094,4.8881900776365645,0.6315708819520779
cmaes,50,651,0,1.9745885554078442,-1.9745885554078442,3.8571252961500226,2.554184417258608,0.6805951076092711,4.8881900776365645,0.628304740605905
cmaes,50,652,1,3.8571252961500226,-3.8571252961500226,3.8571252961500226,2.554184417258608,0.6805951076092711,4.8881900776365645,0.628304740605905
cmaes,50,653,2,1.6860128294913874,-1.6860128294913874,3.8571252961500226,2.554184417258608,0.6805951076092711,4.8881900776365645,0.628304740605905
cmaes,50,654,3,2.8069044469719873,-2.8069044469719873,3.8571252961500226,2.554184417258608,0.6805951076092711,4.8881900776365645,0.628304740605905
cmaes,50,655,4,1.8250172282174157,-1.8250172282174157,3.8571252961500226,2.554184417258608,0.6805951076092711,4.8881900776365645,0.628304740605905
cmaes,50,656,5,3.2856701893612597,-3.2856701893612597,3.8571252961500226,2.554184417258608,0.6805951076092711,4.8881900776365645,0.628304740605905
cmaes,50,657,6,2.5839437988161817,-2.5839437988161817,3.8571252961500226,2.554184417258608,0.6805951076092711,4.8881900776365645,0.628304740605905
cmaes,50,658,7,2.0944707260369553,-2.0944707260369553,3.8571252961500226,2.554184417258608,0.6805951076092711,4.8881900776365645,0.628304740605905
cmaes,50,659,8,2.437479359128588,-2.437479359128588,3.8571252961500226,2.554184417258608,0.6805951076092711,4.8881900776365645,0.628304740605905
cmaes,50,660,9,2.274959779961454,-2.274959779961454,3.8571252961500226,2.554184417258608,0.6805951076092711,4.8881900776365645,0.628304740605905
cmaes,50,661,10,2.675081534393105,-2.675081534393105,3.8571252961500226,2.554184417258608,0.6805951076092711,4.8881900776365645,0.628304740605905
cmaes,50,662,11,1.9547745311666138,-1.9547745311666138,3.8571252961500226,2.554184417258608,0.6805951076092711,4.8881900776365645,0.628304740605905
cmaes,50,663,12,3.748369149259084,-3.748369149259084,3.8571252961500226,2.554184417258608,0.6805951076092711,4.8881900776365645,0.628304740605905
cmaes,51,664,0,2.3259924316349534,-2.3259924316349534,3.3928181419005536,2.4629960854998973,0.44011983629924767,4.8881900776365645,0.6266100947198814
cmaes,51,665,1,3.015601351473846,-3.015601351473846,3.3928181419005536,2.4629960854998973,0.44011983629924767,4.8881900776365645,0.6266100947198814
cmaes,51,666,2,1.9728674934324506,-1.9728674934324506,3.3928181419005536,2.4629960854998973,0.44011983629924767,4.8881900776365645,0.6266100947198814
cmaes,51,667,3,2.82608460254046,-2.82608460254046,3.3928181419005536,2.4629960854998973,0.44011983629924767,4.8881900776365645,0.6266100947198814
cmaes,51,668,4,2.42629291319853,-2.42629291319853,3.3928181419005536,2.4629960854998973,0.44011983629924767,4.8881900776365645,0.6266100947198814
cmaes,51,669,5,2.0141401954917963,-2.0141401954917963,3.3928181419005536,2.4629960854998973,0.44011983629924767,4.8881900776365645,0.6266100947198814
cmaes,51,670,6,2.3164949972489484,-2.3164949972489484,3.3928181419005536,2.4629960854998973,0.44011983629924767,4.8881900776365645,0.6266100947198814
cmaes,51,671,7,2.7747503673642293,-2.7747503673642293,3.3928181419005536,2.4629960854998973,0.44011983629924767,4.8881900776365645,0.6266100947198814
cmaes,51,672,8,3.3928181419005536,-3.3928181419005536,3.3928181419005536,2.4629960854998973,0.44011983629924767,4.8881900776365645,0.6266100947198814
cmaes,51,673,9,1.8166498212215179,-1.8166498212215179,3.3928181419005536,2.4629960854998973,0.44011983629924767,4.8881900776365645,0.6266100947198814
cmaes,51,674,10,2.7375566685396895,-2.7375566685396895,3.3928181419005536,2.4629960854998973,0.44011983629924767,4.8881900776365645,0.6266100947198814
cmaes,51,675,11,2.246161345463864,-2.246161345463864,3.3928181419005536,2.4629960854998973,0.44011983629924767,4.8881900776365645,0.6266100947198814
cmaes,51,676,12,2.15353878198782,-2.15353878198782,3.3928181419005536,2.4629960854998973,0.44011983629924767,4.8881900776365645,0.6266100947198814
cmaes,52,677,0,3.2356395408782066,-3.2356395408782066,3.316368948979288,2.4372146832460073,0.5209209289108442,4.8881900776365645,0.6234089521230415
cmaes,52,678,1,2.898210784956131,-2.898210784956131,3.316368948979288,2.4372146832460073,0.5209209289108442,4.8881900776365645,0.6234089521230415
cmaes,52,679,2,2.283171659286691,-2.283171659286691,3.316368948979288,2.4372146832460073,0.5209209289108442,4.8881900776365645,0.6234089521230415
cmaes,52,680,3,3.316368948979288,-3.316368948979288,3.316368948979288,2.4372146832460073,0.5209209289108442,4.8881900776365645,0.6234089521230415
cmaes,52,681,4,1.6952032370083656,-1.6952032370083656,3.316368948979288,2.4372146832460073,0.5209209289108442,4.8881900776365645,0.6234089521230415
cmaes,52,682,5,3.042072207735661,-3.042072207735661,3.316368948979288,2.4372146832460073,0.5209209289108442,4.8881900776365645,0.6234089521230415
cmaes,52,683,6,2.425981752283657,-2.425981752283657,3.316368948979288,2.4372146832460073,0.5209209289108442,4.8881900776365645,0.6234089521230415
cmaes,52,684,7,2.097236807771657,-2.097236807771657,3.316368948979288,2.4372146832460073,0.5209209289108442,4.8881900776365645,0.6234089521230415
cmaes,52,685,8,2.544446111978364,-2.544446111978364,3.316368948979288,2.4372146832460073,0.5209209289108442,4.8881900776365645,0.6234089521230415
cmaes,52,686,9,1.9791744909246676,-1.9791744909246676,3.316368948979288,2.4372146832460073,0.5209209289108442,4.8881900776365645,0.6234089521230415
cmaes,52,687,10,1.8089398518900957,-1.8089398518900957,3.316368948979288,2.4372146832460073,0.5209209289108442,4.8881900776365645,0.6234089521230415
cmaes,52,688,11,1.9560075539225616,-1.9560075539225616,3.316368948979288,2.4372146832460073,0.5209209289108442,4.8881900776365645,0.6234089521230415
cmaes,52,689,12,2.4013379345827537,-2.4013379345827537,3.316368948979288,2.4372146832460073,0.5209209289108442,4.8881900776365645,0.6234089521230415
cmaes,53,690,0,4.020487147017316,-4.020487147017316,4.020487147017316,2.6697998582548945,0.6518393779400241,4.8881900776365645,0.6141944714688704
cmaes,53,691,1,2.0400340957116843,-2.0400340957116843,4.020487147017316,2.6697998582548945,0.6518393779400241,4.8881900776365645,0.6141944714688704
cmaes,53,692,2,3.03590021367677,-3.03590021367677,4.020487147017316,2.6697998582548945,0.6518393779400241,4.8881900776365645,0.6141944714688704
cmaes,53,693,3,2.775332356775314,-2.775332356775314,4.020487147017316,2.6697998582548945,0.6518393779400241,4.8881900776365645,0.6141944714688704
cmaes,53,694,4,2.6935056374908517,-2.6935056374908517,4.020487147017316,2.6697998582548945,0.6518393779400241,4.8881900776365645,0.6141944714688704
cmaes,53,695,5,2.2879859881437703,-2.2879859881437703,4.020487147017316,2.6697998582548945,0.6518393779400241,4.8881900776365645,0.6141944714688704
cmaes,53,696,6,2.1073451748607144,-2.1073451748607144,4.020487147017316,2.6697998582548945,0.6518393779400241,4.8881900776365645,0.6141944714688704
cmaes,53,697,7,2.267490937575121,-2.267490937575121,4.020487147017316,2.6697998582548945,0.6518393779400241,4.8881900776365645,0.6141944714688704
cmaes,53,698,8,3.510000509161808,-3.510000509161808,4.020487147017316,2.6697998582548945,0.6518393779400241,4.8881900776365645,0.6141944714688704
cmaes,53,699,9,1.864706589254884,-1.864706589254884,4.020487147017316,2.6697998582548945,0.6518393779400241,4.8881900776365645,0.6141944714688704
cmaes,53,700,10,2.7939455638653303,-2.7939455638653303,4.020487147017316,2.6697998582548945,0.6518393779400241,4.8881900776365645,0.6141944714688704
cmaes,53,701,11,1.8927681421431937,-1.8927681421431937,4.020487147017316,2.6697998582548945,0.6518393779400241,4.8881900776365645,0.6141944714688704
cmaes,53,702,12,3.4178958016368717,-3.4178958016368717,4.020487147017316,2.6697998582548945,0.6518393779400241,4.8881900776365645,0.6141944714688704
cmaes,54,703,0,2.228945914398393,-2.228945914398393,3.342875327248139,2.6968826930315424,0.4463845536469072,4.8881900776365645,0.6039615629312987
cmaes,54,704,1,3.0137825701301453,-3.0137825701301453,3.342875327248139,2.6968826930315424,0.4463845536469072,4.8881900776365645,0.6039615629312987
cmaes,54,705,2,2.833768038771564,-2.833768038771564,3.342875327248139,2.6968826930315424,0.4463845536469072,4.8881900776365645,0.6039615629312987
cmaes,54,706,3,2.0342495646022196,-2.0342495646022196,3.342875327248139,2.6968826930315424,0.4463845536469072,4.8881900776365645,0.6039615629312987
cmaes,54,707,4,2.0682333626938645,-2.0682333626938645,3.342875327248139,2.6968826930315424,0.4463845536469072,4.8881900776365645,0.6039615629312987
cmaes,54,708,5,2.5437202387117916,-2.5437202387117916,3.342875327248139,2.6968826930315424,0.4463845536469072,4.8881900776365645,0.6039615629312987
cmaes,54,709,6,2.669635479626103,-2.669635479626103,3.342875327248139,2.6968826930315424,0.4463845536469072,4.8881900776365645,0.6039615629312987
cmaes,54,710,7,3.164914157914773,-3.164914157914773,3.342875327248139,2.6968826930315424,0.4463845536469072,4.8881900776365645,0.6039615629312987
cmaes,54,711,8,2.5553232502744283,-2.5553232502744283,3.342875327248139,2.6968826930315424,0.4463845536469072,4.8881900776365645,0.6039615629312987
cmaes,54,712,9,3.039726035302182,-3.039726035302182,3.342875327248139,2.6968826930315424,0.4463845536469072,4.8881900776365645,0.6039615629312987
cmaes,54,713,10,3.332275828702101,-3.332275828702101,3.342875327248139,2.6968826930315424,0.4463845536469072,4.8881900776365645,0.6039615629312987
cmaes,54,714,11,2.23202524103435,-2.23202524103435,3.342875327248139,2.6968826930315424,0.4463845536469072,4.8881900776365645,0.6039615629312987
cmaes,54,715,12,3.342875327248139,-3.342875327248139,3.342875327248139,2.6968826930315424,0.4463845536469072,4.8881900776365645,0.6039615629312987
cmaes,55,716,0,3.3133465628920464,-3.3133465628920464,3.488841555792229,2.7150386840005707,0.4444990647708536,4.8881900776365645,0.5947722977181982
cmaes,55,717,1,2.2528406138297496,-2.2528406138297496,3.488841555792229,2.7150386840005707,0.4444990647708536,4.8881900776365645,0.5947722977181982
cmaes,55,718,2,2.50217877616759,-2.50217877616759,3.488841555792229,2.7150386840005707,0.4444990647708536,4.8881900776365645,0.5947722977181982
cmaes,55,719,3,2.1813846020404823,-2.1813846020404823,3.488841555792229,2.7150386840005707,0.4444990647708536,4.8881900776365645,0.5947722977181982
cmaes,55,720,4,3.049678031440329,-3.049678031440329,3.488841555792229,2.7150386840005707,0.4444990647708536,4.8881900776365645,0.5947722977181982
cmaes,55,721,5,2.680990252871357,-2.680990252871357,3.488841555792229,2.7150386840005707,0.4444990647708536,4.8881900776365645,0.5947722977181982
cmaes,55,722,6,2.2369041565579675,-2.2369041565579675,3.488841555792229,2.7150386840005707,0.4444990647708536,4.8881900776365645,0.5947722977181982
cmaes,55,723,7,2.576825239330969,-2.576825239330969,3.488841555792229,2.7150386840005707,0.4444990647708536,4.8881900776365645,0.5947722977181982
cmaes,55,724,8,2.511759562548083,-2.511759562548083,3.488841555792229,2.7150386840005707,0.4444990647708536,4.8881900776365645,0.5947722977181982
cmaes,55,725,9,2.419857753968506,-2.419857753968506,3.488841555792229,2.7150386840005707,0.4444990647708536,4.8881900776365645,0.5947722977181982
cmaes,55,726,10,3.488841555792229,-3.488841555792229,3.488841555792229,2.7150386840005707,0.4444990647708536,4.8881900776365645,0.5947722977181982
cmaes,55,727,11,2.612095639970252,-2.612095639970252,3.488841555792229,2.7150386840005707,0.4444990647708536,4.8881900776365645,0.5947722977181982
cmaes,55,728,12,3.4688001445978514,-3.4688001445978514,3.488841555792229,2.7150386840005707,0.4444990647708536,4.8881900776365645,0.5947722977181982
cmaes,56,729,0,3.483828797938758,-3.483828797938758,3.483828797938758,2.5009823019594837,0.4674996561128164,4.8881900776365645,0.5852454511879316
cmaes,56,730,1,1.9468584447908854,-1.9468584447908854,3.483828797938758,2.5009823019594837,0.4674996561128164,4.8881900776365645,0.5852454511879316
cmaes,56,731,2,2.5782757202316966,-2.5782757202316966,3.483828797938758,2.5009823019594837,0.4674996561128164,4.8881900776365645,0.5852454511879316
cmaes,56,732,3,2.0810901226792735,-2.0810901226792735,3.483828797938758,2.5009823019594837,0.4674996561128164,4.8881900776365645,0.5852454511879316
cmaes,56,733,4,2.859901074509519,-2.859901074509519,3.483828797938758,2.5009823019594837,0.4674996561128164,4.8881900776365645,0.5852454511879316
cmaes,56,734,5,2.8098418830972207,-2.8098418830972207,3.483828797938758,2.5009823019594837,0.4674996561128164,4.8881900776365645,0.5852454511879316
cmaes,56,735,6,2.0279250740942327,-2.0279250740942327,3.483828797938758,2.5009823019594837,0.4674996561128164,4.8881900776365645,0.5852454511879316
cmaes,56,736,7,3.139267277392765,-3.139267277392765,3.483828797938758,2.5009823019594837,0.4674996561128164,4.8881900776365645,0.5852454511879316
cmaes,56,737,8,2.199072322682842,-2.199072322682842,3.483828797938758,2.5009823019594837,0.4674996561128164,4.8881900776365645,0.5852454511879316
cmaes,56,738,9,2.6123680284667454,-2.6123680284667454,3.483828797938758,2.5009823019594837,0.4674996561128164,4.8881900776365645,0.5852454511879316
cmaes,56,739,10,1.854113006439984,-1.854113006439984,3.483828797938758,2.5009823019594837,0.4674996561128164,4.8881900776365645,0.5852454511879316
cmaes,56,740,11,2.510899771236921,-2.510899771236921,3.483828797938758,2.5009823019594837,0.4674996561128164,4.8881900776365645,0.5852454511879316
cmaes,56,741,12,2.409328401912444,-2.409328401912444,3.483828797938758,2.5009823019594837,0.4674996561128164,4.8881900776365645,0.5852454511879316
cmaes,57,742,0,2.39487887180132,-2.39487887180132,2.9957985837070136,2.1646858676241916,0.3518888303019909,4.8881900776365645,0.5802534765115845
cmaes,57,743,1,1.985530799682873,-1.985530799682873,2.9957985837070136,2.1646858676241916,0.3518888303019909,4.8881900776365645,0.5802534765115845
cmaes,57,744,2,2.9957985837070136,-2.9957985837070136,2.9957985837070136,2.1646858676241916,0.3518888303019909,4.8881900776365645,0.5802534765115845
cmaes,57,745,3,2.1879596012231923,-2.1879596012231923,2.9957985837070136,2.1646858676241916,0.3518888303019909,4.8881900776365645,0.5802534765115845
cmaes,57,746,4,2.020905853649775,-2.020905853649775,2.9957985837070136,2.1646858676241916,0.3518888303019909,4.8881900776365645,0.5802534765115845
cmaes,57,747,5,2.1494022802911523,-2.1494022802911523,2.9957985837070136,2.1646858676241916,0.3518888303019909,4.8881900776365645,0.5802534765115845
cmaes,57,748,6,2.329600471154543,-2.329600471154543,2.9957985837070136,2.1646858676241916,0.3518888303019909,4.8881900776365645,0.5802534765115845
cmaes,57,749,7,2.602874797969166,-2.602874797969166,2.9957985837070136,2.1646858676241916,0.3518888303019909,4.8881900776365645,0.5802534765115845
cmaes,57,750,8,1.7370537824938674,-1.7370537824938674,2.9957985837070136,2.1646858676241916,0.3518888303019909,4.8881900776365645,0.5802534765115845
cmaes,57,751,9,2.3065534242489547,-2.3065534242489547,2.9957985837070136,2.1646858676241916,0.3518888303019909,4.8881900776365645,0.5802534765115845
cmaes,57,752,10,1.7166794088646604,-1.7166794088646604,2.9957985837070136,2.1646858676241916,0.3518888303019909,4.8881900776365645,0.5802534765115845
cmaes,57,753,11,1.8557930327135461,-1.8557930327135461,2.9957985837070136,2.1646858676241916,0.3518888303019909,4.8881900776365645,0.5802534765115845
cmaes,57,754,12,1.8578853713144319,-1.8578853713144319,2.9957985837070136,2.1646858676241916,0.3518888303019909,4.8881900776365645,0.5802534765115845
cmaes,58,755,0,2.1418665938151946,-2.1418665938151946,3.6625985723047947,2.558214254812384,0.5099139298407463,4.8881900776365645,0.5811803548403202
cmaes,58,756,1,3.507764438957594,-3.507764438957594,3.6625985723047947,2.558214254812384,0.5099139298407463,4.8881900776365645,0.5811803548403202
cmaes,58,757,2,2.3255005637079105,-2.3255005637079105,3.6625985723047947,2.558214254812384,0.5099139298407463,4.8881900776365645,0.5811803548403202
cmaes,58,758,3,2.3661328464828646,-2.3661328464828646,3.6625985723047947,2.558214254812384,0.5099139298407463,4.8881900776365645,0.5811803548403202
cmaes,58,759,4,2.257687910650681,-2.257687910650681,3.6625985723047947,2.558214254812384,0.5099139298407463,4.8881900776365645,0.5811803548403202
cmaes,58,760,5,2.14141342722868,-2.14141342722868,3.6625985723047947,2.558214254812384,0.5099139298407463,4.8881900776365645,0.5811803548403202
cmaes,58,761,6,2.5733271199551915,-2.5733271199551915,3.6625985723047947,2.558214254812384,0.5099139298407463,4.8881900776365645,0.5811803548403202
cmaes,58,762,7,3.068142395400203,-3.068142395400203,3.6625985723047947,2.558214254812384,0.5099139298407463,4.8881900776365645,0.5811803548403202
cmaes,58,763,8,2.075067531231296,-2.075067531231296,3.6625985723047947,2.558214254812384,0.5099139298407463,4.8881900776365645,0.5811803548403202
cmaes,58,764,9,2.342614595794625,-2.342614595794625,3.6625985723047947,2.558214254812384,0.5099139298407463,4.8881900776365645,0.5811803548403202
cmaes,58,765,10,2.660469272010827,-2.660469272010827,3.6625985723047947,2.558214254812384,0.5099139298407463,4.8881900776365645,0.5811803548403202
cmaes,58,766,11,2.1342000450211267,-2.1342000450211267,3.6625985723047947,2.558214254812384,0.5099139298407463,4.8881900776365645,0.5811803548403202
cmaes,58,767,12,3.6625985723047947,-3.6625985723047947,3.6625985723047947,2.558214254812384,0.5099139298407463,4.8881900776365645,0.5811803548403202
cmaes,59,768,0,2.027997989494878,-2.027997989494878,3.9222042983439738,2.5392087769452303,0.6480792533719254,4.8881900776365645,0.5813039734051266
cmaes,59,769,1,2.9988997873622156,-2.9988997873622156,3.9222042983439738,2.5392087769452303,0.6480792533719254,4.8881900776365645,0.5813039734051266
cmaes,59,770,2,2.153812053325734,-2.153812053325734,3.9222042983439738,2.5392087769452303,0.6480792533719254,4.8881900776365645,0.5813039734051266
cmaes,59,771,3,3.704230324609783,-3.704230324609783,3.9222042983439738,2.5392087769452303,0.6480792533719254,4.8881900776365645,0.5813039734051266
cmaes,59,772,4,2.6524184048313684,-2.6524184048313684,3.9222042983439738,2.5392087769452303,0.6480792533719254,4.8881900776365645,0.5813039734051266
cmaes,59,773,5,2.6064608596260173,-2.6064608596260173,3.9222042983439738,2.5392087769452303,0.6480792533719254,4.8881900776365645,0.5813039734051266
cmaes,59,774,6,3.9222042983439738,-3.9222042983439738,3.9222042983439738,2.5392087769452303,0.6480792533719254,4.8881900776365645,0.5813039734051266
cmaes,59,775,7,2.0595140976473534,-2.0595140976473534,3.9222042983439738,2.5392087769452303,0.6480792533719254,4.8881900776365645,0.5813039734051266
cmaes,59,776,8,1.728680061976814,-1.728680061976814,3.9222042983439738,2.5392087769452303,0.6480792533719254,4.8881900776365645,0.5813039734051266
cmaes,59,777,9,1.9489099227795559,-1.9489099227795559,3.9222042983439738,2.5392087769452303,0.6480792533719254,4.8881900776365645,0.5813039734051266
cmaes,59,778,10,2.0880985340420364,-2.0880985340420364,3.9222042983439738,2.5392087769452303,0.6480792533719254,4.8881900776365645,0.5813039734051266
cmaes,59,779,11,2.3228188951833744,-2.3228188951833744,3.9222042983439738,2.5392087769452303,0.6480792533719254,4.8881900776365645,0.5813039734051266
cmaes,59,780,12,2.79566887106489,-2.79566887106489,3.9222042983439738,2.5392087769452303,0.6480792533719254,4.8881900776365645,0.5813039734051266
cmaes,60,781,0,3.9598294562450294,-3.9598294562450294,3.9598294562450294,2.7236900713548167,0.6733070486218828,4.8881900776365645,0.5625546844842474
cmaes,60,782,1,2.5952279810039327,-2.5952279810039327,3.9598294562450294,2.7236900713548167,0.6733070486218828,4.8881900776365645,0.5625546844842474
cmaes,60,783,2,2.02732970921282,-2.02732970921282,3.9598294562450294,2.7236900713548167,0.6733070486218828,4.8881900776365645,0.5625546844842474
cmaes,60,784,3,2.093429807373585,-2.093429807373585,3.9598294562450294,2.7236900713548167,0.6733070486218828,4.8881900776365645,0.5625546844842474
cmaes,60,785,4,1.9002909616083912,-1.9002909616083912,3.9598294562450294,2.7236900713548167,0.6733070486218828,4.8881900776365645,0.5625546844842474
cmaes,60,786,5,3.435646729600139,-3.435646729600139,3.9598294562450294,2.7236900713548167,0.6733070486218828,4.8881900776365645,0.5625546844842474
cmaes,60,787,6,2.9737684197166177,-2.9737684197166177,3.9598294562450294,2.7236900713548167,0.6733070486218828,4.8881900776365645,0.5625546844842474
cmaes,60,788,7,3.2944224431690303,-3.2944224431690303,3.9598294562450294,2.7236900713548167,0.6733070486218828,4.8881900776365645,0.5625546844842474
cmaes,60,789,8,1.9272838416970175,-1.9272838416970175,3.9598294562450294,2.7236900713548167,0.6733070486218828,4.8881900776365645,0.5625546844842474
cmaes,60,790,9,2.9474408505765055,-2.9474408505765055,3.9598294562450294,2.7236900713548167,0.6733070486218828,4.8881900776365645,0.5625546844842474
cmaes,60,791,10,2.538838093363998,-2.538838093363998,3.9598294562450294,2.7236900713548167,0.6733070486218828,4.8881900776365645,0.5625546844842474
cmaes,60,792,11,3.612034286895429,-3.612034286895429,3.9598294562450294,2.7236900713548167,0.6733070486218828,4.8881900776365645,0.5625546844842474
cmaes,60,793,12,2.102428347150119,-2.102428347150119,3.9598294562450294,2.7236900713548167,0.6733070486218828,4.8881900776365645,0.5625546844842474
cmaes,61,794,0,3.0381038497765003,-3.0381038497765003,3.3238483444126925,2.8007677050553426,0.4404402761555274,4.8881900776365645,0.54175297041837
cmaes,61,795,1,2.182031303994991,-2.182031303994991,3.3238483444126925,2.8007677050553426,0.4404402761555274,4.8881900776365645,0.54175297041837
cmaes,61,796,2,3.2574994373768433,-3.2574994373768433,3.3238483444126925,2.8007677050553426,0.4404402761555274,4.8881900776365645,0.54175297041837
cmaes,61,797,3,2.315851671025426,-2.315851671025426,3.3238483444126925,2.8007677050553426,0.4404402761555274,4.8881900776365645,0.54175297041837
cmaes,61,798,4,3.3238483444126925,-3.3238483444126925,3.3238483444126925,2.8007677050553426,0.4404402761555274,4.8881900776365645,0.54175297041837
cmaes,61,799,5,2.9087235811956327,-2.9087235811956327,3.3238483444126925,2.8007677050553426,0.4404402761555274,4.8881900776365645,0.54175297041837
cmaes,61,800,6,3.28907064339502,-3.28907064339502,3.3238483444126925,2.8007677050553426,0.4404402761555274,4.8881900776365645,0.54175297041837
cmaes,61,801,7,2.1086130985152414,-2.1086130985152414,3.3238483444126925,2.8007677050553426,0.4404402761555274,4.8881900776365645,0.54175297041837
cmaes,61,802,8,2.460812745140768,-2.460812745140768,3.3238483444126925,2.8007677050553426,0.4404402761555274,4.8881900776365645,0.54175297041837
cmaes,61,803,9,3.146276579503403,-3.146276579503403,3.3238483444126925,2.8007677050553426,0.4404402761555274,4.8881900776365645,0.54175297041837
cmaes,61,804,10,2.9680955017132633,-2.9680955017132633,3.3238483444126925,2.8007677050553426,0.4404402761555274,4.8881900776365645,0.54175297041837
cmaes,61,805,11,2.2841853741184672,-2.2841853741184672,3.3238483444126925,2.8007677050553426,0.4404402761555274,4.8881900776365645,0.54175297041837
cmaes,61,806,12,3.126868035551205,-3.126868035551205,3.3238483444126925,2.8007677050553426,0.4404402761555274,4.8881900776365645,0.54175297041837
cmaes,62,807,0,2.145728689319117,-2.145728689319117,4.259118101064166,2.7327413687792843,0.6517927716111619,4.8881900776365645,0.5383066256411293
cmaes,62,808,1,2.3132933576283623,-2.3132933576283623,4.259118101064166,2.7327413687792843,0.6517927716111619,4.8881900776365645,0.5383066256411293
cmaes,62,809,2,2.893958892735077,-2.893958892735077,4.259118101064166,2.7327413687792843,0.6517927716111619,4.8881900776365645,0.5383066256411293
cmaes,62,810,3,1.992765707421208,-1.992765707421208,4.259118101064166,2.7327413687792843,0.6517927716111619,4.8881900776365645,0.5383066256411293
cmaes,62,811,4,2.728074475680523,-2.728074475680523,4.259118101064166,2.7327413687792843,0.6517927716111619,4.8881900776365645,0.5383066256411293
cmaes,62,812,5,1.8987577947424552,-1.8987577947424552,4.259118101064166,2.7327413687792843,0.6517927716111619,4.8881900776365645,0.5383066256411293
cmaes,62,813,6,4.259118101064166,-4.259118101064166,4.259118101064166,2.7327413687792843,0.6517927716111619,4.8881900776365645,0.5383066256411293
cmaes,62,814,7,3.4870640084264255,-3.4870640084264255,4.259118101064166,2.7327413687792843,0.6517927716111619,4.8881900776365645,0.5383066256411293
cmaes,62,815,8,2.442239508059255,-2.442239508059255,4.259118101064166,2.7327413687792843,0.6517927716111619,4.8881900776365645,0.5383066256411293
cmaes,62,816,9,3.406919703954086,-3.406919703954086,4.259118101064166,2.7327413687792843,0.6517927716111619,4.8881900776365645,0.5383066256411293
cmaes,62,817,10,3.0793006894168315,-3.0793006894168315,4.259118101064166,2.7327413687792843,0.6517927716111619,4.8881900776365645,0.5383066256411293
cmaes,62,818,11,2.4782647236261144,-2.4782647236261144,4.259118101064166,2.7327413687792843,0.6517927716111619,4.8881900776365645,0.5383066256411293
cmaes,62,819,12,2.4001521420570757,-2.4001521420570757,4.259118101064166,2.7327413687792843,0.6517927716111619,4.8881900776365645,0.5383066256411293
cmaes,63,820,0,3.0712514648663447,-3.0712514648663447,4.385951179720587,2.9781493766394047,0.6575209900048772,4.8881900776365645,0.5356386869336051
cmaes,63,821,1,2.6697556160773437,-2.6697556160773437,4.385951179720587,2.9781493766394047,0.6575209900048772,4.8881900776365645,0.5356386869336051
cmaes,63,822,2,4.120862586295878,-4.120862586295878,4.385951179720587,2.9781493766394047,0.6575209900048772,4.8881900776365645,0.5356386869336051
cmaes,63,823,3,3.0998295775500853,-3.0998295775500853,4.385951179720587,2.9781493766394047,0.6575209900048772,4.8881900776365645,0.5356386869336051
cmaes,63,824,4,2.171602833671157,-2.171602833671157,4.385951179720587,2.9781493766394047,0.6575209900048772,4.8881900776365645,0.5356386869336051
cmaes,63,825,5,2.505350452802134,-2.505350452802134,4.385951179720587,2.9781493766394047,0.6575209900048772,4.8881900776365645,0.5356386869336051
cmaes,63,826,6,3.24008326389821,-3.24008326389821,4.385951179720587,2.9781493766394047,0.6575209900048772,4.8881900776365645,0.5356386869336051
cmaes,63,827,7,2.7975917713826033,-2.7975917713826033,4.385951179720587,2.9781493766394047,0.6575209900048772,4.8881900776365645,0.5356386869336051
cmaes,63,828,8,4.385951179720587,-4.385951179720587,4.385951179720587,2.9781493766394047,0.6575209900048772,4.8881900776365645,0.5356386869336051
cmaes,63,829,9,2.6171938060498388,-2.6171938060498388,4.385951179720587,2.9781493766394047,0.6575209900048772,4.8881900776365645,0.5356386869336051
cmaes,63,830,10,2.283300062958604,-2.283300062958604,4.385951179720587,2.9781493766394047,0.6575209900048772,4.8881900776365645,0.5356386869336051
cmaes,63,831,11,2.326558250459828,-2.326558250459828,4.385951179720587,2.9781493766394047,0.6575209900048772,4.8881900776365645,0.5356386869336051
cmaes,63,832,12,3.42661103057965,-3.42661103057965,4.385951179720587,2.9781493766394047,0.6575209900048772,4.8881900776365645,0.5356386869336051
cmaes,64,833,0,4.927929817093616,-4.927929817093616,4.927929817093616,3.1142226464181233,0.7517121164028057,4.927929817093616,0.5382486380241875
cmaes,64,834,1,1.8478397636048713,-1.8478397636048713,4.927929817093616,3.1142226464181233,0.7517121164028057,4.927929817093616,0.5382486380241875
cmaes,64,835,2,3.8749711031658225,-3.8749711031658225,4.927929817093616,3.1142226464181233,0.7517121164028057,4.927929817093616,0.5382486380241875
cmaes,64,836,3,3.8812164520589167,-3.8812164520589167,4.927929817093616,3.1142226464181233,0.7517121164028057,4.927929817093616,0.5382486380241875
cmaes,64,837,4,2.6687211132111592,-2.6687211132111592,4.927929817093616,3.1142226464181233,0.7517121164028057,4.927929817093616,0.5382486380241875
cmaes,64,838,5,2.9596577319060606,-2.9596577319060606,4.927929817093616,3.1142226464181233,0.7517121164028057,4.927929817093616,0.5382486380241875
cmaes,64,839,6,2.6676715279425007,-2.6676715279425007,4.927929817093616,3.1142226464181233,0.7517121164028057,4.927929817093616,0.5382486380241875
cmaes,64,840,7,2.975166531080978,-2.975166531080978,4.927929817093616,3.1142226464181233,0.7517121164028057,4.927929817093616,0.5382486380241875
cmaes,64,841,8,3.048656542848749,-3.048656542848749,4.927929817093616,3.1142226464181233,0.7517121164028057,4.927929817093616,0.5382486380241875
cmaes,64,842,9,2.315364224922135,-2.315364224922135,4.927929817093616,3.1142226464181233,0.7517121164028057,4.927929817093616,0.5382486380241875
cmaes,64,843,10,2.9036097851178457,-2.9036097851178457,4.927929817093616,3.1142226464181233,0.7517121164028057,4.927929817093616,0.5382486380241875
cmaes,64,844,11,2.942018951536153,-2.942018951536153,4.927929817093616,3.1142226464181233,0.7517121164028057,4.927929817093616,0.5382486380241875
cmaes,64,845,12,3.4720708589467906,-3.4720708589467906,4.927929817093616,3.1142226464181233,0.7517121164028057,4.927929817093616,0.5382486380241875
cmaes,65,846,0,2.1236635992798716,-2.1236635992798716,4.328024897133437,2.827414066633566,0.5655534999261864,4.927929817093616,0.5281596429895296
cmaes,65,847,1,4.328024897133437,-4.328024897133437,4.328024897133437,2.827414066633566,0.5655534999261864,4.927929817093616,0.5281596429895296
cmaes,65,848,2,2.794933702932659,-2.794933702932659,4.328024897133437,2.827414066633566,0.5655534999261864,4.927929817093616,0.5281596429895296
cmaes,65,849,3,3.0004315020014034,-3.0004315020014034,4.328024897133437,2.827414066633566,0.5655534999261864,4.927929817093616,0.5281596429895296
cmaes,65,850,4,3.1270190454175957,-3.1270190454175957,4.328024897133437,2.827414066633566,0.5655534999261864,4.927929817093616,0.5281596429895296
cmaes,65,851,5,2.191604889848363,-2.191604889848363,4.328024897133437,2.827414066633566,0.5655534999261864,4.927929817093616,0.5281596429895296
cmaes,65,852,6,2.181870204173914,-2.181870204173914,4.328024897133437,2.827414066633566,0.5655534999261864,4.927929817093616,0.5281596429895296
cmaes,65,853,7,3.000516094719623,-3.000516094719623,4.328024897133437,2.827414066633566,0.5655534999261864,4.927929817093616,0.5281596429895296
cmaes,65,854,8,3.0318489833312467,-3.0318489833312467,4.328024897133437,2.827414066633566,0.5655534999261864,4.927929817093616,0.5281596429895296
cmaes,65,855,9,3.1611912983372634,-3.1611912983372634,4.328024897133437,2.827414066633566,0.5655534999261864,4.927929817093616,0.5281596429895296
cmaes,65,856,10,2.356689713267024,-2.356689713267024,4.328024897133437,2.827414066633566,0.5655534999261864,4.927929817093616,0.5281596429895296
cmaes,65,857,11,2.578915849195157,-2.578915849195157,4.328024897133437,2.827414066633566,0.5655534999261864,4.927929817093616,0.5281596429895296
cmaes,65,858,12,2.8796730865988023,-2.8796730865988023,4.328024897133437,2.827414066633566,0.5655534999261864,4.927929817093616,0.5281596429895296
cmaes,66,859,0,2.7524624736299153,-2.7524624736299153,3.506926654517051,2.749048962168828,0.3803287255118522,4.927929817093616,0.5206646239816195
cmaes,66,860,1,2.902368186138379,-2.902368186138379,3.506926654517051,2.749048962168828,0.3803287255118522,4.927929817093616,0.5206646239816195
cmaes,66,861,2,2.1918783568926767,-2.1918783568926767,3.506926654517051,2.749048962168828,0.3803287255118522,4.927929817093616,0.5206646239816195
cmaes,66,862,3,2.2040305144198724,-2.2040305144198724,3.506926654517051,2.749048962168828,0.3803287255118522,4.927929817093616,0.5206646239816195
cmaes,66,863,4,2.68882366664077,-2.68882366664077,3.506926654517051,2.749048962168828,0.3803287255118522,4.927929817093616,0.5206646239816195
cmaes,66,864,5,2.725548719449367,-2.725548719449367,3.506926654517051,2.749048962168828,0.3803287255118522,4.927929817093616,0.5206646239816195
cmaes,66,865,6,2.98010762417549,-2.98010762417549,3.506926654517051,2.749048962168828,0.3803287255118522,4.927929817093616,0.5206646239816195
cmaes,66,866,7,2.9443220533405055,-2.9443220533405055,3.506926654517051,2.749048962168828,0.3803287255118522,4.927929817093616,0.5206646239816195
cmaes,66,867,8,3.0401605311916624,-3.0401605311916624,3.506926654517051,2.749048962168828,0.3803287255118522,4.927929817093616,0.5206646239816195
cmaes,66,868,9,2.295450237710924,-2.295450237710924,3.506926654517051,2.749048962168828,0.3803287255118522,4.927929817093616,0.5206646239816195
cmaes,66,869,10,3.506926654517051,-3.506926654517051,3.506926654517051,2.749048962168828,0.3803287255118522,4.927929817093616,0.5206646239816195
cmaes,66,870,11,3.1328072860457414,-3.1328072860457414,3.506926654517051,2.749048962168828,0.3803287255118522,4.927929817093616,0.5206646239816195
cmaes,66,871,12,2.372750204042406,-2.372750204042406,3.506926654517051,2.749048962168828,0.3803287255118522,4.927929817093616,0.5206646239816195
cmaes,67,872,0,2.4264955996720223,-2.4264955996720223,3.9046908304411954,2.7152595425365513,0.5563131372981405,4.927929817093616,0.5203589011239896
cmaes,67,873,1,1.806654239528685,-1.806654239528685,3.9046908304411954,2.7152595425365513,0.5563131372981405,4.927929817093616,0.5203589011239896
cmaes,67,874,2,2.3170241422378455,-2.3170241422378455,3.9046908304411954,2.7152595425365513,0.5563131372981405,4.927929817093616,0.5203589011239896
cmaes,67,875,3,2.2522702612765904,-2.2522702612765904,3.9046908304411954,2.7152595425365513,0.5563131372981405,4.927929817093616,0.5203589011239896
cmaes,67,876,4,2.2243462541737706,-2.2243462541737706,3.9046908304411954,2.7152595425365513,0.5563131372981405,4.927929817093616,0.5203589011239896
cmaes,67,877,5,2.2192125472690325,-2.2192125472690325,3.9046908304411954,2.7152595425365513,0.5563131372981405,4.927929817093616,0.5203589011239896
cmaes,67,878,6,2.714953025562899,-2.714953025562899,3.9046908304411954,2.7152595425365513,0.5563131372981405,4.927929817093616,0.5203589011239896
cmaes,67,879,7,3.3536935008696642,-3.3536935008696642,3.9046908304411954,2.7152595425365513,0.5563131372981405,4.927929817093616,0.5203589011239896
cmaes,67,880,8,2.880539273546437,-2.880539273546437,3.9046908304411954,2.7152595425365513,0.5563131372981405,4.927929817093616,0.5203589011239896
cmaes,67,881,9,3.9046908304411954,-3.9046908304411954,3.9046908304411954,2.7152595425365513,0.5563131372981405,4.927929817093616,0.5203589011239896
cmaes,67,882,10,3.1908099182061584,-3.1908099182061584,3.9046908304411954,2.7152595425365513,0.5563131372981405,4.927929817093616,0.5203589011239896
cmaes,67,883,11,3.081200174659548,-3.081200174659548,3.9046908304411954,2.7152595425365513,0.5563131372981405,4.927929817093616,0.5203589011239896
cmaes,67,884,12,2.9264842855313216,-2.9264842855313216,3.9046908304411954,2.7152595425365513,0.5563131372981405,4.927929817093616,0.5203589011239896
cmaes,68,885,0,2.8867622806911784,-2.8867622806911784,2.8867622806911784,2.539826078889892,0.2921272388215176,4.927929817093616,0.5136434830699076
cmaes,68,886,1,2.3660106347529566,-2.3660106347529566,2.8867622806911784,2.539826078889892,0.2921272388215176,4.927929817093616,0.5136434830699076
cmaes,68,887,2,2.731949113957338,-2.731949113957338,2.8867622806911784,2.539826078889892,0.2921272388215176,4.927929817093616,0.5136434830699076
cmaes,68,888,3,2.1523592199927832,-2.1523592199927832,2.8867622806911784,2.539826078889892,0.2921272388215176,4.927929817093616,0.5136434830699076
cmaes,68,889,4,2.777813284757029,-2.777813284757029,2.8867622806911784,2.539826078889892,0.2921272388215176,4.927929817093616,0.5136434830699076
cmaes,68,890,5,2.8081423198404205,-2.8081423198404205,2.8867622806911784,2.539826078889892,0.2921272388215176,4.927929817093616,0.5136434830699076
cmaes,68,891,6,2.419386603869232,-2.419386603869232,2.8867622806911784,2.539826078889892,0.2921272388215176,4.927929817093616,0.5136434830699076
cmaes,68,892,7,2.6521577598977952,-2.6521577598977952,2.8867622806911784,2.539826078889892,0.2921272388215176,4.927929817093616,0.5136434830699076
cmaes,68,893,8,2.7618600945445637,-2.7618600945445637,2.8867622806911784,2.539826078889892,0.2921272388215176,4.927929817093616,0.5136434830699076
cmaes,68,894,9,2.256385717673071,-2.256385717673071,2.8867622806911784,2.539826078889892,0.2921272388215176,4.927929817093616,0.5136434830699076
cmaes,68,895,10,1.9568071882776223,-1.9568071882776223,2.8867622806911784,2.539826078889892,0.2921272388215176,4.927929817093616,0.5136434830699076
cmaes,68,896,11,2.8812367127071488,-2.8812367127071488,2.8867622806911784,2.539826078889892,0.2921272388215176,4.927929817093616,0.5136434830699076
cmaes,68,897,12,2.366868094607457,-2.366868094607457,2.8867622806911784,2.539826078889892,0.2921272388215176,4.927929817093616,0.5136434830699076
cmaes,69,898,0,2.952495194532452,-2.952495194532452,3.497655038726685,2.716216518988233,0.5070338612379248,4.927929817093616,0.5073209287327753
cmaes,69,899,1,2.9765858085969494,-2.9765858085969494,3.497655038726685,2.716216518988233,0.5070338612379248,4.927929817093616,0.5073209287327753
cmaes,69,900,2,2.5323412228947846,-2.5323412228947846,3.497655038726685,2.716216518988233,0.5070338612379248,4.927929817093616,0.5073209287327753
cmaes,69,901,3,2.457613831385705,-2.457613831385705,3.497655038726685,2.716216518988233,0.5070338612379248,4.927929817093616,0.5073209287327753
cmaes,69,902,4,3.497655038726685,-3.497655038726685,3.497655038726685,2.716216518988233,0.5070338612379248,4.927929817093616,0.5073209287327753
cmaes,69,903,5,3.3490184284229594,-3.3490184284229594,3.497655038726685,2.716216518988233,0.5070338612379248,4.927929817093616,0.5073209287327753
cmaes,69,904,6,2.085727218536119,-2.085727218536119,3.497655038726685,2.716216518988233,0.5070338612379248,4.927929817093616,0.5073209287327753
cmaes,69,905,7,1.8400121405974625,-1.8400121405974625,3.497655038726685,2.716216518988233,0.5070338612379248,4.927929817093616,0.5073209287327753
cmaes,69,906,8,2.8613842474502507,-2.8613842474502507,3.497655038726685,2.716216518988233,0.5070338612379248,4.927929817093616,0.5073209287327753
cmaes,69,907,9,1.998029531190699,-1.998029531190699,3.497655038726685,2.716216518988233,0.5070338612379248,4.927929817093616,0.5073209287327753
cmaes,69,908,10,2.5597293355289263,-2.5597293355289263,3.497655038726685,2.716216518988233,0.5070338612379248,4.927929817093616,0.5073209287327753
cmaes,69,909,11,2.8935467905045598,-2.8935467905045598,3.497655038726685,2.716216518988233,0.5070338612379248,4.927929817093616,0.5073209287327753
cmaes,69,910,12,3.306675958479481,-3.306675958479481,3.497655038726685,2.716216518988233,0.5070338612379248,4.927929817093616,0.5073209287327753
cmaes,70,911,0,2.5697616892010955,-2.5697616892010955,3.408535212294421,2.659682921706299,0.4137596449756595,4.927929817093616,0.49380196693311146
cmaes,70,912,1,2.746867879122084,-2.746867879122084,3.408535212294421,2.659682921706299,0.4137596449756595,4.927929817093616,0.49380196693311146
cmaes,70,913,2,2.834297964281117,-2.834297964281117,3.408535212294421,2.659682921706299,0.4137596449756595,4.927929817093616,0.49380196693311146
cmaes,70,914,3,2.1404168753307697,-2.1404168753307697,3.408535212294421,2.659682921706299,0.4137596449756595,4.927929817093616,0.49380196693311146
cmaes,70,915,4,2.5751222306611883,-2.5751222306611883,3.408535212294421,2.659682921706299,0.4137596449756595,4.927929817093616,0.49380196693311146
cmaes,70,916,5,3.408535212294421,-3.408535212294421,3.408535212294421,2.659682921706299,0.4137596449756595,4.927929817093616,0.49380196693311146
cmaes,70,917,6,3.240398499169703,-3.240398499169703,3.408535212294421,2.659682921706299,0.4137596449756595,4.927929817093616,0.49380196693311146
cmaes,70,918,7,3.009783924061288,-3.009783924061288,3.408535212294421,2.659682921706299,0.4137596449756595,4.927929817093616,0.49380196693311146
cmaes,70,919,8,2.253026402645595,-2.253026402645595,3.408535212294421,2.659682921706299,0.4137596449756595,4.927929817093616,0.49380196693311146
cmaes,70,920,9,2.850234881341568,-2.850234881341568,3.408535212294421,2.659682921706299,0.4137596449756595,4.927929817093616,0.49380196693311146
cmaes,70,921,10,1.9700391810227476,-1.9700391810227476,3.408535212294421,2.659682921706299,0.4137596449756595,4.927929817093616,0.49380196693311146
cmaes,70,922,11,2.218275991078945,-2.218275991078945,3.408535212294421,2.659682921706299,0.4137596449756595,4.927929817093616,0.49380196693311146
cmaes,70,923,12,2.75911725197137,-2.75911725197137,3.408535212294421,2.659682921706299,0.4137596449756595,4.927929817093616,0.49380196693311146
cmaes,71,924,0,2.232320346797609,-2.232320346797609,4.7869630296738785,2.8979343548846503,0.6865427630134975,4.927929817093616,0.48094161450085227
cmaes,71,925,1,3.071840538571096,-3.071840538571096,4.7869630296738785,2.8979343548846503,0.6865427630134975,4.927929817093616,0.48094161450085227
cmaes,71,926,2,2.293408442215314,-2.293408442215314,4.7869630296738785,2.8979343548846503,0.6865427630134975,4.927929817093616,0.48094161450085227
cmaes,71,927,3,2.1250681499205566,-2.1250681499205566,4.7869630296738785,2.8979343548846503,0.6865427630134975,4.927929817093616,0.48094161450085227
cmaes,71,928,4,3.2645009977714636,-3.2645009977714636,4.7869630296738785,2.8979343548846503,0.6865427630134975,4.927929817093616,0.48094161450085227
cmaes,71,929,5,2.0965791147316017,-2.0965791147316017,4.7869630296738785,2.8979343548846503,0.6865427630134975,4.927929817093616,0.48094161450085227
cmaes,71,930,6,3.327331437361302,-3.327331437361302,4.7869630296738785,2.8979343548846503,0.6865427630134975,4.927929817093616,0.48094161450085227
cmaes,71,931,7,2.8406441825692443,-2.8406441825692443,4.7869630296738785,2.8979343548846503,0.6865427630134975,4.927929817093616,0.48094161450085227
cmaes,71,932,8,3.0637881261631765,-3.0637881261631765,4.7869630296738785,2.8979343548846503,0.6865427630134975,4.927929817093616,0.48094161450085227
cmaes,71,933,9,2.794370605361995,-2.794370605361995,4.7869630296738785,2.8979343548846503,0.6865427630134975,4.927929817093616,0.48094161450085227
cmaes,71,934,10,3.1334360631892855,-3.1334360631892855,4.7869630296738785,2.8979343548846503,0.6865427630134975,4.927929817093616,0.48094161450085227
cmaes,71,935,11,2.6428955791739335,-2.6428955791739335,4.7869630296738785,2.8979343548846503,0.6865427630134975,4.927929817093616,0.48094161450085227
cmaes,71,936,12,4.7869630296738785,-4.7869630296738785,4.7869630296738785,2.8979343548846503,0.6865427630134975,4.927929817093616,0.48094161450085227
cmaes,72,937,0,2.47680257489457,-2.47680257489457,3.8798022266042356,2.684999734402288,0.618003001477874,4.927929817093616,0.44836621717714514
cmaes,72,938,1,3.7317934164389444,-3.7317934164389444,3.8798022266042356,2.684999734402288,0.618003001477874,4.927929817093616,0.44836621717714514
cmaes,72,939,2,2.1829133045634577,-2.1829133045634577,3.8798022266042356,2.684999734402288,0.618003001477874,4.927929817093616,0.44836621717714514
cmaes,72,940,3,3.5482347029711248,-3.5482347029711248,3.8798022266042356,2.684999734402288,0.618003001477874,4.927929817093616,0.44836621717714514
cmaes,72,941,4,2.053472916102808,-2.053472916102808,3.8798022266042356,2.684999734402288,0.618003001477874,4.927929817093616,0.44836621717714514
cmaes,72,942,5,2.1962257920598955,-2.1962257920598955,3.8798022266042356,2.684999734402288,0.618003001477874,4.927929817093616,0.44836621717714514
cmaes,72,943,6,2.3751974871150257,-2.3751974871150257,3.8798022266042356,2.684999734402288,0.618003001477874,4.927929817093616,0.44836621717714514
cmaes,72,944,7,2.329227364844497,-2.329227364844497,3.8798022266042356,2.684999734402288,0.618003001477874,4.927929817093616,0.44836621717714514
cmaes,72,945,8,2.760003036971257,-2.760003036971257,3.8798022266042356,2.684999734402288,0.618003001477874,4.927929817093616,0.44836621717714514
cmaes,72,946,9,2.3200113419393578,-2.3200113419393578,3.8798022266042356,2.684999734402288,0.618003001477874,4.927929817093616,0.44836621717714514
cmaes,72,947,10,3.8798022266042356,-3.8798022266042356,3.8798022266042356,2.684999734402288,0.618003001477874,4.927929817093616,0.44836621717714514
cmaes,72,948,11,2.944713774976356,-2.944713774976356,3.8798022266042356,2.684999734402288,0.618003001477874,4.927929817093616,0.44836621717714514
cmaes,72,949,12,2.1065986077482184,-2.1065986077482184,3.8798022266042356,2.684999734402288,0.618003001477874,4.927929817093616,0.44836621717714514
cmaes,73,950,0,2.606788723144031,-2.606788723144031,3.8329983867612447,2.9981474322741075,0.45928103406483695,4.927929817093616,0.4228409545328384
cmaes,73,951,1,2.860716420956584,-2.860716420956584,3.8329983867612447,2.9981474322741075,0.45928103406483695,4.927929817093616,0.4228409545328384
cmaes,73,952,2,3.693638267940686,-3.693638267940686,3.8329983867612447,2.9981474322741075,0.45928103406483695,4.927929817093616,0.4228409545328384
cmaes,73,953,3,3.3347154038119995,-3.3347154038119995,3.8329983867612447,2.9981474322741075,0.45928103406483695,4.927929817093616,0.4228409545328384
cmaes,73,954,4,3.3695188674320247,-3.3695188674320247,3.8329983867612447,2.9981474322741075,0.45928103406483695,4.927929817093616,0.4228409545328384
cmaes,73,955,5,3.280570855939871,-3.280570855939871,3.8329983867612447,2.9981474322741075,0.45928103406483695,4.927929817093616,0.4228409545328384
cmaes,73,956,6,2.352719146607837,-2.352719146607837,3.8329983867612447,2.9981474322741075,0.45928103406483695,4.927929817093616,0.4228409545328384
cmaes,73,957,7,2.3736332859788214,-2.3736332859788214,3.8329983867612447,2.9981474322741075,0.45928103406483695,4.927929817093616,0.4228409545328384
cmaes,73,958,8,3.0716793789547565,-3.0716793789547565,3.8329983867612447,2.9981474322741075,0.45928103406483695,4.927929817093616,0.4228409545328384
cmaes,73,959,9,2.877260660570129,-2.877260660570129,3.8329983867612447,2.9981474322741075,0.45928103406483695,4.927929817093616,0.4228409545328384
cmaes,73,960,10,2.614217895722097,-2.614217895722097,3.8329983867612447,2.9981474322741075,0.45928103406483695,4.927929817093616,0.4228409545328384
cmaes,73,961,11,2.7074593257433124,-2.7074593257433124,3.8329983867612447,2.9981474322741075,0.45928103406483695,4.927929817093616,0.4228409545328384
cmaes,73,962,12,3.8329983867612447,-3.8329983867612447,3.8329983867612447,2.9981474322741075,0.45928103406483695,4.927929817093616,0.4228409545328384
cmaes,74,963,0,2.3927188436320743,-2.3927188436320743,3.8930879537160794,2.8663423138821664,0.5441993439746892,4.927929817093616,0.40869263924789706
cmaes,74,964,1,2.5025943614559303,-2.5025943614559303,3.8930879537160794,2.8663423138821664,0.5441993439746892,4.927929817093616,0.40869263924789706
cmaes,74,965,2,3.3504832236565742,-3.3504832236565742,3.8930879537160794,2.8663423138821664,0.5441993439746892,4.927929817093616,0.40869263924789706
cmaes,74,966,3,3.0734191035344334,-3.0734191035344334,3.8930879537160794,2.8663423138821664,0.5441993439746892,4.927929817093616,0.40869263924789706
cmaes,74,967,4,3.176622639094202,-3.176622639094202,3.8930879537160794,2.8663423138821664,0.5441993439746892,4.927929817093616,0.40869263924789706
cmaes,74,968,5,3.8930879537160794,-3.8930879537160794,3.8930879537160794,2.8663423138821664,0.5441993439746892,4.927929817093616,0.40869263924789706
cmaes,74,969,6,2.8832703260562806,-2.8832703260562806,3.8930879537160794,2.8663423138821664,0.5441993439746892,4.927929817093616,0.40869263924789706
cmaes,74,970,7,3.220578139912715,-3.220578139912715,3.8930879537160794,2.8663423138821664,0.5441993439746892,4.927929817093616,0.40869263924789706
cmaes,74,971,8,1.839507172920528,-1.839507172920528,3.8930879537160794,2.8663423138821664,0.5441993439746892,4.927929817093616,0.40869263924789706
cmaes,74,972,9,2.324436445833005,-2.324436445833005,3.8930879537160794,2.8663423138821664,0.5441993439746892,4.927929817093616,0.40869263924789706
cmaes,74,973,10,2.2456509871723993,-2.2456509871723993,3.8930879537160794,2.8663423138821664,0.5441993439746892,4.927929817093616,0.40869263924789706
cmaes,74,974,11,3.2497177636156236,-3.2497177636156236,3.8930879537160794,2.8663423138821664,0.5441993439746892,4.927929817093616,0.40869263924789706
cmaes,74,975,12,3.1103631198683197,-3.1103631198683197,3.8930879537160794,2.8663423138821664,0.5441993439746892,4.927929817093616,0.40869263924789706
cmaes,75,976,0,2.2343174465743116,-2.2343174465743116,3.835013541177053,2.761624931439083,0.510184147360086,4.927929817093616,0.39543731023699946
cmaes,75,977,1,2.880007599566522,-2.880007599566522,3.835013541177053,2.761624931439083,0.510184147360086,4.927929817093616,0.39543731023699946
cmaes,75,978,2,3.2232411703649197,-3.2232411703649197,3.835013541177053,2.761624931439083,0.510184147360086,4.927929817093616,0.39543731023699946
cmaes,75,979,3,2.565364111319454,-2.565364111319454,3.835013541177053,2.761624931439083,0.510184147360086,4.927929817093616,0.39543731023699946
cmaes,75,980,4,2.3803431732094142,-2.3803431732094142,3.835013541177053,2.761624931439083,0.510184147360086,4.927929817093616,0.39543731023699946
cmaes,75,981,5,3.835013541177053,-3.835013541177053,3.835013541177053,2.761624931439083,0.510184147360086,4.927929817093616,0.39543731023699946
cmaes,75,982,6,3.308268342237891,-3.308268342237891,3.835013541177053,2.761624931439083,0.510184147360086,4.927929817093616,0.39543731023699946
cmaes,75,983,7,2.398449261090567,-2.398449261090567,3.835013541177053,2.761624931439083,0.510184147360086,4.927929817093616,0.39543731023699946
cmaes,75,984,8,2.817645545656285,-2.817645545656285,3.835013541177053,2.761624931439083,0.510184147360086,4.927929817093616,0.39543731023699946
cmaes,75,985,9,3.276504363047429,-3.276504363047429,3.835013541177053,2.761624931439083,0.510184147360086,4.927929817093616,0.39543731023699946
cmaes,75,986,10,2.379494289573259,-2.379494289573259,3.835013541177053,2.761624931439083,0.510184147360086,4.927929817093616,0.39543731023699946
cmaes,75,987,11,1.9313482132421598,-1.9313482132421598,3.835013541177053,2.761624931439083,0.510184147360086,4.927929817093616,0.39543731023699946
cmaes,75,988,12,2.671127051648819,-2.671127051648819,3.835013541177053,2.761624931439083,0.510184147360086,4.927929817093616,0.39543731023699946
cmaes,76,989,0,2.677132366942432,-2.677132366942432,4.9323547880541065,2.941290031591028,0.7101518649577185,4.9323547880541065,0.39139505083833886
cmaes,76,990,1,2.7043568177129966,-2.7043568177129966,4.9323547880541065,2.941290031591028,0.7101518649577185,4.9323547880541065,0.39139505083833886
cmaes,76,991,2,3.4880081340112072,-3.4880081340112072,4.9323547880541065,2.941290031591028,0.7101518649577185,4.9323547880541065,0.39139505083833886
cmaes,76,992,3,3.28061169655835,-3.28061169655835,4.9323547880541065,2.941290031591028,0.7101518649577185,4.9323547880541065,0.39139505083833886
cmaes,76,993,4,2.583475521042804,-2.583475521042804,4.9323547880541065,2.941290031591028,0.7101518649577185,4.9323547880541065,0.39139505083833886
cmaes,76,994,5,2.5598030294940988,-2.5598030294940988,4.9323547880541065,2.941290031591028,0.7101518649577185,4.9323547880541065,0.39139505083833886
cmaes,76,995,6,3.195528518683537,-3.195528518683537,4.9323547880541065,2.941290031591028,0.7101518649577185,4.9323547880541065,0.39139505083833886
cmaes,76,996,7,2.6666447966709295,-2.6666447966709295,4.9323547880541065,2.941290031591028,0.7101518649577185,4.9323547880541065,0.39139505083833886
cmaes,76,997,8,2.547002044306326,-2.547002044306326,4.9323547880541065,2.941290031591028,0.7101518649577185,4.9323547880541065,0.39139505083833886
cmaes,76,998,9,2.182905809133598,-2.182905809133598,4.9323547880541065,2.941290031591028,0.7101518649577185,4.9323547880541065,0.39139505083833886
cmaes,76,999,10,2.0769823015625604,-2.0769823015625604,4.9323547880541065,2.941290031591028,0.7101518649577185,4.9323547880541065,0.39139505083833886
cmaes,76,1000,11,4.9323547880541065,-4.9323547880541065,4.9323547880541065,2.941290031591028,0.7101518649577185,4.9323547880541065,0.39139505083833886
cmaes,76,1001,12,3.341964586510418,-3.341964586510418,4.9323547880541065,2.941290031591028,0.7101518649577185,4.9323547880541065,0.39139505083833886
cmaes,77,1002,0,2.031668159815613,-2.031668159815613,3.6261822155962773,2.5580237177036675,0.6463473069626067,4.9323547880541065,0.38067177963859883
cmaes,77,1003,1,2.2335128413653114,-2.2335128413653114,3.6261822155962773,2.5580237177036675,0.6463473069626067,4.9323547880541065,0.38067177963859883
cmaes,77,1004,2,2.16909885967324,-2.16909885967324,3.6261822155962773,2.5580237177036675,0.6463473069626067,4.9323547880541065,0.38067177963859883
cmaes,77,1005,3,1.913165229362315,-1.913165229362315,3.6261822155962773,2.5580237177036675,0.6463473069626067,4.9323547880541065,0.38067177963859883
cmaes,77,1006,4,2.022892258294339,-2.022892258294339,3.6261822155962773,2.5580237177036675,0.6463473069626067,4.9323547880541065,0.38067177963859883
cmaes,77,1007,5,3.3422632913324914,-3.3422632913324914,3.6261822155962773,2.5580237177036675,0.6463473069626067,4.9323547880541065,0.38067177963859883
cmaes,77,1008,6,1.8555319324077075,-1.8555319324077075,3.6261822155962773,2.5580237177036675,0.6463473069626067,4.9323547880541065,0.38067177963859883
cmaes,77,1009,7,3.1663646136645194,-3.1663646136645194,3.6261822155962773,2.5580237177036675,0.6463473069626067,4.9323547880541065,0.38067177963859883
cmaes,77,1010,8,3.5016580921941136,-3.5016580921941136,3.6261822155962773,2.5580237177036675,0.6463473069626067,4.9323547880541065,0.38067177963859883
cmaes,77,1011,9,2.066423896833041,-2.066423896833041,3.6261822155962773,2.5580237177036675,0.6463473069626067,4.9323547880541065,0.38067177963859883
cmaes,77,1012,10,3.6261822155962773,-3.6261822155962773,3.6261822155962773,2.5580237177036675,0.6463473069626067,4.9323547880541065,0.38067177963859883
cmaes,77,1013,11,2.2037060007337335,-2.2037060007337335,3.6261822155962773,2.5580237177036675,0.6463473069626067,4.9323547880541065,0.38067177963859883
cmaes,77,1014,12,3.121840938874982,-3.121840938874982,3.6261822155962773,2.5580237177036675,0.6463473069626067,4.9323547880541065,0.38067177963859883
cmaes,78,1015,0,2.2879111069843447,-2.2879111069843447,4.786293796716043,2.9926701142597048,0.7446569997594986,4.9323547880541065,0.3790219792809564
cmaes,78,1016,1,2.513839304825258,-2.513839304825258,4.786293796716043,2.9926701142597048,0.7446569997594986,4.9323547880541065,0.3790219792809564
cmaes,78,1017,2,3.214492626009626,-3.214492626009626,4.786293796716043,2.9926701142597048,0.7446569997594986,4.9323547880541065,0.3790219792809564
cmaes,78,1018,3,3.7714557963763355,-3.7714557963763355,4.786293796716043,2.9926701142597048,0.7446569997594986,4.9323547880541065,0.3790219792809564
cmaes,78,1019,4,2.540850110604559,-2.540850110604559,4.786293796716043,2.9926701142597048,0.7446569997594986,4.9323547880541065,0.3790219792809564
cmaes,78,1020,5,2.255493143577814,-2.255493143577814,4.786293796716043,2.9926701142597048,0.7446569997594986,4.9323547880541065,0.3790219792809564
cmaes,78,1021,6,2.624995959698317,-2.624995959698317,4.786293796716043,2.9926701142597048,0.7446569997594986,4.9323547880541065,0.3790219792809564
cmaes,78,1022,7,3.325525061298678,-3.325525061298678,4.786293796716043,2.9926701142597048,0.7446569997594986,4.9323547880541065,0.3790219792809564
cmaes,78,1023,8,3.549482849415381,-3.549482849415381,4.786293796716043,2.9926701142597048,0.7446569997594986,4.9323547880541065,0.3790219792809564
cmaes,78,1024,9,1.9732217552603777,-1.9732217552603777,4.786293796716043,2.9926701142597048,0.7446569997594986,4.9323547880541065,0.3790219792809564
cmaes,78,1025,10,2.667130841858961,-2.667130841858961,4.786293796716043,2.9926701142597048,0.7446569997594986,4.9323547880541065,0.3790219792809564
cmaes,78,1026,11,4.786293796716043,-4.786293796716043,4.786293796716043,2.9926701142597048,0.7446569997594986,4.9323547880541065,0.3790219792809564
cmaes,78,1027,12,3.3940191327504747,-3.3940191327504747,4.786293796716043,2.9926701142597048,0.7446569997594986,4.9323547880541065,0.3790219792809564
cmaes,79,1028,0,3.0223436644517614,-3.0223436644517614,5.0095166601283205,2.8583279606616383,0.9946501303484107,5.0095166601283205,0.3632697199081223
cmaes,79,1029,1,2.2289342082809895,-2.2289342082809895,5.0095166601283205,2.8583279606616383,0.9946501303484107,5.0095166601283205,0.3632697199081223
cmaes,79,1030,2,1.6549399724323997,-1.6549399724323997,5.0095166601283205,2.8583279606616383,0.9946501303484107,5.0095166601283205,0.3632697199081223
cmaes,79,1031,3,1.6163522616968051,-1.6163522616968051,5.0095166601283205,2.8583279606616383,0.9946501303484107,5.0095166601283205,0.3632697199081223
cmaes,79,1032,4,2.6946124549929067,-2.6946124549929067,5.0095166601283205,2.8583279606616383,0.9946501303484107,5.0095166601283205,0.3632697199081223
cmaes,79,1033,5,3.353827090670813,-3.353827090670813,5.0095166601283205,2.8583279606616383,0.9946501303484107,5.0095166601283205,0.3632697199081223
cmaes,79,1034,6,3.4056087093931082,-3.4056087093931082,5.0095166601283205,2.8583279606616383,0.9946501303484107,5.0095166601283205,0.3632697199081223
cmaes,79,1035,7,5.0095166601283205,-5.0095166601283205,5.0095166601283205,2.8583279606616383,0.9946501303484107,5.0095166601283205,0.3632697199081223
cmaes,79,1036,8,3.7153812324446007,-3.7153812324446007,5.0095166601283205,2.8583279606616383,0.9946501303484107,5.0095166601283205,0.3632697199081223
cmaes,79,1037,9,2.1375827288150164,-2.1375827288150164,5.0095166601283205,2.8583279606616383,0.9946501303484107,5.0095166601283205,0.3632697199081223
cmaes,79,1038,10,2.250136114707212,-2.250136114707212,5.0095166601283205,2.8583279606616383,0.9946501303484107,5.0095166601283205,0.3632697199081223
cmaes,79,1039,11,1.9026692773499307,-1.9026692773499307,5.0095166601283205,2.8583279606616383,0.9946501303484107,5.0095166601283205,0.3632697199081223
cmaes,79,1040,12,4.16635911323744,-4.16635911323744,5.0095166601283205,2.8583279606616383,0.9946501303484107,5.0095166601283205,0.3632697199081223
cmaes,80,1041,0,2.4529092567757216,-2.4529092567757216,3.845685146627784,2.7891435497009787,0.5872595704240895,5.0095166601283205,0.35532276494984544
cmaes,80,1042,1,2.287069002746847,-2.287069002746847,3.845685146627784,2.7891435497009787,0.5872595704240895,5.0095166601283205,0.35532276494984544
cmaes,80,1043,2,3.335905924530725,-3.335905924530725,3.845685146627784,2.7891435497009787,0.5872595704240895,5.0095166601283205,0.35532276494984544
cmaes,80,1044,3,2.3398229899941785,-2.3398229899941785,3.845685146627784,2.7891435497009787,0.5872595704240895,5.0095166601283205,0.35532276494984544
cmaes,80,1045,4,3.578240244383873,-3.578240244383873,3.845685146627784,2.7891435497009787,0.5872595704240895,5.0095166601283205,0.35532276494984544
cmaes,80,1046,5,3.5441715019258733,-3.5441715019258733,3.845685146627784,2.7891435497009787,0.5872595704240895,5.0095166601283205,0.35532276494984544
cmaes,80,1047,6,3.845685146627784,-3.845685146627784,3.845685146627784,2.7891435497009787,0.5872595704240895,5.0095166601283205,0.35532276494984544
cmaes,80,1048,7,2.653375003893922,-2.653375003893922,3.845685146627784,2.7891435497009787,0.5872595704240895,5.0095166601283205,0.35532276494984544
cmaes,80,1049,8,2.3921219925473713,-2.3921219925473713,3.845685146627784,2.7891435497009787,0.5872595704240895,5.0095166601283205,0.35532276494984544
cmaes,80,1050,9,2.2069222633700227,-2.2069222633700227,3.845685146627784,2.7891435497009787,0.5872595704240895,5.0095166601283205,0.35532276494984544
cmaes,80,1051,10,3.1758147152117493,-3.1758147152117493,3.845685146627784,2.7891435497009787,0.5872595704240895,5.0095166601283205,0.35532276494984544
cmaes,80,1052,11,2.1803273908803797,-2.1803273908803797,3.845685146627784,2.7891435497009787,0.5872595704240895,5.0095166601283205,0.35532276494984544
cmaes,80,1053,12,2.2665007132242785,-2.2665007132242785,3.845685146627784,2.7891435497009787,0.5872595704240895,5.0095166601283205,0.35532276494984544
cmaes,81,1054,0,2.0723940615632563,-2.0723940615632563,4.3814758979171025,2.8261893950530514,0.7837855430851974,5.0095166601283205,0.34956317238074985
cmaes,81,1055,1,2.6942982255512837,-2.6942982255512837,4.3814758979171025,2.8261893950530514,0.7837855430851974,5.0095166601283205,0.34956317238074985
cmaes,81,1056,2,4.297675644036872,-4.297675644036872,4.3814758979171025,2.8261893950530514,0.7837855430851974,5.0095166601283205,0.34956317238074985
cmaes,81,1057,3,2.5588795371983695,-2.5588795371983695,4.3814758979171025,2.8261893950530514,0.7837855430851974,5.0095166601283205,0.34956317238074985
cmaes,81,1058,4,2.871064967611945,-2.871064967611945,4.3814758979171025,2.8261893950530514,0.7837855430851974,5.0095166601283205,0.34956317238074985
cmaes,81,1059,5,1.9648465024968262,-1.9648465024968262,4.3814758979171025,2.8261893950530514,0.7837855430851974,5.0095166601283205,0.34956317238074985
cmaes,81,1060,6,2.1788124335221206,-2.1788124335221206,4.3814758979171025,2.8261893950530514,0.7837855430851974,5.0095166601283205,0.34956317238074985
cmaes,81,1061,7,3.4573951387579327,-3.4573951387579327,4.3814758979171025,2.8261893950530514,0.7837855430851974,5.0095166601283205,0.34956317238074985
cmaes,81,1062,8,4.3814758979171025,-4.3814758979171025,4.3814758979171025,2.8261893950530514,0.7837855430851974,5.0095166601283205,0.34956317238074985
cmaes,81,1063,9,3.3672970203717374,-3.3672970203717374,4.3814758979171025,2.8261893950530514,0.7837855430851974,5.0095166601283205,0.34956317238074985
cmaes,81,1064,10,2.141254943652139,-2.141254943652139,4.3814758979171025,2.8261893950530514,0.7837855430851974,5.0095166601283205,0.34956317238074985
cmaes,81,1065,11,2.474880567035765,-2.474880567035765,4.3814758979171025,2.8261893950530514,0.7837855430851974,5.0095166601283205,0.34956317238074985
cmaes,81,1066,12,2.280187195974311,-2.280187195974311,4.3814758979171025,2.8261893950530514,0.7837855430851974,5.0095166601283205,0.34956317238074985
cmaes,82,1067,0,2.5205617523398094,-2.5205617523398094,3.8642310066828016,2.872136034068838,0.5143457519272586,5.0095166601283205,0.34357294866599286
cmaes,82,1068,1,3.194568872946848,-3.194568872946848,3.8642310066828016,2.872136034068838,0.5143457519272586,5.0095166601283205,0.34357294866599286
cmaes,82,1069,2,2.4581646622039472,-2.4581646622039472,3.8642310066828016,2.872136034068838,0.5143457519272586,5.0095166601283205,0.34357294866599286
cmaes,82,1070,3,2.7248136791538067,-2.7248136791538067,3.8642310066828016,2.872136034068838,0.5143457519272586,5.0095166601283205,0.34357294866599286
cmaes,82,1071,4,2.853880182251673,-2.853880182251673,3.8642310066828016,2.872136034068838,0.5143457519272586,5.0095166601283205,0.34357294866599286
cmaes,82,1072,5,2.5565045132923494,-2.5565045132923494,3.8642310066828016,2.872136034068838,0.5143457519272586,5.0095166601283205,0.34357294866599286
cmaes,82,1073,6,3.8642310066828016,-3.8642310066828016,3.8642310066828016,2.872136034068838,0.5143457519272586,5.0095166601283205,0.34357294866599286
cmaes,82,1074,7,3.6682998719646993,-3.6682998719646993,3.8642310066828016,2.872136034068838,0.5143457519272586,5.0095166601283205,0.34357294866599286
cmaes,82,1075,8,3.0326214763563426,-3.0326214763563426,3.8642310066828016,2.872136034068838,0.5143457519272586,5.0095166601283205,0.34357294866599286
cmaes,82,1076,9,2.8463262399737324,-2.8463262399737324,3.8642310066828016,2.872136034068838,0.5143457519272586,5.0095166601283205,0.34357294866599286
cmaes,82,1077,10,1.8450536203255703,-1.8450536203255703,3.8642310066828016,2.872136034068838,0.5143457519272586,5.0095166601283205,0.34357294866599286
cmaes,82,1078,11,2.5556784627661817,-2.5556784627661817,3.8642310066828016,2.872136034068838,0.5143457519272586,5.0095166601283205,0.34357294866599286
cmaes,82,1079,12,3.2170641026371385,-3.2170641026371385,3.8642310066828016,2.872136034068838,0.5143457519272586,5.0095166601283205,0.34357294866599286
cmaes,83,1080,0,3.141016416513116,-3.141016416513116,3.280080670004525,2.7915166943270893,0.4588014931548953,5.0095166601283205,0.3437959595953465
cmaes,83,1081,1,3.280080670004525,-3.280080670004525,3.280080670004525,2.7915166943270893,0.4588014931548953,5.0095166601283205,0.3437959595953465
cmaes,83,1082,2,2.245816210788175,-2.245816210788175,3.280080670004525,2.7915166943270893,0.4588014931548953,5.0095166601283205,0.3437959595953465
cmaes,83,1083,3,3.02746341826754,-3.02746341826754,3.280080670004525,2.7915166943270893,0.4588014931548953,5.0095166601283205,0.3437959595953465
cmaes,83,1084,4,2.024105474992515,-2.024105474992515,3.280080670004525,2.7915166943270893,0.4588014931548953,5.0095166601283205,0.3437959595953465
cmaes,83,1085,5,2.9250105238486395,-2.9250105238486395,3.280080670004525,2.7915166943270893,0.4588014931548953,5.0095166601283205,0.3437959595953465
cmaes,83,1086,6,1.941653854490005,-1.941653854490005,3.280080670004525,2.7915166943270893,0.4588014931548953,5.0095166601283205,0.3437959595953465
cmaes,83,1087,7,2.3907733852003474,-2.3907733852003474,3.280080670004525,2.7915166943270893,0.4588014931548953,5.0095166601283205,0.3437959595953465
cmaes,83,1088,8,3.217637429038054,-3.217637429038054,3.280080670004525,2.7915166943270893,0.4588014931548953,5.0095166601283205,0.3437959595953465
cmaes,83,1089,9,3.1874736249211555,-3.1874736249211555,3.280080670004525,2.7915166943270893,0.4588014931548953,5.0095166601283205,0.3437959595953465
cmaes,83,1090,10,2.7616848263405958,-2.7616848263405958,3.280080670004525,2.7915166943270893,0.4588014931548953,5.0095166601283205,0.3437959595953465
cmaes,83,1091,11,2.942548960892526,-2.942548960892526,3.280080670004525,2.7915166943270893,0.4588014931548953,5.0095166601283205,0.3437959595953465
cmaes,83,1092,12,3.20445223095497,-3.20445223095497,3.280080670004525,2.7915166943270893,0.4588014931548953,5.0095166601283205,0.3437959595953465
cmaes,84,1093,0,2.5991107635007804,-2.5991107635007804,3.424913360030557,2.878437733760099,0.4515705734733898,5.0095166601283205,0.3353861399340602
cmaes,84,1094,1,3.1844254887985226,-3.1844254887985226,3.424913360030557,2.878437733760099,0.4515705734733898,5.0095166601283205,0.3353861399340602
cmaes,84,1095,2,2.8142677707483936,-2.8142677707483936,3.424913360030557,2.878437733760099,0.4515705734733898,5.0095166601283205,0.3353861399340602
cmaes,84,1096,3,3.424913360030557,-3.424913360030557,3.424913360030557,2.878437733760099,0.4515705734733898,5.0095166601283205,0.3353861399340602
cmaes,84,1097,4,3.3519645151738464,-3.3519645151738464,3.424913360030557,2.878437733760099,0.4515705734733898,5.0095166601283205,0.3353861399340602
cmaes,84,1098,5,2.2391025454614955,-2.2391025454614955,3.424913360030557,2.878437733760099,0.4515705734733898,5.0095166601283205,0.3353861399340602
cmaes,84,1099,6,3.1018991204822273,-3.1018991204822273,3.424913360030557,2.878437733760099,0.4515705734733898,5.0095166601283205,0.3353861399340602
cmaes,84,1100,7,2.624315877499822,-2.624315877499822,3.424913360030557,2.878437733760099,0.4515705734733898,5.0095166601283205,0.3353861399340602
cmaes,84,1101,8,3.077822936945412,-3.077822936945412,3.424913360030557,2.878437733760099,0.4515705734733898,5.0095166601283205,0.3353861399340602
cmaes,84,1102,9,1.9974307703835599,-1.9974307703835599,3.424913360030557,2.878437733760099,0.4515705734733898,5.0095166601283205,0.3353861399340602
cmaes,84,1103,10,3.2657715512850127,-3.2657715512850127,3.424913360030557,2.878437733760099,0.4515705734733898,5.0095166601283205,0.3353861399340602
cmaes,84,1104,11,3.3504209074891995,-3.3504209074891995,3.424913360030557,2.878437733760099,0.4515705734733898,5.0095166601283205,0.3353861399340602
cmaes,84,1105,12,2.3882449310824527,-2.3882449310824527,3.424913360030557,2.878437733760099,0.4515705734733898,5.0095166601283205,0.3353861399340602
cmaes,85,1106,0,3.6933557145725113,-3.6933557145725113,3.6933557145725113,2.794974885614263,0.4882693576353903,5.0095166601283205,0.3339647186596897
cmaes,85,1107,1,3.251623401408892,-3.251623401408892,3.6933557145725113,2.794974885614263,0.4882693576353903,5.0095166601283205,0.3339647186596897
cmaes,85,1108,2,2.7532909430259553,-2.7532909430259553,3.6933557145725113,2.794974885614263,0.4882693576353903,5.0095166601283205,0.3339647186596897
cmaes,85,1109,3,2.1033960319093365,-2.1033960319093365,3.6933557145725113,2.794974885614263,0.4882693576353903,5.0095166601283205,0.3339647186596897
cmaes,85,1110,4,2.9036728006589687,-2.9036728006589687,3.6933557145725113,2.794974885614263,0.4882693576353903,5.0095166601283205,0.3339647186596897
cmaes,85,1111,5,2.2704118505774256,-2.2704118505774256,3.6933557145725113,2.794974885614263,0.4882693576353903,5.0095166601283205,0.3339647186596897
cmaes,85,1112,6,3.024356145085322,-3.024356145085322,3.6933557145725113,2.794974885614263,0.4882693576353903,5.0095166601283205,0.3339647186596897
cmaes,85,1113,7,2.3577719213070667,-2.3577719213070667,3.6933557145725113,2.794974885614263,0.4882693576353903,5.0095166601283205,0.3339647186596897
cmaes,85,1114,8,3.5630542867903205,-3.5630542867903205,3.6933557145725113,2.794974885614263,0.4882693576353903,5.0095166601283205,0.3339647186596897
cmaes,85,1115,9,2.1684648764983203,-2.1684648764983203,3.6933557145725113,2.794974885614263,0.4882693576353903,5.0095166601283205,0.3339647186596897
cmaes,85,1116,10,2.597135087835115,-2.597135087835115,3.6933557145725113,2.794974885614263,0.4882693576353903,5.0095166601283205,0.3339647186596897
cmaes,85,1117,11,2.6665623219710053,-2.6665623219710053,3.6933557145725113,2.794974885614263,0.4882693576353903,5.0095166601283205,0.3339647186596897
cmaes,85,1118,12,2.9815781313451835,-2.9815781313451835,3.6933557145725113,2.794974885614263,0.4882693576353903,5.0095166601283205,0.3339647186596897
cmaes,86,1119,0,2.5099243042694686,-2.5099243042694686,3.6396261184798497,2.84757932306726,0.49803243121741536,5.0095166601283205,0.33442465934348475
cmaes,86,1120,1,2.935537550396274,-2.935537550396274,3.6396261184798497,2.84757932306726,0.49803243121741536,5.0095166601283205,0.33442465934348475
cmaes,86,1121,2,2.2055883686691486,-2.2055883686691486,3.6396261184798497,2.84757932306726,0.49803243121741536,5.0095166601283205,0.33442465934348475
cmaes,86,1122,3,2.623767244367339,-2.623767244367339,3.6396261184798497,2.84757932306726,0.49803243121741536,5.0095166601283205,0.33442465934348475
cmaes,86,1123,4,3.565516973712169,-3.565516973712169,3.6396261184798497,2.84757932306726,0.49803243121741536,5.0095166601283205,0.33442465934348475
cmaes,86,1124,5,2.2338198964663842,-2.2338198964663842,3.6396261184798497,2.84757932306726,0.49803243121741536,5.0095166601283205,0.33442465934348475
cmaes,86,1125,6,2.524068621627884,-2.524068621627884,3.6396261184798497,2.84757932306726,0.49803243121741536,5.0095166601283205,0.33442465934348475
cmaes,86,1126,7,3.281975165475234,-3.281975165475234,3.6396261184798497,2.84757932306726,0.49803243121741536,5.0095166601283205,0.33442465934348475
cmaes,86,1127,8,3.332490483621306,-3.332490483621306,3.6396261184798497,2.84757932306726,0.49803243121741536,5.0095166601283205,0.33442465934348475
cmaes,86,1128,9,3.2172625298697497,-3.2172625298697497,3.6396261184798497,2.84757932306726,0.49803243121741536,5.0095166601283205,0.33442465934348475
cmaes,86,1129,10,2.7723299142049926,-2.7723299142049926,3.6396261184798497,2.84757932306726,0.49803243121741536,5.0095166601283205,0.33442465934348475
cmaes,86,1130,11,3.6396261184798497,-3.6396261184798497,3.6396261184798497,2.84757932306726,0.49803243121741536,5.0095166601283205,0.33442465934348475
cmaes,86,1131,12,2.1766240287145795,-2.1766240287145795,3.6396261184798497,2.84757932306726,0.49803243121741536,5.0095166601283205,0.33442465934348475
cmaes,87,1132,0,3.616578584245356,-3.616578584245356,4.31992703238572,3.034338310262887,0.7383635249758754,5.0095166601283205,0.3410656475567359
cmaes,87,1133,1,3.423631787511161,-3.423631787511161,4.31992703238572,3.034338310262887,0.7383635249758754,5.0095166601283205,0.3410656475567359
cmaes,87,1134,2,4.248589654142477,-4.248589654142477,4.31992703238572,3.034338310262887,0.7383635249758754,5.0095166601283205,0.3410656475567359
cmaes,87,1135,3,4.31992703238572,-4.31992703238572,4.31992703238572,3.034338310262887,0.7383635249758754,5.0095166601283205,0.3410656475567359
cmaes,87,1136,4,2.8089528922172837,-2.8089528922172837,4.31992703238572,3.034338310262887,0.7383635249758754,5.0095166601283205,0.3410656475567359
cmaes,87,1137,5,2.0024395084520528,-2.0024395084520528,4.31992703238572,3.034338310262887,0.7383635249758754,5.0095166601283205,0.3410656475567359
cmaes,87,1138,6,2.530416496724558,-2.530416496724558,4.31992703238572,3.034338310262887,0.7383635249758754,5.0095166601283205,0.3410656475567359
cmaes,87,1139,7,2.2743005821389337,-2.2743005821389337,4.31992703238572,3.034338310262887,0.7383635249758754,5.0095166601283205,0.3410656475567359
cmaes,87,1140,8,3.043846192650475,-3.043846192650475,4.31992703238572,3.034338310262887,0.7383635249758754,5.0095166601283205,0.3410656475567359
cmaes,87,1141,9,2.114082311093192,-2.114082311093192,4.31992703238572,3.034338310262887,0.7383635249758754,5.0095166601283205,0.3410656475567359
cmaes,87,1142,10,3.338850598101882,-3.338850598101882,4.31992703238572,3.034338310262887,0.7383635249758754,5.0095166601283205,0.3410656475567359
cmaes,87,1143,11,3.374065935110881,-3.374065935110881,4.31992703238572,3.034338310262887,0.7383635249758754,5.0095166601283205,0.3410656475567359
cmaes,87,1144,12,2.350716458643554,-2.350716458643554,4.31992703238572,3.034338310262887,0.7383635249758754,5.0095166601283205,0.3410656475567359
cmaes,88,1145,0,3.398720771686876,-3.398720771686876,3.5860156624669464,2.949635863082515,0.4583388870360073,5.0095166601283205,0.3442247225619283
cmaes,88,1146,1,3.156988364219368,-3.156988364219368,3.5860156624669464,2.949635863082515,0.4583388870360073,5.0095166601283205,0.3442247225619283
cmaes,88,1147,2,3.0389033806340504,-3.0389033806340504,3.5860156624669464,2.949635863082515,0.4583388870360073,5.0095166601283205,0.3442247225619283
cmaes,88,1148,3,2.311307706132263,-2.311307706132263,3.5860156624669464,2.949635863082515,0.4583388870360073,5.0095166601283205,0.3442247225619283
cmaes,88,1149,4,3.5633019565599753,-3.5633019565599753,3.5860156624669464,2.949635863082515,0.4583388870360073,5.0095166601283205,0.3442247225619283
cmaes,88,1150,5,3.018750071583175,-3.018750071583175,3.5860156624669464,2.949635863082515,0.4583388870360073,5.0095166601283205,0.3442247225619283
cmaes,88,1151,6,3.05363441023375,-3.05363441023375,3.5860156624669464,2.949635863082515,0.4583388870360073,5.0095166601283205,0.3442247225619283
cmaes,88,1152,7,1.9691238055893885,-1.9691238055893885,3.5860156624669464,2.949635863082515,0.4583388870360073,5.0095166601283205,0.3442247225619283
cmaes,88,1153,8,3.5860156624669464,-3.5860156624669464,3.5860156624669464,2.949635863082515,0.4583388870360073,5.0095166601283205,0.3442247225619283
cmaes,88,1154,9,3.085594016436435,-3.085594016436435,3.5860156624669464,2.949635863082515,0.4583388870360073,5.0095166601283205,0.3442247225619283
cmaes,88,1155,10,2.608036632411567,-2.608036632411567,3.5860156624669464,2.949635863082515,0.4583388870360073,5.0095166601283205,0.3442247225619283
cmaes,88,1156,11,3.0201680170037766,-3.0201680170037766,3.5860156624669464,2.949635863082515,0.4583388870360073,5.0095166601283205,0.3442247225619283
cmaes,88,1157,12,2.534721425115124,-2.534721425115124,3.5860156624669464,2.949635863082515,0.4583388870360073,5.0095166601283205,0.3442247225619283
cmaes,89,1158,0,2.1420949882074884,-2.1420949882074884,3.957635939011509,2.9251860956624474,0.5371015486103492,5.0095166601283205,0.35170272419452975
cmaes,89,1159,1,3.1523202993564348,-3.1523202993564348,3.957635939011509,2.9251860956624474,0.5371015486103492,5.0095166601283205,0.35170272419452975
cmaes,89,1160,2,3.2932160729157065,-3.2932160729157065,3.957635939011509,2.9251860956624474,0.5371015486103492,5.0095166601283205,0.35170272419452975
cmaes,89,1161,3,2.693174999617788,-2.693174999617788,3.957635939011509,2.9251860956624474,0.5371015486103492,5.0095166601283205,0.35170272419452975
cmaes,89,1162,4,2.2590253560187183,-2.2590253560187183,3.957635939011509,2.9251860956624474,0.5371015486103492,5.0095166601283205,0.35170272419452975
cmaes,89,1163,5,3.957635939011509,-3.957635939011509,3.957635939011509,2.9251860956624474,0.5371015486103492,5.0095166601283205,0.35170272419452975
cmaes,89,1164,6,3.37352493840143,-3.37352493840143,3.957635939011509,2.9251860956624474,0.5371015486103492,5.0095166601283205,0.35170272419452975
cmaes,89,1165,7,3.2689223409995534,-3.2689223409995534,3.957635939011509,2.9251860956624474,0.5371015486103492,5.0095166601283205,0.35170272419452975
cmaes,89,1166,8,2.931379227647541,-2.931379227647541,3.957635939011509,2.9251860956624474,0.5371015486103492,5.0095166601283205,0.35170272419452975
cmaes,89,1167,9,2.3717073775098756,-2.3717073775098756,3.957635939011509,2.9251860956624474,0.5371015486103492,5.0095166601283205,0.35170272419452975
cmaes,89,1168,10,2.266174430942733,-2.266174430942733,3.957635939011509,2.9251860956624474,0.5371015486103492,5.0095166601283205,0.35170272419452975
cmaes,89,1169,11,3.488596889289246,-3.488596889289246,3.957635939011509,2.9251860956624474,0.5371015486103492,5.0095166601283205,0.35170272419452975
cmaes,89,1170,12,2.8296463836937917,-2.8296463836937917,3.957635939011509,2.9251860956624474,0.5371015486103492,5.0095166601283205,0.35170272419452975
cmaes,90,1171,0,3.1271222584854126,-3.1271222584854126,3.374079529910573,2.8190945707900856,0.34519027818732767,5.0095166601283205,0.35464161995392596
cmaes,90,1172,1,2.074572789776087,-2.074572789776087,3.374079529910573,2.8190945707900856,0.34519027818732767,5.0095166601283205,0.35464161995392596
cmaes,90,1173,2,2.8481018015318655,-2.8481018015318655,3.374079529910573,2.8190945707900856,0.34519027818732767,5.0095166601283205,0.35464161995392596
cmaes,90,1174,3,2.876004139957501,-2.876004139957501,3.374079529910573,2.8190945707900856,0.34519027818732767,5.0095166601283205,0.35464161995392596
cmaes,90,1175,4,3.0533984695645504,-3.0533984695645504,3.374079529910573,2.8190945707900856,0.34519027818732767,5.0095166601283205,0.35464161995392596
cmaes,90,1176,5,3.374079529910573,-3.374079529910573,3.374079529910573,2.8190945707900856,0.34519027818732767,5.0095166601283205,0.35464161995392596
cmaes,90,1177,6,2.8249766448243037,-2.8249766448243037,3.374079529910573,2.8190945707900856,0.34519027818732767,5.0095166601283205,0.35464161995392596
cmaes,90,1178,7,2.542494342240279,-2.542494342240279,3.374079529910573,2.8190945707900856,0.34519027818732767,5.0095166601283205,0.35464161995392596
cmaes,90,1179,8,2.6640968572905166,-2.6640968572905166,3.374079529910573,2.8190945707900856,0.34519027818732767,5.0095166601283205,0.35464161995392596
cmaes,90,1180,9,3.0350234587501954,-3.0350234587501954,3.374079529910573,2.8190945707900856,0.34519027818732767,5.0095166601283205,0.35464161995392596
cmaes,90,1181,10,2.322605365667998,-2.322605365667998,3.374079529910573,2.8190945707900856,0.34519027818732767,5.0095166601283205,0.35464161995392596
cmaes,90,1182,11,3.1802125161507013,-3.1802125161507013,3.374079529910573,2.8190945707900856,0.34519027818732767,5.0095166601283205,0.35464161995392596
cmaes,90,1183,12,2.7255412461211335,-2.7255412461211335,3.374079529910573,2.8190945707900856,0.34519027818732767,5.0095166601283205,0.35464161995392596
cmaes,91,1184,0,2.073281667133387,-2.073281667133387,4.501985775950439,2.798261239497961,0.633735588212706,5.0095166601283205,0.3501200523260352
cmaes,91,1185,1,3.2839752309247636,-3.2839752309247636,4.501985775950439,2.798261239497961,0.633735588212706,5.0095166601283205,0.3501200523260352
cmaes,91,1186,2,3.08882653231957,-3.08882653231957,4.501985775950439,2.798261239497961,0.633735588212706,5.0095166601283205,0.3501200523260352
cmaes,91,1187,3,2.150166455680847,-2.150166455680847,4.501985775950439,2.798261239497961,0.633735588212706,5.0095166601283205,0.3501200523260352
cmaes,91,1188,4,2.681642961315707,-2.681642961315707,4.501985775950439,2.798261239497961,0.633735588212706,5.0095166601283205,0.3501200523260352
cmaes,91,1189,5,2.209559429864887,-2.209559429864887,4.501985775950439,2.798261239497961,0.633735588212706,5.0095166601283205,0.3501200523260352
cmaes,91,1190,6,2.195539881875159,-2.195539881875159,4.501985775950439,2.798261239497961,0.633735588212706,5.0095166601283205,0.3501200523260352
cmaes,91,1191,7,2.921379344816717,-2.921379344816717,4.501985775950439,2.798261239497961,0.633735588212706,5.0095166601283205,0.3501200523260352
cmaes,91,1192,8,2.8616535789378914,-2.8616535789378914,4.501985775950439,2.798261239497961,0.633735588212706,5.0095166601283205,0.3501200523260352
cmaes,91,1193,9,2.6130442409599848,-2.6130442409599848,4.501985775950439,2.798261239497961,0.633735588212706,5.0095166601283205,0.3501200523260352
cmaes,91,1194,10,3.255617114001659,-3.255617114001659,4.501985775950439,2.798261239497961,0.633735588212706,5.0095166601283205,0.3501200523260352
cmaes,91,1195,11,2.5407238996924844,-2.5407238996924844,4.501985775950439,2.798261239497961,0.633735588212706,5.0095166601283205,0.3501200523260352
cmaes,91,1196,12,4.501985775950439,-4.501985775950439,4.501985775950439,2.798261239497961,0.633735588212706,5.0095166601283205,0.3501200523260352
cmaes,92,1197,0,2.559956082251663,-2.559956082251663,3.8712951373430315,2.872045209724646,0.608498868434626,5.0095166601283205,0.34653448858772135
cmaes,92,1198,1,3.5805080951676564,-3.5805080951676564,3.8712951373430315,2.872045209724646,0.608498868434626,5.0095166601283205,0.34653448858772135
cmaes,92,1199,2,2.8822969727403596,-2.8822969727403596,3.8712951373430315,2.872045209724646,0.608498868434626,5.0095166601283205,0.34653448858772135
cmaes,92,1200,3,2.939203778554993,-2.939203778554993,3.8712951373430315,2.872045209724646,0.608498868434626,5.0095166601283205,0.34653448858772135
cmaes,92,1201,4,3.457409388798423,-3.457409388798423,3.8712951373430315,2.872045209724646,0.608498868434626,5.0095166601283205,0.34653448858772135
cmaes,92,1202,5,2.3538455232067155,-2.3538455232067155,3.8712951373430315,2.872045209724646,0.608498868434626,5.0095166601283205,0.34653448858772135
cmaes,92,1203,6,1.8911183024346694,-1.8911183024346694,3.8712951373430315,2.872045209724646,0.608498868434626,5.0095166601283205,0.34653448858772135
cmaes,92,1204,7,2.5155823104752697,-2.5155823104752697,3.8712951373430315,2.872045209724646,0.608498868434626,5.0095166601283205,0.34653448858772135
cmaes,92,1205,8,3.610010234162319,-3.610010234162319,3.8712951373430315,2.872045209724646,0.608498868434626,5.0095166601283205,0.34653448858772135
cmaes,92,1206,9,3.8712951373430315,-3.8712951373430315,3.8712951373430315,2.872045209724646,0.608498868434626,5.0095166601283205,0.34653448858772135
cmaes,92,1207,10,2.140747448566386,-2.140747448566386,3.8712951373430315,2.872045209724646,0.608498868434626,5.0095166601283205,0.34653448858772135
cmaes,92,1208,11,3.2196853081683683,-3.2196853081683683,3.8712951373430315,2.872045209724646,0.608498868434626,5.0095166601283205,0.34653448858772135
cmaes,92,1209,12,2.3149291445505464,-2.3149291445505464,3.8712951373430315,2.872045209724646,0.608498868434626,5.0095166601283205,0.34653448858772135
cmaes,93,1210,0,3.446774365408725,-3.446774365408725,3.5102130670971383,3.0004786173332607,0.37410189124756166,5.0095166601283205,0.3482824075692626
cmaes,93,1211,1,3.0626049848932366,-3.0626049848932366,3.5102130670971383,3.0004786173332607,0.37410189124756166,5.0095166601283205,0.3482824075692626
cmaes,93,1212,2,3.5102130670971383,-3.5102130670971383,3.5102130670971383,3.0004786173332607,0.37410189124756166,5.0095166601283205,0.3482824075692626
cmaes,93,1213,3,3.4076997975954404,-3.4076997975954404,3.5102130670971383,3.0004786173332607,0.37410189124756166,5.0095166601283205,0.3482824075692626
cmaes,93,1214,4,2.5381950589542766,-2.5381950589542766,3.5102130670971383,3.0004786173332607,0.37410189124756166,5.0095166601283205,0.3482824075692626
cmaes,93,1215,5,3.1671709867451567,-3.1671709867451567,3.5102130670971383,3.0004786173332607,0.37410189124756166,5.0095166601283205,0.3482824075692626
cmaes,93,1216,6,3.0491470660296476,-3.0491470660296476,3.5102130670971383,3.0004786173332607,0.37410189124756166,5.0095166601283205,0.3482824075692626
cmaes,93,1217,7,2.2171950750691276,-2.2171950750691276,3.5102130670971383,3.0004786173332607,0.37410189124756166,5.0095166601283205,0.3482824075692626
cmaes,93,1218,8,2.6449031179545965,-2.6449031179545965,3.5102130670971383,3.0004786173332607,0.37410189124756166,5.0095166601283205,0.3482824075692626
cmaes,93,1219,9,3.0801446403765365,-3.0801446403765365,3.5102130670971383,3.0004786173332607,0.37410189124756166,5.0095166601283205,0.3482824075692626
cmaes,93,1220,10,3.0246216760120928,-3.0246216760120928,3.5102130670971383,3.0004786173332607,0.37410189124756166,5.0095166601283205,0.3482824075692626
cmaes,93,1221,11,3.236705375910416,-3.236705375910416,3.5102130670971383,3.0004786173332607,0.37410189124756166,5.0095166601283205,0.3482824075692626
cmaes,93,1222,12,2.620846813285991,-2.620846813285991,3.5102130670971383,3.0004786173332607,0.37410189124756166,5.0095166601283205,0.3482824075692626
cmaes,94,1223,0,3.1747438994201764,-3.1747438994201764,4.05546443194468,2.9826585120246305,0.5049631906796401,5.0095166601283205,0.35040901768274135
cmaes,94,1224,1,3.564573853553252,-3.564573853553252,4.05546443194468,2.9826585120246305,0.5049631906796401,5.0095166601283205,0.35040901768274135
cmaes,94,1225,2,2.8528329210772676,-2.8528329210772676,4.05546443194468,2.9826585120246305,0.5049631906796401,5.0095166601283205,0.35040901768274135
cmaes,94,1226,3,2.1971077847958917,-2.1971077847958917,4.05546443194468,2.9826585120246305,0.5049631906796401,5.0095166601283205,0.35040901768274135
cmaes,94,1227,4,2.7298752858999404,-2.7298752858999404,4.05546443194468,2.9826585120246305,0.5049631906796401,5.0095166601283205,0.35040901768274135
cmaes,94,1228,5,3.3033805447623865,-3.3033805447623865,4.05546443194468,2.9826585120246305,0.5049631906796401,5.0095166601283205,0.35040901768274135
cmaes,94,1229,6,3.372975183229078,-3.372975183229078,4.05546443194468,2.9826585120246305,0.5049631906796401,5.0095166601283205,0.35040901768274135
cmaes,94,1230,7,2.3872631041884733,-2.3872631041884733,4.05546443194468,2.9826585120246305,0.5049631906796401,5.0095166601283205,0.35040901768274135
cmaes,94,1231,8,4.05546443194468,-4.05546443194468,4.05546443194468,2.9826585120246305,0.5049631906796401,5.0095166601283205,0.35040901768274135
cmaes,94,1232,9,3.025374403168439,-3.025374403168439,4.05546443194468,2.9826585120246305,0.5049631906796401,5.0095166601283205,0.35040901768274135
cmaes,94,1233,10,3.073986846428739,-3.073986846428739,4.05546443194468,2.9826585120246305,0.5049631906796401,5.0095166601283205,0.35040901768274135
cmaes,94,1234,11,2.6595397743260456,-2.6595397743260456,4.05546443194468,2.9826585120246305,0.5049631906796401,5.0095166601283205,0.35040901768274135
cmaes,94,1235,12,2.3774426235258286,-2.3774426235258286,4.05546443194468,2.9826585120246305,0.5049631906796401,5.0095166601283205,0.35040901768274135
cmaes,95,1236,0,2.943198853507166,-2.943198853507166,3.690514390424436,2.9513506491412613,0.46029794711994004,5.0095166601283205,0.34059640195253393
cmaes,95,1237,1,3.690514390424436,-3.690514390424436,3.690514390424436,2.9513506491412613,0.46029794711994004,5.0095166601283205,0.34059640195253393
cmaes,95,1238,2,2.721321287208896,-2.721321287208896,3.690514390424436,2.9513506491412613,0.46029794711994004,5.0095166601283205,0.34059640195253393
cmaes,95,1239,3,2.5298016457125985,-2.5298016457125985,3.690514390424436,2.9513506491412613,0.46029794711994004,5.0095166601283205,0.34059640195253393
cmaes,95,1240,4,2.0528688991454755,-2.0528688991454755,3.690514390424436,2.9513506491412613,0.46029794711994004,5.0095166601283205,0.34059640195253393
cmaes,95,1241,5,3.5908944845601165,-3.5908944845601165,3.690514390424436,2.9513506491412613,0.46029794711994004,5.0095166601283205,0.34059640195253393
cmaes,95,1242,6,2.8948499399262855,-2.8948499399262855,3.690514390424436,2.9513506491412613,0.46029794711994004,5.0095166601283205,0.34059640195253393
cmaes,95,1243,7,3.525825872830128,-3.525825872830128,3.690514390424436,2.9513506491412613,0.46029794711994004,5.0095166601283205,0.34059640195253393
cmaes,95,1244,8,3.131716194223559,-3.131716194223559,3.690514390424436,2.9513506491412613,0.46029794711994004,5.0095166601283205,0.34059640195253393
cmaes,95,1245,9,2.4355659071423377,-2.4355659071423377,3.690514390424436,2.9513506491412613,0.46029794711994004,5.0095166601283205,0.34059640195253393
cmaes,95,1246,10,3.2268692924883062,-3.2268692924883062,3.690514390424436,2.9513506491412613,0.46029794711994004,5.0095166601283205,0.34059640195253393
cmaes,95,1247,11,2.8973344915122907,-2.8973344915122907,3.690514390424436,2.9513506491412613,0.46029794711994004,5.0095166601283205,0.34059640195253393
cmaes,95,1248,12,2.726797180154804,-2.726797180154804,3.690514390424436,2.9513506491412613,0.46029794711994004,5.0095166601283205,0.34059640195253393
cmaes,96,1249,0,3.587903064032496,-3.587903064032496,3.587903064032496,2.92702485772542,0.47694223142149605,5.0095166601283205,0.33240444863644875
cmaes,96,1250,1,3.322672740229804,-3.322672740229804,3.587903064032496,2.92702485772542,0.47694223142149605,5.0095166601283205,0.33240444863644875
cmaes,96,1251,2,2.591862062691117,-2.591862062691117,3.587903064032496,2.92702485772542,0.47694223142149605,5.0095166601283205,0.33240444863644875
cmaes,96,1252,3,2.8546836552372215,-2.8546836552372215,3.587903064032496,2.92702485772542,0.47694223142149605,5.0095166601283205,0.33240444863644875
cmaes,96,1253,4,3.5457414334066484,-3.5457414334066484,3.587903064032496,2.92702485772542,0.47694223142149605,5.0095166601283205,0.33240444863644875
cmaes,96,1254,5,2.4200874905137084,-2.4200874905137084,3.587903064032496,2.92702485772542,0.47694223142149605,5.0095166601283205,0.33240444863644875
cmaes,96,1255,6,2.7359700427229554,-2.7359700427229554,3.587903064032496,2.92702485772542,0.47694223142149605,5.0095166601283205,0.33240444863644875
cmaes,96,1256,7,3.4720314496277327,-3.4720314496277327,3.587903064032496,2.92702485772542,0.47694223142149605,5.0095166601283205,0.33240444863644875
cmaes,96,1257,8,2.5851567019263215,-2.5851567019263215,3.587903064032496,2.92702485772542,0.47694223142149605,5.0095166601283205,0.33240444863644875
cmaes,96,1258,9,2.0981539560573212,-2.0981539560573212,3.587903064032496,2.92702485772542,0.47694223142149605,5.0095166601283205,0.33240444863644875
cmaes,96,1259,10,3.0133196591448415,-3.0133196591448415,3.587903064032496,2.92702485772542,0.47694223142149605,5.0095166601283205,0.33240444863644875
cmaes,96,1260,11,2.4316833678715732,-2.4316833678715732,3.587903064032496,2.92702485772542,0.47694223142149605,5.0095166601283205,0.33240444863644875
cmaes,96,1261,12,3.3920575269687165,-3.3920575269687165,3.587903064032496,2.92702485772542,0.47694223142149605,5.0095166601283205,0.33240444863644875
cmaes,97,1262,0,4.141140899581175,-4.141140899581175,4.141140899581175,3.0043141721968216,0.6862054535255135,5.0095166601283205,0.32472135183771816
cmaes,97,1263,1,3.833291107207455,-3.833291107207455,4.141140899581175,3.0043141721968216,0.6862054535255135,5.0095166601283205,0.32472135183771816
cmaes,97,1264,2,2.7056557687951437,-2.7056557687951437,4.141140899581175,3.0043141721968216,0.6862054535255135,5.0095166601283205,0.32472135183771816
cmaes,97,1265,3,2.8809023712328923,-2.8809023712328923,4.141140899581175,3.0043141721968216,0.6862054535255135,5.0095166601283205,0.32472135183771816
cmaes,97,1266,4,2.994886792498288,-2.994886792498288,4.141140899581175,3.0043141721968216,0.6862054535255135,5.0095166601283205,0.32472135183771816
cmaes,97,1267,5,3.9432386919732223,-3.9432386919732223,4.141140899581175,3.0043141721968216,0.6862054535255135,5.0095166601283205,0.32472135183771816
cmaes,97,1268,6,2.35093332387783,-2.35093332387783,4.141140899581175,3.0043141721968216,0.6862054535255135,5.0095166601283205,0.32472135183771816
cmaes,97,1269,7,2.1952983156214243,-2.1952983156214243,4.141140899581175,3.0043141721968216,0.6862054535255135,5.0095166601283205,0.32472135183771816
cmaes,97,1270,8,2.007325195804093,-2.007325195804093,4.141140899581175,3.0043141721968216,0.6862054535255135,5.0095166601283205,0.32472135183771816
cmaes,97,1271,9,2.916655553470259,-2.916655553470259,4.141140899581175,3.0043141721968216,0.6862054535255135,5.0095166601283205,0.32472135183771816
cmaes,97,1272,10,3.215081628099316,-3.215081628099316,4.141140899581175,3.0043141721968216,0.6862054535255135,5.0095166601283205,0.32472135183771816
cmaes,97,1273,11,3.649579013058094,-3.649579013058094,4.141140899581175,3.0043141721968216,0.6862054535255135,5.0095166601283205,0.32472135183771816
cmaes,97,1274,12,2.222095577339485,-2.222095577339485,4.141140899581175,3.0043141721968216,0.6862054535255135,5.0095166601283205,0.32472135183771816
cmaes,98,1275,0,3.4342608301035384,-3.4342608301035384,3.8039294472084664,3.0817422374207344,0.47387593416199164,5.0095166601283205,0.3216767839143547
cmaes,98,1276,1,3.8039294472084664,-3.8039294472084664,3.8039294472084664,3.0817422374207344,0.47387593416199164,5.0095166601283205,0.3216767839143547
cmaes,98,1277,2,2.8684126848406093,-2.8684126848406093,3.8039294472084664,3.0817422374207344,0.47387593416199164,5.0095166601283205,0.3216767839143547
cmaes,98,1278,3,2.15377725654757,-2.15377725654757,3.8039294472084664,3.0817422374207344,0.47387593416199164,5.0095166601283205,0.3216767839143547
cmaes,98,1279,4,3.1078272297302423,-3.1078272297302423,3.8039294472084664,3.0817422374207344,0.47387593416199164,5.0095166601283205,0.3216767839143547
cmaes,98,1280,5,3.5512210153740957,-3.5512210153740957,3.8039294472084664,3.0817422374207344,0.47387593416199164,5.0095166601283205,0.3216767839143547
cmaes,98,1281,6,3.3181343450628793,-3.3181343450628793,3.8039294472084664,3.0817422374207344,0.47387593416199164,5.0095166601283205,0.3216767839143547
cmaes,98,1282,7,3.585001912100575,-3.585001912100575,3.8039294472084664,3.0817422374207344,0.47387593416199164,5.0095166601283205,0.3216767839143547
cmaes,98,1283,8,2.837243082025016,-2.837243082025016,3.8039294472084664,3.0817422374207344,0.47387593416199164,5.0095166601283205,0.3216767839143547
cmaes,98,1284,9,3.338904689696154,-3.338904689696154,3.8039294472084664,3.0817422374207344,0.47387593416199164,5.0095166601283205,0.3216767839143547
cmaes,98,1285,10,2.3318435551806584,-2.3318435551806584,3.8039294472084664,3.0817422374207344,0.47387593416199164,5.0095166601283205,0.3216767839143547
cmaes,98,1286,11,3.0322617761517545,-3.0322617761517545,3.8039294472084664,3.0817422374207344,0.47387593416199164,5.0095166601283205,0.3216767839143547
cmaes,98,1287,12,2.699831262447985,-2.699831262447985,3.8039294472084664,3.0817422374207344,0.47387593416199164,5.0095166601283205,0.3216767839143547
cmaes,99,1288,0,2.409474085399098,-2.409474085399098,2.9958912975259837,2.4077844803692776,0.32071662931092976,5.0095166601283205,0.31704158349546474
cmaes,99,1289,1,2.0220813938743434,-2.0220813938743434,2.9958912975259837,2.4077844803692776,0.32071662931092976,5.0095166601283205,0.31704158349546474
cmaes,99,1290,2,2.434319905232947,-2.434319905232947,2.9958912975259837,2.4077844803692776,0.32071662931092976,5.0095166601283205,0.31704158349546474
cmaes,99,1291,3,2.2725211037571946,-2.2725211037571946,2.9958912975259837,2.4077844803692776,0.32071662931092976,5.0095166601283205,0.31704158349546474
cmaes,99,1292,4,2.096631011051471,-2.096631011051471,2.9958912975259837,2.4077844803692776,0.32071662931092976,5.0095166601283205,0.31704158349546474
cmaes,99,1293,5,2.8013205943952006,-2.8013205943952006,2.9958912975259837,2.4077844803692776,0.32071662931092976,5.0095166601283205,0.31704158349546474
cmaes,99,1294,6,2.9958912975259837,-2.9958912975259837,2.9958912975259837,2.4077844803692776,0.32071662931092976,5.0095166601283205,0.31704158349546474
cmaes,99,1295,7,2.022713717523858,-2.022713717523858,2.9958912975259837,2.4077844803692776,0.32071662931092976,5.0095166601283205,0.31704158349546474
cmaes,99,1296,8,2.6609795390496633,-2.6609795390496633,2.9958912975259837,2.4077844803692776,0.32071662931092976,5.0095166601283205,0.31704158349546474
cmaes,99,1297,9,2.027986612290418,-2.027986612290418,2.9958912975259837,2.4077844803692776,0.32071662931092976,5.0095166601283205,0.31704158349546474
cmaes,99,1298,10,2.8304514020881903,-2.8304514020881903,2.9958912975259837,2.4077844803692776,0.32071662931092976,5.0095166601283205,0.31704158349546474
cmaes,99,1299,11,2.491131683844631,-2.491131683844631,2.9958912975259837,2.4077844803692776,0.32071662931092976,5.0095166601283205,0.31704158349546474
cmaes,99,1300,12,2.235695898767611,-2.235695898767611,2.9958912975259837,2.4077844803692776,0.32071662931092976,5.0095166601283205,0.31704158349546474
